Suite/Test/Step Name,Browser,Description,Tag,Start time,End time,Duration,Status
Positivos,Edge Chromium 131,,,2025-01-20 03:17:08,2025-01-20 04:49:42,1h - 32m - 34.870s,FAILED
,,,,,,,
Test Cases/Registro_Envíos/3. Positivas/1. Paquetes/Origen Lima/2.Girley/Geo sin seleccionar/6. Limpiar y digitar dirección,Edge Chromium 131,,,2025-01-20 03:17:08,2025-01-20 03:18:37,1m - 29.635s,PASSED
"callTestCase(findTestCase(""Registro_Envíos/1.Inicio/1.Principal/Principal-Home""), [:], STOP_ON_FAILURE)",Edge Chromium 131,,,2025-01-20 03:17:08,2025-01-20 03:17:13,5.159s,PASSED
"callTestCase(findTestCase(""Registro_Envíos/1.Inicio/1.Principal/Selecc_paquete""), [:], STOP_ON_FAILURE)",Edge Chromium 131,,,2025-01-20 03:17:13,2025-01-20 03:17:22,8.656s,PASSED
"callTestCase(findTestCase(""Registro_Envíos/1.Inicio/2.Login/4.LoginCE-Colab""), [:], STOP_ON_FAILURE)",Edge Chromium 131,,,2025-01-20 03:17:22,2025-01-20 03:17:24,2.085s,PASSED
"click(findTestObject(""Object Repository/Registro de envíos/Test cases/button_SeleccArt""), STOP_ON_FAILURE)",Edge Chromium 131,,,2025-01-20 03:17:24,2025-01-20 03:17:24,0.351s,PASSED
"click(findTestObject(""Object Repository/Registro de envíos/Test cases/span_ART_LIMP""), STOP_ON_FAILURE)",Edge Chromium 131,,,2025-01-20 03:17:24,2025-01-20 03:17:25,0.365s,PASSED
"setText(findTestObject(""Object Repository/Registro de envíos/Test cases/input_pqte_artic""), ""PRUEBA1"", STOP_ON_FAILURE)",Edge Chromium 131,,,2025-01-20 03:17:25,2025-01-20 03:17:25,0.650s,PASSED
"setText(findTestObject(""Object Repository/Registro de envíos/Test cases/input_pqte_val""), ""13"", STOP_ON_FAILURE)",Edge Chromium 131,,,2025-01-20 03:17:25,2025-01-20 03:17:26,0.636s,PASSED
"setText(findTestObject(""Object Repository/Registro de envíos/Test cases/input_pqte_larg""), ""12"", STOP_ON_FAILURE)",Edge Chromium 131,,,2025-01-20 03:17:26,2025-01-20 03:17:27,0.637s,PASSED
"setText(findTestObject(""Object Repository/Registro de envíos/Test cases/input_pqte_anch""), ""14"", STOP_ON_FAILURE)",Edge Chromium 131,,,2025-01-20 03:17:27,2025-01-20 03:17:27,0.636s,PASSED
"setText(findTestObject(""Object Repository/Registro de envíos/Test cases/input_pqte_alt""), ""15"", STOP_ON_FAILURE)",Edge Chromium 131,,,2025-01-20 03:17:27,2025-01-20 03:17:28,0.652s,PASSED
"setText(findTestObject(""Object Repository/Registro de envíos/Test cases/input_pqte_peso""), ""1"", STOP_ON_FAILURE)",Edge Chromium 131,,,2025-01-20 03:17:28,2025-01-20 03:17:28,0.629s,PASSED
"click(findTestObject(""Object Repository/Registro de envíos/Test cases/span_PuntPartid""), STOP_ON_FAILURE)",Edge Chromium 131,,,2025-01-20 03:17:28,2025-01-20 03:17:29,0.324s,PASSED
"click(findTestObject(""Object Repository/Registro de envíos/Test cases/a_LIMA""), STOP_ON_FAILURE)",Edge Chromium 131,,,2025-01-20 03:17:29,2025-01-20 03:17:29,0.338s,PASSED
"delay(3, STOP_ON_FAILURE)",Edge Chromium 131,,,2025-01-20 03:17:29,2025-01-20 03:17:32,3.008s,PASSED
"verifyElementPresent(findTestObject(""Object Repository/Registro de envíos/Test cases/div_PROMCOLAB""), 0, STOP_ON_FAILURE)",Edge Chromium 131,,,2025-01-20 03:17:32,2025-01-20 03:17:32,0.300s,PASSED
"click(findTestObject(""Object Repository/Registro de envíos/Test cases/span_""), STOP_ON_FAILURE)",Edge Chromium 131,,,2025-01-20 03:17:32,2025-01-20 03:17:33,0.385s,PASSED
"delay(3, STOP_ON_FAILURE)",Edge Chromium 131,,,2025-01-20 03:17:33,2025-01-20 03:17:36,3.017s,PASSED
"click(findTestObject(""Object Repository/Registro de envíos/Test cases/span_PuntLlegad""), STOP_ON_FAILURE)",Edge Chromium 131,,,2025-01-20 03:17:36,2025-01-20 03:17:36,0.412s,PASSED
"click(findTestObject(""Object Repository/Registro de envíos/Test cases/input_PuntLlegad""), STOP_ON_FAILURE)",Edge Chromium 131,,,2025-01-20 03:17:36,2025-01-20 03:17:37,0.351s,PASSED
"setText(findTestObject(""Object Repository/Registro de envíos/Test cases/input_PuntLlegad""), ""san borja"", STOP_ON_FAILURE)",Edge Chromium 131,,,2025-01-20 03:17:37,2025-01-20 03:17:38,1.007s,PASSED
"delay(4, STOP_ON_FAILURE)",Edge Chromium 131,,,2025-01-20 03:17:38,2025-01-20 03:17:42,4.013s,PASSED
"scrollToElement(findTestObject(""Object Repository/Registro de envíos/Test cases/span_LIM_SanBorj""), 0, STOP_ON_FAILURE)",Edge Chromium 131,,,2025-01-20 03:17:42,2025-01-20 03:17:42,0.383s,PASSED
"click(findTestObject(""Object Repository/Registro de envíos/Test cases/span_LIM_SanBorj""), STOP_ON_FAILURE)",Edge Chromium 131,,,2025-01-20 03:17:42,2025-01-20 03:17:42,0.462s,PASSED
"click(findTestObject(""Object Repository/Registro de envíos/Test cases/span_TipEntreg""), STOP_ON_FAILURE)",Edge Chromium 131,,,2025-01-20 03:17:42,2025-01-20 03:17:43,0.325s,PASSED
"click(findTestObject(""Object Repository/Registro de envíos/Test cases/a_EntregDomic""), STOP_ON_FAILURE)",Edge Chromium 131,,,2025-01-20 03:17:43,2025-01-20 03:17:44,1.655s,PASSED
"scrollToElement(findTestObject(""Object Repository/Registro de envíos/Test cases/input_dir_entreg""), 0, STOP_ON_FAILURE)",Edge Chromium 131,,,2025-01-20 03:17:44,2025-01-20 03:17:45,0.316s,PASSED
"setText(findTestObject(""Object Repository/Registro de envíos/Test cases/input_dir_entreg""), ""Los Eucaliptos, 555 - San Isidro, Lima"", STOP_ON_FAILURE)",Edge Chromium 131,,,2025-01-20 03:17:45,2025-01-20 03:17:46,0.783s,PASSED
"click(findTestObject(""Registro de envíos/Test cases/Girley/ClickFuera""))",Edge Chromium 131,,,2025-01-20 03:17:46,2025-01-20 03:17:48,2.458s,PASSED
"scrollToElement(findTestObject(""Object Repository/Registro de envíos/Test cases/input_dir_ref""), 0, STOP_ON_FAILURE)",Edge Chromium 131,,,2025-01-20 03:17:48,2025-01-20 03:17:48,0.300s,PASSED
"setText(findTestObject(""Object Repository/Registro de envíos/Test cases/input_dir_ref""), ""ABC"", STOP_ON_FAILURE)",Edge Chromium 131,,,2025-01-20 03:17:48,2025-01-20 03:17:49,0.637s,PASSED
delay(2),Edge Chromium 131,,,2025-01-20 03:17:49,2025-01-20 03:17:51,2.016s,PASSED
"click(findTestObject(""Registro de envíos/Test cases/Girley/Limpiar""))",Edge Chromium 131,,,2025-01-20 03:17:51,2025-01-20 03:17:51,0.335s,PASSED
delay(3),Edge Chromium 131,,,2025-01-20 03:17:51,2025-01-20 03:17:54,3.002s,PASSED
"setText(findTestObject(""Object Repository/Registro de envíos/Test cases/input_dir_entreg""), ""calle de las bellas artes 123"", STOP_ON_FAILURE)",Edge Chromium 131,,,2025-01-20 03:17:54,2025-01-20 03:17:55,0.755s,PASSED
"click(findTestObject(""Registro de envíos/Test cases/Girley/ClickFuera""))",Edge Chromium 131,,,2025-01-20 03:17:55,2025-01-20 03:17:56,1.043s,PASSED
"scrollToElement(findTestObject(""Object Repository/Registro de envíos/Test cases/input_dir_ref""), 0, STOP_ON_FAILURE)",Edge Chromium 131,,,2025-01-20 03:17:56,2025-01-20 03:17:56,0.303s,PASSED
"setText(findTestObject(""Object Repository/Registro de envíos/Test cases/input_dir_ref""), ""ABC"", STOP_ON_FAILURE)",Edge Chromium 131,,,2025-01-20 03:17:56,2025-01-20 03:17:57,0.650s,PASSED
delay(2),Edge Chromium 131,,,2025-01-20 03:17:57,2025-01-20 03:17:59,2.009s,PASSED
"scrollToElement(findTestObject(""Object Repository/Registro de envíos/Test cases/button_TipDocument""), 0, STOP_ON_FAILURE)",Edge Chromium 131,,,2025-01-20 03:17:59,2025-01-20 03:17:59,0.294s,PASSED
"click(findTestObject(""Object Repository/Registro de envíos/Test cases/button_TipDocument""), STOP_ON_FAILURE)",Edge Chromium 131,,,2025-01-20 03:17:59,2025-01-20 03:18:00,0.404s,PASSED
"click(findTestObject(""Object Repository/Registro de envíos/Test cases/a_DNI""), STOP_ON_FAILURE)",Edge Chromium 131,,,2025-01-20 03:18:00,2025-01-20 03:18:00,0.338s,PASSED
"setText(findTestObject(""Object Repository/Registro de envíos/Test cases/input_Consig_dni""), ""12345678"", STOP_ON_FAILURE)",Edge Chromium 131,,,2025-01-20 03:18:00,2025-01-20 03:18:01,0.639s,PASSED
"verifyElementPresent(findTestObject(""Object Repository/Registro de envíos/Test cases/div_PINTO""), 0, STOP_ON_FAILURE)",Edge Chromium 131,,,2025-01-20 03:18:01,2025-01-20 03:18:03,2.664s,PASSED
"scrollToElement(findTestObject(""Object Repository/Registro de envíos/Test cases/button_cntnuar(1)""), 0, STOP_ON_FAILURE)",Edge Chromium 131,,,2025-01-20 03:18:03,2025-01-20 03:18:04,0.313s,PASSED
"click(findTestObject(""Object Repository/Registro de envíos/Test cases/button_cntnuar(1)""), STOP_ON_FAILURE)",Edge Chromium 131,,,2025-01-20 03:18:04,2025-01-20 03:18:04,0.373s,PASSED
"verifyElementText(findTestObject(""Object Repository/Registro de envíos/Test cases/th_lima""), ""Lima"", STOP_ON_FAILURE)",Edge Chromium 131,,,2025-01-20 03:18:04,2025-01-20 03:18:16,11.683s,PASSED
"verifyElementText(findTestObject(""Object Repository/Registro de envíos/Test cases/th_EntregDomic""), ""Entrega A Domicilio"", STOP_ON_FAILURE)",Edge Chromium 131,,,2025-01-20 03:18:16,2025-01-20 03:18:16,0.300s,PASSED
"verifyElementPresent(findTestObject(""Object Repository/Registro de envíos/Test cases/th_7.30""), 0, STOP_ON_FAILURE)",Edge Chromium 131,,,2025-01-20 03:18:16,2025-01-20 03:18:16,0.296s,PASSED
"verifyElementPresent(findTestObject(""Object Repository/Registro de envíos/Test cases/th_0.00""), 0, STOP_ON_FAILURE)",Edge Chromium 131,,,2025-01-20 03:18:16,2025-01-20 03:18:17,0.288s,PASSED
"click(findTestObject(""Object Repository/Registro de envíos/Test cases/1-Principal/button_IR A PAGAR S 7.30""))",Edge Chromium 131,,,2025-01-20 03:18:17,2025-01-20 03:18:17,0.351s,PASSED
"callTestCase(findTestCase(""Registro_Envíos/1.Inicio/3.Pago_envíos/Pago_TDC""), [:], STOP_ON_FAILURE)",Edge Chromium 131,,,2025-01-20 03:18:17,2025-01-20 03:18:37,20.383s,PASSED
,,,,,,,
Test Cases/Registro_Envíos/3. Positivas/1. Paquetes/Origen Lima/2.Girley/Geo sin seleccionar/5. Dirección distinta al destino,Edge Chromium 131,,,2025-01-20 03:18:37,2025-01-20 03:19:58,1m - 20.706s,PASSED
"callTestCase(findTestCase(""Registro_Envíos/1.Inicio/1.Principal/Principal-Home""), [:], STOP_ON_FAILURE)",Edge Chromium 131,,,2025-01-20 03:18:38,2025-01-20 03:18:42,4.579s,PASSED
"callTestCase(findTestCase(""Registro_Envíos/1.Inicio/1.Principal/Selecc_paquete""), [:], STOP_ON_FAILURE)",Edge Chromium 131,,,2025-01-20 03:18:42,2025-01-20 03:18:51,8.432s,PASSED
"callTestCase(findTestCase(""Registro_Envíos/1.Inicio/2.Login/3.Login_CE""), [:], STOP_ON_FAILURE)",Edge Chromium 131,,,2025-01-20 03:18:51,2025-01-20 03:18:52,1.924s,PASSED
"click(findTestObject(""Object Repository/Registro de envíos/Test cases/button_SeleccArt""), STOP_ON_FAILURE)",Edge Chromium 131,,,2025-01-20 03:18:52,2025-01-20 03:18:53,0.322s,PASSED
"click(findTestObject(""Object Repository/Registro de envíos/Test cases/span_ART_LIMP""), STOP_ON_FAILURE)",Edge Chromium 131,,,2025-01-20 03:18:53,2025-01-20 03:18:53,0.347s,PASSED
"setText(findTestObject(""Object Repository/Registro de envíos/Test cases/input_pqte_artic""), ""PRUEBA1"", STOP_ON_FAILURE)",Edge Chromium 131,,,2025-01-20 03:18:53,2025-01-20 03:18:54,0.701s,PASSED
"setText(findTestObject(""Object Repository/Registro de envíos/Test cases/input_pqte_val""), ""13"", STOP_ON_FAILURE)",Edge Chromium 131,,,2025-01-20 03:18:54,2025-01-20 03:18:54,0.615s,PASSED
"setText(findTestObject(""Object Repository/Registro de envíos/Test cases/input_pqte_larg""), ""12"", STOP_ON_FAILURE)",Edge Chromium 131,,,2025-01-20 03:18:54,2025-01-20 03:18:55,0.638s,PASSED
"setText(findTestObject(""Object Repository/Registro de envíos/Test cases/input_pqte_anch""), ""14"", STOP_ON_FAILURE)",Edge Chromium 131,,,2025-01-20 03:18:55,2025-01-20 03:18:56,0.808s,PASSED
"setText(findTestObject(""Object Repository/Registro de envíos/Test cases/input_pqte_alt""), ""15"", STOP_ON_FAILURE)",Edge Chromium 131,,,2025-01-20 03:18:56,2025-01-20 03:18:57,0.618s,PASSED
"setText(findTestObject(""Object Repository/Registro de envíos/Test cases/input_pqte_peso""), ""1"", STOP_ON_FAILURE)",Edge Chromium 131,,,2025-01-20 03:18:57,2025-01-20 03:18:57,0.625s,PASSED
"click(findTestObject(""Object Repository/Registro de envíos/Test cases/span_PuntPartid""), STOP_ON_FAILURE)",Edge Chromium 131,,,2025-01-20 03:18:57,2025-01-20 03:18:57,0.325s,PASSED
"click(findTestObject(""Object Repository/Registro de envíos/Test cases/a_LIMA""), STOP_ON_FAILURE)",Edge Chromium 131,,,2025-01-20 03:18:57,2025-01-20 03:18:58,0.324s,PASSED
"delay(3, STOP_ON_FAILURE)",Edge Chromium 131,,,2025-01-20 03:18:58,2025-01-20 03:19:01,3.014s,PASSED
"click(findTestObject(""Object Repository/Registro de envíos/Test cases/span_PuntLlegad""), STOP_ON_FAILURE)",Edge Chromium 131,,,2025-01-20 03:19:01,2025-01-20 03:19:01,0.396s,PASSED
"click(findTestObject(""Object Repository/Registro de envíos/Test cases/input_PuntLlegad""), STOP_ON_FAILURE)",Edge Chromium 131,,,2025-01-20 03:19:01,2025-01-20 03:19:02,0.336s,PASSED
"setText(findTestObject(""Object Repository/Registro de envíos/Test cases/input_PuntLlegad""), ""san borja"", STOP_ON_FAILURE)",Edge Chromium 131,,,2025-01-20 03:19:02,2025-01-20 03:19:02,0.959s,PASSED
"delay(4, STOP_ON_FAILURE)",Edge Chromium 131,,,2025-01-20 03:19:02,2025-01-20 03:19:06,4.003s,PASSED
"scrollToElement(findTestObject(""Object Repository/Registro de envíos/Test cases/span_LIM_SanBorj""), 0, STOP_ON_FAILURE)",Edge Chromium 131,,,2025-01-20 03:19:06,2025-01-20 03:19:07,0.338s,PASSED
"click(findTestObject(""Object Repository/Registro de envíos/Test cases/span_LIM_SanBorj""), STOP_ON_FAILURE)",Edge Chromium 131,,,2025-01-20 03:19:07,2025-01-20 03:19:07,0.399s,PASSED
"click(findTestObject(""Object Repository/Registro de envíos/Test cases/span_TipEntreg""), STOP_ON_FAILURE)",Edge Chromium 131,,,2025-01-20 03:19:07,2025-01-20 03:19:08,0.322s,PASSED
"click(findTestObject(""Object Repository/Registro de envíos/Test cases/a_EntregDomic""), STOP_ON_FAILURE)",Edge Chromium 131,,,2025-01-20 03:19:08,2025-01-20 03:19:09,1.652s,PASSED
"scrollToElement(findTestObject(""Object Repository/Registro de envíos/Test cases/input_dir_entreg""), 0, STOP_ON_FAILURE)",Edge Chromium 131,,,2025-01-20 03:19:09,2025-01-20 03:19:10,0.314s,PASSED
"setText(findTestObject(""Object Repository/Registro de envíos/Test cases/input_dir_entreg""), ""Los Eucaliptos, 555 - San Isidro, Lima"", STOP_ON_FAILURE)",Edge Chromium 131,,,2025-01-20 03:19:10,2025-01-20 03:19:10,0.771s,PASSED
"click(findTestObject(""Registro de envíos/Test cases/Girley/ClickFuera""), STOP_ON_FAILURE)",Edge Chromium 131,,,2025-01-20 03:19:10,2025-01-20 03:19:12,1.895s,PASSED
"scrollToElement(findTestObject(""Object Repository/Registro de envíos/Test cases/input_dir_ref""), 0, STOP_ON_FAILURE)",Edge Chromium 131,,,2025-01-20 03:19:12,2025-01-20 03:19:12,0.306s,PASSED
"setText(findTestObject(""Object Repository/Registro de envíos/Test cases/input_dir_ref""), ""ABC"", STOP_ON_FAILURE)",Edge Chromium 131,,,2025-01-20 03:19:12,2025-01-20 03:19:13,0.715s,PASSED
"delay(2, STOP_ON_FAILURE)",Edge Chromium 131,,,2025-01-20 03:19:13,2025-01-20 03:19:15,2.016s,PASSED
"scrollToElement(findTestObject(""Object Repository/Registro de envíos/Test cases/button_TipDocument""), 0, STOP_ON_FAILURE)",Edge Chromium 131,,,2025-01-20 03:19:15,2025-01-20 03:19:16,0.307s,PASSED
"click(findTestObject(""Object Repository/Registro de envíos/Test cases/button_TipDocument""), STOP_ON_FAILURE)",Edge Chromium 131,,,2025-01-20 03:19:16,2025-01-20 03:19:16,0.312s,PASSED
"click(findTestObject(""Object Repository/Registro de envíos/Test cases/a_DNI""), STOP_ON_FAILURE)",Edge Chromium 131,,,2025-01-20 03:19:16,2025-01-20 03:19:16,0.324s,PASSED
"setText(findTestObject(""Object Repository/Registro de envíos/Test cases/input_Consig_dni""), ""12345678"", STOP_ON_FAILURE)",Edge Chromium 131,,,2025-01-20 03:19:16,2025-01-20 03:19:17,0.695s,PASSED
"verifyElementPresent(findTestObject(""Object Repository/Registro de envíos/Test cases/div_PINTO""), 0, STOP_ON_FAILURE)",Edge Chromium 131,,,2025-01-20 03:19:17,2025-01-20 03:19:24,7.218s,PASSED
"scrollToElement(findTestObject(""Object Repository/Registro de envíos/Test cases/button_cntnuar(1)""), 0, STOP_ON_FAILURE)",Edge Chromium 131,,,2025-01-20 03:19:24,2025-01-20 03:19:24,0.296s,PASSED
"click(findTestObject(""Object Repository/Registro de envíos/Test cases/button_cntnuar(1)""), STOP_ON_FAILURE)",Edge Chromium 131,,,2025-01-20 03:19:24,2025-01-20 03:19:25,0.345s,PASSED
"verifyElementText(findTestObject(""Object Repository/Registro de envíos/Test cases/th_lima""), ""Lima"", STOP_ON_FAILURE)",Edge Chromium 131,,,2025-01-20 03:19:25,2025-01-20 03:19:37,12.318s,PASSED
"verifyElementText(findTestObject(""Object Repository/Registro de envíos/Test cases/th_EntregDomic""), ""Entrega A Domicilio"", STOP_ON_FAILURE)",Edge Chromium 131,,,2025-01-20 03:19:37,2025-01-20 03:19:37,0.301s,PASSED
"verifyElementPresent(findTestObject(""Object Repository/Registro de envíos/Test cases/th_7.30""), 0, STOP_ON_FAILURE)",Edge Chromium 131,,,2025-01-20 03:19:37,2025-01-20 03:19:38,0.281s,PASSED
"verifyElementPresent(findTestObject(""Object Repository/Registro de envíos/Test cases/th_0.00""), 0, STOP_ON_FAILURE)",Edge Chromium 131,,,2025-01-20 03:19:38,2025-01-20 03:19:38,0.289s,PASSED
"click(findTestObject(""Object Repository/Registro de envíos/Test cases/1-Principal/button_IR A PAGAR S 7.30""), STOP_ON_FAILURE)",Edge Chromium 131,,,2025-01-20 03:19:38,2025-01-20 03:19:38,0.323s,PASSED
"callTestCase(findTestCase(""Registro_Envíos/1.Inicio/3.Pago_envíos/Pago_TDC""), [:], STOP_ON_FAILURE)",Edge Chromium 131,,,2025-01-20 03:19:38,2025-01-20 03:19:58,19.853s,PASSED
,,,,,,,
Test Cases/Registro_Envíos/3. Positivas/1. Paquetes/Origen Lima/2.Girley/Geo sin seleccionar/4. Dirección nueva,Edge Chromium 131,,,2025-01-20 03:19:58,2025-01-20 03:21:19,1m - 20.593s,PASSED
"callTestCase(findTestCase(""Registro_Envíos/1.Inicio/1.Principal/Principal-Home""), [:], STOP_ON_FAILURE)",Edge Chromium 131,,,2025-01-20 03:19:58,2025-01-20 03:20:03,4.357s,PASSED
"callTestCase(findTestCase(""Registro_Envíos/1.Inicio/1.Principal/Selecc_paquete""), [:], STOP_ON_FAILURE)",Edge Chromium 131,,,2025-01-20 03:20:03,2025-01-20 03:20:11,8.393s,PASSED
"callTestCase(findTestCase(""Registro_Envíos/1.Inicio/2.Login/1.Login_DNI""), [:], STOP_ON_FAILURE)",Edge Chromium 131,,,2025-01-20 03:20:11,2025-01-20 03:20:14,3.260s,PASSED
"click(findTestObject(""Object Repository/Registro de envíos/Test cases/button_SeleccArt""), STOP_ON_FAILURE)",Edge Chromium 131,,,2025-01-20 03:20:14,2025-01-20 03:20:15,0.319s,PASSED
"click(findTestObject(""Object Repository/Registro de envíos/Test cases/span_ART_LIMP""), STOP_ON_FAILURE)",Edge Chromium 131,,,2025-01-20 03:20:15,2025-01-20 03:20:15,0.343s,PASSED
"setText(findTestObject(""Object Repository/Registro de envíos/Test cases/input_pqte_artic""), ""PRUEBA1"", STOP_ON_FAILURE)",Edge Chromium 131,,,2025-01-20 03:20:15,2025-01-20 03:20:16,0.659s,PASSED
"setText(findTestObject(""Object Repository/Registro de envíos/Test cases/input_pqte_val""), ""13"", STOP_ON_FAILURE)",Edge Chromium 131,,,2025-01-20 03:20:16,2025-01-20 03:20:16,0.734s,PASSED
"setText(findTestObject(""Object Repository/Registro de envíos/Test cases/input_pqte_larg""), ""12"", STOP_ON_FAILURE)",Edge Chromium 131,,,2025-01-20 03:20:16,2025-01-20 03:20:17,0.691s,PASSED
"setText(findTestObject(""Object Repository/Registro de envíos/Test cases/input_pqte_anch""), ""14"", STOP_ON_FAILURE)",Edge Chromium 131,,,2025-01-20 03:20:17,2025-01-20 03:20:18,0.640s,PASSED
"setText(findTestObject(""Object Repository/Registro de envíos/Test cases/input_pqte_alt""), ""15"", STOP_ON_FAILURE)",Edge Chromium 131,,,2025-01-20 03:20:18,2025-01-20 03:20:18,0.703s,PASSED
"setText(findTestObject(""Object Repository/Registro de envíos/Test cases/input_pqte_peso""), ""1"", STOP_ON_FAILURE)",Edge Chromium 131,,,2025-01-20 03:20:18,2025-01-20 03:20:19,0.703s,PASSED
"click(findTestObject(""Object Repository/Registro de envíos/Test cases/span_PuntPartid""), STOP_ON_FAILURE)",Edge Chromium 131,,,2025-01-20 03:20:19,2025-01-20 03:20:19,0.326s,PASSED
"click(findTestObject(""Object Repository/Registro de envíos/Test cases/a_LIMA""), STOP_ON_FAILURE)",Edge Chromium 131,,,2025-01-20 03:20:19,2025-01-20 03:20:20,0.323s,PASSED
"delay(3, STOP_ON_FAILURE)",Edge Chromium 131,,,2025-01-20 03:20:20,2025-01-20 03:20:23,3.010s,PASSED
"click(findTestObject(""Object Repository/Registro de envíos/Test cases/span_PuntLlegad""), STOP_ON_FAILURE)",Edge Chromium 131,,,2025-01-20 03:20:23,2025-01-20 03:20:23,0.451s,PASSED
"click(findTestObject(""Object Repository/Registro de envíos/Test cases/input_PuntLlegad""), STOP_ON_FAILURE)",Edge Chromium 131,,,2025-01-20 03:20:23,2025-01-20 03:20:23,0.339s,PASSED
"setText(findTestObject(""Object Repository/Registro de envíos/Test cases/input_PuntLlegad""), ""san borja"", STOP_ON_FAILURE)",Edge Chromium 131,,,2025-01-20 03:20:23,2025-01-20 03:20:24,0.933s,PASSED
"delay(4, STOP_ON_FAILURE)",Edge Chromium 131,,,2025-01-20 03:20:24,2025-01-20 03:20:28,4.004s,PASSED
"scrollToElement(findTestObject(""Object Repository/Registro de envíos/Test cases/span_LIM_SanBorj""), 0, STOP_ON_FAILURE)",Edge Chromium 131,,,2025-01-20 03:20:28,2025-01-20 03:20:29,0.288s,PASSED
"click(findTestObject(""Object Repository/Registro de envíos/Test cases/span_LIM_SanBorj""), STOP_ON_FAILURE)",Edge Chromium 131,,,2025-01-20 03:20:29,2025-01-20 03:20:29,0.410s,PASSED
"click(findTestObject(""Object Repository/Registro de envíos/Test cases/span_TipEntreg""), STOP_ON_FAILURE)",Edge Chromium 131,,,2025-01-20 03:20:29,2025-01-20 03:20:29,0.355s,PASSED
"click(findTestObject(""Object Repository/Registro de envíos/Test cases/a_EntregDomic""), STOP_ON_FAILURE)",Edge Chromium 131,,,2025-01-20 03:20:29,2025-01-20 03:20:31,1.588s,PASSED
"scrollToElement(findTestObject(""Object Repository/Registro de envíos/Test cases/input_dir_entreg""), 0, STOP_ON_FAILURE)",Edge Chromium 131,,,2025-01-20 03:20:31,2025-01-20 03:20:31,0.313s,PASSED
"setText(findTestObject(""Object Repository/Registro de envíos/Test cases/input_dir_entreg""), ""Calle De Las Bellas Artes 122, San Borja, Lima, Lima, Perú"", STOP_ON_FAILURE)",Edge Chromium 131,,,2025-01-20 03:20:31,2025-01-20 03:20:32,0.829s,PASSED
"click(findTestObject(""Registro de envíos/Test cases/Girley/ClickFuera""))",Edge Chromium 131,,,2025-01-20 03:20:32,2025-01-20 03:20:35,2.643s,PASSED
"scrollToElement(findTestObject(""Object Repository/Registro de envíos/Test cases/input_dir_ref""), 0, STOP_ON_FAILURE)",Edge Chromium 131,,,2025-01-20 03:20:35,2025-01-20 03:20:35,0.319s,PASSED
"setText(findTestObject(""Object Repository/Registro de envíos/Test cases/input_dir_ref""), ""ABC"", STOP_ON_FAILURE)",Edge Chromium 131,,,2025-01-20 03:20:35,2025-01-20 03:20:36,0.628s,PASSED
"scrollToElement(findTestObject(""Object Repository/Registro de envíos/Test cases/button_TipDocument""), 0, STOP_ON_FAILURE)",Edge Chromium 131,,,2025-01-20 03:20:36,2025-01-20 03:20:36,0.315s,PASSED
"click(findTestObject(""Object Repository/Registro de envíos/Test cases/button_TipDocument""), STOP_ON_FAILURE)",Edge Chromium 131,,,2025-01-20 03:20:36,2025-01-20 03:20:36,0.330s,PASSED
"click(findTestObject(""Object Repository/Registro de envíos/Test cases/a_DNI""), STOP_ON_FAILURE)",Edge Chromium 131,,,2025-01-20 03:20:36,2025-01-20 03:20:37,0.336s,PASSED
"setText(findTestObject(""Object Repository/Registro de envíos/Test cases/input_Consig_dni""), ""12345678"", STOP_ON_FAILURE)",Edge Chromium 131,,,2025-01-20 03:20:37,2025-01-20 03:20:38,0.758s,PASSED
"verifyElementPresent(findTestObject(""Object Repository/Registro de envíos/Test cases/div_PINTO""), 0, STOP_ON_FAILURE)",Edge Chromium 131,,,2025-01-20 03:20:38,2025-01-20 03:20:45,7.417s,PASSED
"scrollToElement(findTestObject(""Object Repository/Registro de envíos/Test cases/button_cntnuar(1)""), 0, STOP_ON_FAILURE)",Edge Chromium 131,,,2025-01-20 03:20:45,2025-01-20 03:20:45,0.297s,PASSED
"click(findTestObject(""Object Repository/Registro de envíos/Test cases/button_cntnuar(1)""), STOP_ON_FAILURE)",Edge Chromium 131,,,2025-01-20 03:20:45,2025-01-20 03:20:46,0.370s,PASSED
"verifyElementText(findTestObject(""Object Repository/Registro de envíos/Test cases/th_lima""), ""Lima"", STOP_ON_FAILURE)",Edge Chromium 131,,,2025-01-20 03:20:46,2025-01-20 03:20:57,11.397s,PASSED
"verifyElementText(findTestObject(""Object Repository/Registro de envíos/Test cases/th_EntregDomic""), ""Entrega A Domicilio"", STOP_ON_FAILURE)",Edge Chromium 131,,,2025-01-20 03:20:57,2025-01-20 03:20:57,0.289s,PASSED
"verifyElementPresent(findTestObject(""Object Repository/Registro de envíos/Test cases/th_7.30""), 0, STOP_ON_FAILURE)",Edge Chromium 131,,,2025-01-20 03:20:57,2025-01-20 03:20:58,0.281s,PASSED
"verifyElementPresent(findTestObject(""Object Repository/Registro de envíos/Test cases/th_0.00""), 0, STOP_ON_FAILURE)",Edge Chromium 131,,,2025-01-20 03:20:58,2025-01-20 03:20:58,0.290s,PASSED
"click(findTestObject(""Object Repository/Registro de envíos/Test cases/1-Principal/button_IR A PAGAR S 7.30""))",Edge Chromium 131,,,2025-01-20 03:20:58,2025-01-20 03:20:58,0.321s,PASSED
"callTestCase(findTestCase(""Registro_Envíos/1.Inicio/3.Pago_envíos/Pago_TDC""), [:], STOP_ON_FAILURE)",Edge Chromium 131,,,2025-01-20 03:20:58,2025-01-20 03:21:19,20.471s,PASSED
,,,,,,,
Test Cases/Registro_Envíos/3. Positivas/1. Paquetes/Origen Lima/2.Girley/Geo sin seleccionar/3. Cambio por dirección a tienda,Edge Chromium 131,,,2025-01-20 03:21:19,2025-01-20 03:22:28,1m - 9.194s,PASSED
"callTestCase(findTestCase(""Registro_Envíos/1.Inicio/1.Principal/Principal-Home""), [:], STOP_ON_FAILURE)",Edge Chromium 131,,,2025-01-20 03:21:19,2025-01-20 03:21:24,5.019s,PASSED
"callTestCase(findTestCase(""Registro_Envíos/1.Inicio/1.Principal/Selecc_paquete""), [:], STOP_ON_FAILURE)",Edge Chromium 131,,,2025-01-20 03:21:24,2025-01-20 03:21:32,8.337s,PASSED
"callTestCase(findTestCase(""Registro_Envíos/1.Inicio/2.Login/1.Login_DNI""), [:], STOP_ON_FAILURE)",Edge Chromium 131,,,2025-01-20 03:21:32,2025-01-20 03:21:35,3.033s,PASSED
"click(findTestObject(""Object Repository/Registro de envíos/Test cases/button_SeleccArt""), STOP_ON_FAILURE)",Edge Chromium 131,,,2025-01-20 03:21:35,2025-01-20 03:21:36,0.335s,PASSED
"click(findTestObject(""Object Repository/Registro de envíos/Test cases/span_ART_LIMP""), STOP_ON_FAILURE)",Edge Chromium 131,,,2025-01-20 03:21:36,2025-01-20 03:21:36,0.329s,PASSED
"setText(findTestObject(""Object Repository/Registro de envíos/Test cases/input_pqte_artic""), ""PRUEBA1"", STOP_ON_FAILURE)",Edge Chromium 131,,,2025-01-20 03:21:36,2025-01-20 03:21:37,0.644s,PASSED
"setText(findTestObject(""Object Repository/Registro de envíos/Test cases/input_pqte_val""), ""13"", STOP_ON_FAILURE)",Edge Chromium 131,,,2025-01-20 03:21:37,2025-01-20 03:21:37,0.631s,PASSED
"setText(findTestObject(""Object Repository/Registro de envíos/Test cases/input_pqte_larg""), ""12"", STOP_ON_FAILURE)",Edge Chromium 131,,,2025-01-20 03:21:37,2025-01-20 03:21:38,0.622s,PASSED
"setText(findTestObject(""Object Repository/Registro de envíos/Test cases/input_pqte_anch""), ""14"", STOP_ON_FAILURE)",Edge Chromium 131,,,2025-01-20 03:21:38,2025-01-20 03:21:38,0.625s,PASSED
"setText(findTestObject(""Object Repository/Registro de envíos/Test cases/input_pqte_alt""), ""15"", STOP_ON_FAILURE)",Edge Chromium 131,,,2025-01-20 03:21:38,2025-01-20 03:21:39,0.617s,PASSED
"setText(findTestObject(""Object Repository/Registro de envíos/Test cases/input_pqte_peso""), ""1"", STOP_ON_FAILURE)",Edge Chromium 131,,,2025-01-20 03:21:39,2025-01-20 03:21:40,0.634s,PASSED
"click(findTestObject(""Object Repository/Registro de envíos/Test cases/span_PuntPartid""), STOP_ON_FAILURE)",Edge Chromium 131,,,2025-01-20 03:21:40,2025-01-20 03:21:40,0.325s,PASSED
"click(findTestObject(""Object Repository/Registro de envíos/Test cases/a_LIMA""), STOP_ON_FAILURE)",Edge Chromium 131,,,2025-01-20 03:21:40,2025-01-20 03:21:40,0.329s,PASSED
"click(findTestObject(""Object Repository/Registro de envíos/Test cases/span_PuntLlegad""), STOP_ON_FAILURE)",Edge Chromium 131,,,2025-01-20 03:21:40,2025-01-20 03:21:42,1.688s,PASSED
"click(findTestObject(""Object Repository/Registro de envíos/Test cases/input_PuntLlegad""), STOP_ON_FAILURE)",Edge Chromium 131,,,2025-01-20 03:21:42,2025-01-20 03:21:42,0.376s,PASSED
"setText(findTestObject(""Object Repository/Registro de envíos/Test cases/input_PuntLlegad""), ""san borja"", STOP_ON_FAILURE)",Edge Chromium 131,,,2025-01-20 03:21:42,2025-01-20 03:21:43,0.921s,PASSED
"delay(4, STOP_ON_FAILURE)",Edge Chromium 131,,,2025-01-20 03:21:43,2025-01-20 03:21:47,4.013s,PASSED
"scrollToElement(findTestObject(""Object Repository/Registro de envíos/Test cases/span_LIM_SanBorj""), 0, STOP_ON_FAILURE)",Edge Chromium 131,,,2025-01-20 03:21:47,2025-01-20 03:21:48,0.295s,PASSED
"click(findTestObject(""Object Repository/Registro de envíos/Test cases/span_LIM_SanBorj""), STOP_ON_FAILURE)",Edge Chromium 131,,,2025-01-20 03:21:48,2025-01-20 03:21:48,0.402s,PASSED
"click(findTestObject(""Object Repository/Registro de envíos/Test cases/span_TipEntreg""), STOP_ON_FAILURE)",Edge Chromium 131,,,2025-01-20 03:21:48,2025-01-20 03:21:48,0.323s,PASSED
"click(findTestObject(""Object Repository/Registro de envíos/Test cases/a_EntregDomic""), STOP_ON_FAILURE)",Edge Chromium 131,,,2025-01-20 03:21:48,2025-01-20 03:21:50,1.625s,PASSED
"scrollToElement(findTestObject(""Object Repository/Registro de envíos/Test cases/input_dir_entreg""), 0, STOP_ON_FAILURE)",Edge Chromium 131,,,2025-01-20 03:21:50,2025-01-20 03:21:50,0.311s,PASSED
"setText(findTestObject(""Object Repository/Registro de envíos/Test cases/input_dir_entreg""), ""COMANDANTE ESPINAR 659, MIRAFLORES, LIMA, LIMA, PERU"", STOP_ON_FAILURE)",Edge Chromium 131,,,2025-01-20 03:21:50,2025-01-20 03:21:51,0.836s,PASSED
delay(3),Edge Chromium 131,,,2025-01-20 03:21:51,2025-01-20 03:21:54,3.005s,PASSED
"click(findTestObject(""Registro de envíos/Test cases/Girley/ClickFuera""))",Edge Chromium 131,,,2025-01-20 03:21:54,2025-01-20 03:21:54,0.328s,PASSED
delay(2),Edge Chromium 131,,,2025-01-20 03:21:54,2025-01-20 03:21:56,2.009s,PASSED
"scrollToElement(findTestObject(""Object Repository/Registro de envíos/Test cases/input_dir_ref""), 0, STOP_ON_FAILURE)",Edge Chromium 131,,,2025-01-20 03:21:56,2025-01-20 03:21:57,0.297s,PASSED
"setText(findTestObject(""Object Repository/Registro de envíos/Test cases/input_dir_ref""), ""ABC"", STOP_ON_FAILURE)",Edge Chromium 131,,,2025-01-20 03:21:57,2025-01-20 03:21:57,0.705s,PASSED
delay(2),Edge Chromium 131,,,2025-01-20 03:21:57,2025-01-20 03:21:59,2.015s,PASSED
"scrollToElement(findTestObject(""Object Repository/Registro de envíos/Test cases/button_TipDocument""), 0, STOP_ON_FAILURE)",Edge Chromium 131,,,2025-01-20 03:21:59,2025-01-20 03:22:00,0.297s,PASSED
"click(findTestObject(""Object Repository/Registro de envíos/Test cases/button_TipDocument""), STOP_ON_FAILURE)",Edge Chromium 131,,,2025-01-20 03:22:00,2025-01-20 03:22:00,0.324s,PASSED
"click(findTestObject(""Object Repository/Registro de envíos/Test cases/a_DNI""), STOP_ON_FAILURE)",Edge Chromium 131,,,2025-01-20 03:22:00,2025-01-20 03:22:00,0.338s,PASSED
"setText(findTestObject(""Object Repository/Registro de envíos/Test cases/input_Consig_dni""), ""12345678"", STOP_ON_FAILURE)",Edge Chromium 131,,,2025-01-20 03:22:00,2025-01-20 03:22:01,0.660s,PASSED
"verifyElementPresent(findTestObject(""Object Repository/Registro de envíos/Test cases/div_PINTO""), 0, STOP_ON_FAILURE)",Edge Chromium 131,,,2025-01-20 03:22:01,2025-01-20 03:22:04,2.736s,PASSED
"scrollToElement(findTestObject(""Object Repository/Registro de envíos/Test cases/button_cntnuar(1)""), 0, STOP_ON_FAILURE)",Edge Chromium 131,,,2025-01-20 03:22:04,2025-01-20 03:22:04,0.299s,PASSED
"click(findTestObject(""Object Repository/Registro de envíos/Test cases/button_cntnuar(1)""), STOP_ON_FAILURE)",Edge Chromium 131,,,2025-01-20 03:22:04,2025-01-20 03:22:04,0.345s,PASSED
delay(6),Edge Chromium 131,,,2025-01-20 03:22:04,2025-01-20 03:22:10,6.002s,PASSED
"verifyElementText(findTestObject(""Object Repository/Registro de envíos/Test cases/th_lima""), ""Lima"", STOP_ON_FAILURE)",Edge Chromium 131,,,2025-01-20 03:22:10,2025-01-20 03:22:14,3.356s,PASSED
"verifyElementPresent(findTestObject(""Object Repository/Registro de envíos/Test cases/th_7.30""), 0, STOP_ON_FAILURE)",Edge Chromium 131,,,2025-01-20 03:22:14,2025-01-20 03:22:14,0.292s,PASSED
"verifyElementPresent(findTestObject(""Object Repository/Registro de envíos/Test cases/th_0.00""), 0, STOP_ON_FAILURE)",Edge Chromium 131,,,2025-01-20 03:22:14,2025-01-20 03:22:14,0.289s,PASSED
"click(findTestObject(""Object Repository/Registro de envíos/Test cases/1-Principal/button_IR A PAGAR S 7.30""))",Edge Chromium 131,,,2025-01-20 03:22:14,2025-01-20 03:22:15,0.324s,PASSED
"callTestCase(findTestCase(""Registro_Envíos/1.Inicio/3.Pago_envíos/Pago_Tienda""), [:], STOP_ON_FAILURE)",Edge Chromium 131,,,2025-01-20 03:22:15,2025-01-20 03:22:28,13.148s,PASSED
,,,,,,,
Test Cases/Registro_Envíos/3. Positivas/1. Paquetes/Origen Lima/2.Girley/Geo sin seleccionar/2. Dirección callao,Edge Chromium 131,,,2025-01-20 03:22:28,2025-01-20 03:23:46,1m - 18.048s,PASSED
"callTestCase(findTestCase(""Registro_Envíos/1.Inicio/1.Principal/Principal-Home""), [:], STOP_ON_FAILURE)",Edge Chromium 131,,,2025-01-20 03:22:28,2025-01-20 03:22:33,4.500s,PASSED
"callTestCase(findTestCase(""Registro_Envíos/1.Inicio/1.Principal/Selecc_paquete""), [:], STOP_ON_FAILURE)",Edge Chromium 131,,,2025-01-20 03:22:33,2025-01-20 03:22:41,8.354s,PASSED
"callTestCase(findTestCase(""Registro_Envíos/1.Inicio/2.Login/6.LoginRUC10""), [:], STOP_ON_FAILURE)",Edge Chromium 131,,,2025-01-20 03:22:41,2025-01-20 03:22:44,3.209s,PASSED
"click(findTestObject(""Object Repository/Registro de envíos/Test cases/button_SeleccArt""), STOP_ON_FAILURE)",Edge Chromium 131,,,2025-01-20 03:22:44,2025-01-20 03:22:44,0.322s,PASSED
"click(findTestObject(""Object Repository/Registro de envíos/Test cases/span_ART_LIMP""), STOP_ON_FAILURE)",Edge Chromium 131,,,2025-01-20 03:22:44,2025-01-20 03:22:45,0.330s,PASSED
"setText(findTestObject(""Object Repository/Registro de envíos/Test cases/input_pqte_artic""), ""PRUEBA1"", STOP_ON_FAILURE)",Edge Chromium 131,,,2025-01-20 03:22:45,2025-01-20 03:22:45,0.637s,PASSED
"setText(findTestObject(""Object Repository/Registro de envíos/Test cases/input_pqte_val""), ""13"", STOP_ON_FAILURE)",Edge Chromium 131,,,2025-01-20 03:22:45,2025-01-20 03:22:46,0.717s,PASSED
"setText(findTestObject(""Object Repository/Registro de envíos/Test cases/input_pqte_larg""), ""12"", STOP_ON_FAILURE)",Edge Chromium 131,,,2025-01-20 03:22:46,2025-01-20 03:22:47,0.658s,PASSED
"setText(findTestObject(""Object Repository/Registro de envíos/Test cases/input_pqte_anch""), ""14"", STOP_ON_FAILURE)",Edge Chromium 131,,,2025-01-20 03:22:47,2025-01-20 03:22:47,0.613s,PASSED
"setText(findTestObject(""Object Repository/Registro de envíos/Test cases/input_pqte_alt""), ""15"", STOP_ON_FAILURE)",Edge Chromium 131,,,2025-01-20 03:22:47,2025-01-20 03:22:48,0.622s,PASSED
"setText(findTestObject(""Object Repository/Registro de envíos/Test cases/input_pqte_peso""), ""1"", STOP_ON_FAILURE)",Edge Chromium 131,,,2025-01-20 03:22:48,2025-01-20 03:22:49,0.623s,PASSED
"click(findTestObject(""Object Repository/Registro de envíos/Test cases/span_PuntPartid""), STOP_ON_FAILURE)",Edge Chromium 131,,,2025-01-20 03:22:49,2025-01-20 03:22:49,0.324s,PASSED
"click(findTestObject(""Object Repository/Registro de envíos/Test cases/a_LIMA""), STOP_ON_FAILURE)",Edge Chromium 131,,,2025-01-20 03:22:49,2025-01-20 03:22:49,0.329s,PASSED
"click(findTestObject(""Object Repository/Registro de envíos/Test cases/span_PuntLlegad""), STOP_ON_FAILURE)",Edge Chromium 131,,,2025-01-20 03:22:49,2025-01-20 03:22:51,1.732s,PASSED
"delay(3, STOP_ON_FAILURE)",Edge Chromium 131,,,2025-01-20 03:22:51,2025-01-20 03:22:54,3.009s,PASSED
"click(findTestObject(""Object Repository/Registro de envíos/Test cases/input_PuntLlegad""), STOP_ON_FAILURE)",Edge Chromium 131,,,2025-01-20 03:22:54,2025-01-20 03:22:54,0.343s,PASSED
"setText(findTestObject(""Object Repository/Registro de envíos/Test cases/input_PuntLlegad""), ""san borja"", STOP_ON_FAILURE)",Edge Chromium 131,,,2025-01-20 03:22:54,2025-01-20 03:22:55,0.971s,PASSED
"delay(4, STOP_ON_FAILURE)",Edge Chromium 131,,,2025-01-20 03:22:55,2025-01-20 03:22:59,4.010s,PASSED
"scrollToElement(findTestObject(""Object Repository/Registro de envíos/Test cases/span_LIM_SanBorj""), 0, STOP_ON_FAILURE)",Edge Chromium 131,,,2025-01-20 03:22:59,2025-01-20 03:23:00,0.327s,PASSED
"click(findTestObject(""Object Repository/Registro de envíos/Test cases/span_LIM_SanBorj""), STOP_ON_FAILURE)",Edge Chromium 131,,,2025-01-20 03:23:00,2025-01-20 03:23:00,0.449s,PASSED
"click(findTestObject(""Object Repository/Registro de envíos/Test cases/span_TipEntreg""), STOP_ON_FAILURE)",Edge Chromium 131,,,2025-01-20 03:23:00,2025-01-20 03:23:01,0.442s,PASSED
"click(findTestObject(""Object Repository/Registro de envíos/Test cases/a_EntregDomic""), STOP_ON_FAILURE)",Edge Chromium 131,,,2025-01-20 03:23:01,2025-01-20 03:23:02,1.617s,PASSED
"scrollToElement(findTestObject(""Object Repository/Registro de envíos/Test cases/input_dir_entreg""), 0, STOP_ON_FAILURE)",Edge Chromium 131,,,2025-01-20 03:23:02,2025-01-20 03:23:02,0.302s,PASSED
"setText(findTestObject(""Object Repository/Registro de envíos/Test cases/input_dir_entreg""), ""Jr. Atahualpa No 602, Callao, Callao"", STOP_ON_FAILURE)",Edge Chromium 131,,,2025-01-20 03:23:02,2025-01-20 03:23:03,0.772s,PASSED
"click(findTestObject(""Registro de envíos/Test cases/Girley/ClickFuera""))",Edge Chromium 131,,,2025-01-20 03:23:03,2025-01-20 03:23:05,1.812s,PASSED
"scrollToElement(findTestObject(""Object Repository/Registro de envíos/Test cases/input_dir_ref""), 0, STOP_ON_FAILURE)",Edge Chromium 131,,,2025-01-20 03:23:05,2025-01-20 03:23:05,0.297s,PASSED
"setText(findTestObject(""Object Repository/Registro de envíos/Test cases/input_dir_ref""), ""ABC"", STOP_ON_FAILURE)",Edge Chromium 131,,,2025-01-20 03:23:05,2025-01-20 03:23:06,0.629s,PASSED
"scrollToElement(findTestObject(""Object Repository/Registro de envíos/Test cases/button_TipDocument""), 0, STOP_ON_FAILURE)",Edge Chromium 131,,,2025-01-20 03:23:06,2025-01-20 03:23:06,0.298s,PASSED
"click(findTestObject(""Object Repository/Registro de envíos/Test cases/button_TipDocument""), STOP_ON_FAILURE)",Edge Chromium 131,,,2025-01-20 03:23:06,2025-01-20 03:23:07,0.325s,PASSED
"click(findTestObject(""Object Repository/Registro de envíos/Test cases/a_DNI""), STOP_ON_FAILURE)",Edge Chromium 131,,,2025-01-20 03:23:07,2025-01-20 03:23:07,0.322s,PASSED
"setText(findTestObject(""Object Repository/Registro de envíos/Test cases/input_Consig_dni""), ""12345678"", STOP_ON_FAILURE)",Edge Chromium 131,,,2025-01-20 03:23:07,2025-01-20 03:23:08,0.641s,PASSED
"verifyElementPresent(findTestObject(""Object Repository/Registro de envíos/Test cases/div_PINTO""), 0, STOP_ON_FAILURE)",Edge Chromium 131,,,2025-01-20 03:23:08,2025-01-20 03:23:14,6.640s,PASSED
"scrollToElement(findTestObject(""Object Repository/Registro de envíos/Test cases/button_cntnuar(1)""), 0, STOP_ON_FAILURE)",Edge Chromium 131,,,2025-01-20 03:23:14,2025-01-20 03:23:14,0.299s,PASSED
"click(findTestObject(""Object Repository/Registro de envíos/Test cases/button_cntnuar(1)""), STOP_ON_FAILURE)",Edge Chromium 131,,,2025-01-20 03:23:14,2025-01-20 03:23:15,0.344s,PASSED
"verifyElementText(findTestObject(""Object Repository/Registro de envíos/Test cases/th_lima""), ""Lima"", STOP_ON_FAILURE)",Edge Chromium 131,,,2025-01-20 03:23:15,2025-01-20 03:23:25,10.100s,PASSED
"verifyElementText(findTestObject(""Object Repository/Registro de envíos/Test cases/th_EntregDomic""), ""Entrega A Domicilio"", STOP_ON_FAILURE)",Edge Chromium 131,,,2025-01-20 03:23:25,2025-01-20 03:23:25,0.301s,PASSED
"verifyElementPresent(findTestObject(""Object Repository/Registro de envíos/Test cases/th_7.30""), 0, STOP_ON_FAILURE)",Edge Chromium 131,,,2025-01-20 03:23:25,2025-01-20 03:23:26,0.280s,PASSED
"verifyElementPresent(findTestObject(""Object Repository/Registro de envíos/Test cases/th_0.00""), 0, STOP_ON_FAILURE)",Edge Chromium 131,,,2025-01-20 03:23:26,2025-01-20 03:23:26,0.290s,PASSED
"click(findTestObject(""Object Repository/Registro de envíos/Test cases/1-Principal/button_IR A PAGAR S 7.30""))",Edge Chromium 131,,,2025-01-20 03:23:26,2025-01-20 03:23:26,0.325s,PASSED
"callTestCase(findTestCase(""Registro_Envíos/1.Inicio/3.Pago_envíos/Pago_TDC""), [:], STOP_ON_FAILURE)",Edge Chromium 131,,,2025-01-20 03:23:26,2025-01-20 03:23:46,19.787s,PASSED
,,,,,,,
Test Cases/Registro_Envíos/3. Positivas/1. Paquetes/Origen Lima/2.Girley/Geo sin seleccionar/1.Destin_Lima,Edge Chromium 131,,,2025-01-20 03:23:46,2025-01-20 03:24:49,1m - 3.234s,PASSED
"callTestCase(findTestCase(""Registro_Envíos/1.Inicio/1.Principal/Principal-Home""), [:], STOP_ON_FAILURE)",Edge Chromium 131,,,2025-01-20 03:23:46,2025-01-20 03:23:51,5.032s,PASSED
"callTestCase(findTestCase(""Registro_Envíos/1.Inicio/1.Principal/Selecc_paquete""), [:], STOP_ON_FAILURE)",Edge Chromium 131,,,2025-01-20 03:23:51,2025-01-20 03:23:59,8.390s,PASSED
"callTestCase(findTestCase(""Registro_Envíos/1.Inicio/2.Login/1.Login_DNI""), [:], STOP_ON_FAILURE)",Edge Chromium 131,,,2025-01-20 03:23:59,2025-01-20 03:24:03,3.806s,PASSED
"click(findTestObject(""Object Repository/Registro de envíos/Test cases/button_SeleccArt""), STOP_ON_FAILURE)",Edge Chromium 131,,,2025-01-20 03:24:03,2025-01-20 03:24:04,0.321s,PASSED
"click(findTestObject(""Object Repository/Registro de envíos/Test cases/span_ART_LIMP""), STOP_ON_FAILURE)",Edge Chromium 131,,,2025-01-20 03:24:04,2025-01-20 03:24:04,0.328s,PASSED
"setText(findTestObject(""Object Repository/Registro de envíos/Test cases/input_pqte_artic""), ""PRUEBA1"", STOP_ON_FAILURE)",Edge Chromium 131,,,2025-01-20 03:24:04,2025-01-20 03:24:05,0.649s,PASSED
"setText(findTestObject(""Object Repository/Registro de envíos/Test cases/input_pqte_val""), ""13"", STOP_ON_FAILURE)",Edge Chromium 131,,,2025-01-20 03:24:05,2025-01-20 03:24:05,0.704s,PASSED
"setText(findTestObject(""Object Repository/Registro de envíos/Test cases/input_pqte_larg""), ""12"", STOP_ON_FAILURE)",Edge Chromium 131,,,2025-01-20 03:24:05,2025-01-20 03:24:06,0.627s,PASSED
"setText(findTestObject(""Object Repository/Registro de envíos/Test cases/input_pqte_anch""), ""14"", STOP_ON_FAILURE)",Edge Chromium 131,,,2025-01-20 03:24:06,2025-01-20 03:24:07,0.619s,PASSED
"setText(findTestObject(""Object Repository/Registro de envíos/Test cases/input_pqte_alt""), ""15"", STOP_ON_FAILURE)",Edge Chromium 131,,,2025-01-20 03:24:07,2025-01-20 03:24:07,0.628s,PASSED
"setText(findTestObject(""Object Repository/Registro de envíos/Test cases/input_pqte_peso""), ""1"", STOP_ON_FAILURE)",Edge Chromium 131,,,2025-01-20 03:24:07,2025-01-20 03:24:08,0.627s,PASSED
"click(findTestObject(""Object Repository/Registro de envíos/Test cases/span_PuntPartid""), STOP_ON_FAILURE)",Edge Chromium 131,,,2025-01-20 03:24:08,2025-01-20 03:24:08,0.326s,PASSED
"click(findTestObject(""Object Repository/Registro de envíos/Test cases/a_LIMA""), STOP_ON_FAILURE)",Edge Chromium 131,,,2025-01-20 03:24:08,2025-01-20 03:24:08,0.342s,PASSED
"click(findTestObject(""Object Repository/Registro de envíos/Test cases/span_PuntLlegad""), STOP_ON_FAILURE)",Edge Chromium 131,,,2025-01-20 03:24:08,2025-01-20 03:24:10,1.706s,PASSED
"delay(3, STOP_ON_FAILURE)",Edge Chromium 131,,,2025-01-20 03:24:10,2025-01-20 03:24:13,3.006s,PASSED
"click(findTestObject(""Object Repository/Registro de envíos/Test cases/input_PuntLlegad""), STOP_ON_FAILURE)",Edge Chromium 131,,,2025-01-20 03:24:13,2025-01-20 03:24:14,0.356s,PASSED
"setText(findTestObject(""Object Repository/Registro de envíos/Test cases/input_PuntLlegad""), ""san borja"", STOP_ON_FAILURE)",Edge Chromium 131,,,2025-01-20 03:24:14,2025-01-20 03:24:14,0.938s,PASSED
"delay(4, STOP_ON_FAILURE)",Edge Chromium 131,,,2025-01-20 03:24:14,2025-01-20 03:24:18,4.003s,PASSED
"scrollToElement(findTestObject(""Object Repository/Registro de envíos/Test cases/span_LIM_SanBorj""), 0, STOP_ON_FAILURE)",Edge Chromium 131,,,2025-01-20 03:24:18,2025-01-20 03:24:19,0.347s,PASSED
"click(findTestObject(""Object Repository/Registro de envíos/Test cases/span_LIM_SanBorj""), STOP_ON_FAILURE)",Edge Chromium 131,,,2025-01-20 03:24:19,2025-01-20 03:24:19,0.407s,PASSED
"click(findTestObject(""Object Repository/Registro de envíos/Test cases/span_TipEntreg""), STOP_ON_FAILURE)",Edge Chromium 131,,,2025-01-20 03:24:19,2025-01-20 03:24:20,0.332s,PASSED
"click(findTestObject(""Object Repository/Registro de envíos/Test cases/a_EntregDomic""), STOP_ON_FAILURE)",Edge Chromium 131,,,2025-01-20 03:24:20,2025-01-20 03:24:21,1.603s,PASSED
"scrollToElement(findTestObject(""Object Repository/Registro de envíos/Test cases/input_dir_entreg""), 0, STOP_ON_FAILURE)",Edge Chromium 131,,,2025-01-20 03:24:21,2025-01-20 03:24:21,0.303s,PASSED
"setText(findTestObject(""Object Repository/Registro de envíos/Test cases/input_dir_entreg""), ""Calle De Las Bellas Artes 122, San Borja, Lima, Lima, Perú"", STOP_ON_FAILURE)",Edge Chromium 131,,,2025-01-20 03:24:21,2025-01-20 03:24:22,0.821s,PASSED
"click(findTestObject(""Registro de envíos/Test cases/Girley/ClickFuera""))",Edge Chromium 131,,,2025-01-20 03:24:22,2025-01-20 03:24:25,2.654s,PASSED
"scrollToElement(findTestObject(""Object Repository/Registro de envíos/Test cases/input_dir_ref""), 0, STOP_ON_FAILURE)",Edge Chromium 131,,,2025-01-20 03:24:25,2025-01-20 03:24:25,0.292s,PASSED
"setText(findTestObject(""Object Repository/Registro de envíos/Test cases/input_dir_ref""), ""ABC"", STOP_ON_FAILURE)",Edge Chromium 131,,,2025-01-20 03:24:25,2025-01-20 03:24:26,0.655s,PASSED
"scrollToElement(findTestObject(""Object Repository/Registro de envíos/Test cases/button_TipDocument""), 0, STOP_ON_FAILURE)",Edge Chromium 131,,,2025-01-20 03:24:26,2025-01-20 03:24:26,0.322s,PASSED
"click(findTestObject(""Object Repository/Registro de envíos/Test cases/button_TipDocument""), STOP_ON_FAILURE)",Edge Chromium 131,,,2025-01-20 03:24:26,2025-01-20 03:24:27,0.347s,PASSED
"click(findTestObject(""Object Repository/Registro de envíos/Test cases/a_DNI""), STOP_ON_FAILURE)",Edge Chromium 131,,,2025-01-20 03:24:27,2025-01-20 03:24:27,0.328s,PASSED
"setText(findTestObject(""Object Repository/Registro de envíos/Test cases/input_Consig_dni""), ""12345678"", STOP_ON_FAILURE)",Edge Chromium 131,,,2025-01-20 03:24:27,2025-01-20 03:24:28,0.751s,PASSED
"verifyElementPresent(findTestObject(""Object Repository/Registro de envíos/Test cases/div_PINTO""), 0, STOP_ON_FAILURE)",Edge Chromium 131,,,2025-01-20 03:24:28,2025-01-20 03:24:31,3.062s,PASSED
"scrollToElement(findTestObject(""Object Repository/Registro de envíos/Test cases/button_cntnuar(1)""), 0, STOP_ON_FAILURE)",Edge Chromium 131,,,2025-01-20 03:24:31,2025-01-20 03:24:31,0.329s,PASSED
"click(findTestObject(""Object Repository/Registro de envíos/Test cases/button_cntnuar(1)""), STOP_ON_FAILURE)",Edge Chromium 131,,,2025-01-20 03:24:31,2025-01-20 03:24:31,0.354s,PASSED
"verifyElementText(findTestObject(""Object Repository/Registro de envíos/Test cases/th_lima""), ""Lima"", STOP_ON_FAILURE)",Edge Chromium 131,,,2025-01-20 03:24:31,2025-01-20 03:24:34,3.027s,PASSED
"verifyElementText(findTestObject(""Object Repository/Registro de envíos/Test cases/th_EntregDomic""), ""Entrega A Domicilio"", STOP_ON_FAILURE)",Edge Chromium 131,,,2025-01-20 03:24:34,2025-01-20 03:24:35,0.288s,PASSED
"verifyElementText(findTestObject(""Registro de envíos/Test cases/Girley/validac_Destino_Resum""), ""Lima - Lima - San Borja"")",Edge Chromium 131,,,2025-01-20 03:24:35,2025-01-20 03:24:35,0.286s,PASSED
"verifyElementPresent(findTestObject(""Object Repository/Registro de envíos/Test cases/th_7.30""), 0, STOP_ON_FAILURE)",Edge Chromium 131,,,2025-01-20 03:24:35,2025-01-20 03:24:35,0.286s,PASSED
"verifyElementPresent(findTestObject(""Object Repository/Registro de envíos/Test cases/th_0.00""), 0, STOP_ON_FAILURE)",Edge Chromium 131,,,2025-01-20 03:24:35,2025-01-20 03:24:36,0.326s,PASSED
"click(findTestObject(""Object Repository/Registro de envíos/Test cases/1-Principal/button_IR A PAGAR S 7.30""))",Edge Chromium 131,,,2025-01-20 03:24:36,2025-01-20 03:24:36,0.333s,PASSED
"callTestCase(findTestCase(""Registro_Envíos/1.Inicio/3.Pago_envíos/Pago_Tienda""), [:], STOP_ON_FAILURE)",Edge Chromium 131,,,2025-01-20 03:24:36,2025-01-20 03:24:49,13.224s,PASSED
,,,,,,,
Test Cases/Registro_Envíos/3. Positivas/1. Paquetes/Origen Lima/2.Girley/7. Limpiar y digitar dirección distinta a destino,Edge Chromium 131,,,2025-01-20 03:24:49,2025-01-20 03:26:17,1m - 27.730s,PASSED
"callTestCase(findTestCase(""Registro_Envíos/1.Inicio/1.Principal/Principal-Home""), [:], STOP_ON_FAILURE)",Edge Chromium 131,,,2025-01-20 03:24:49,2025-01-20 03:24:54,5.093s,PASSED
"callTestCase(findTestCase(""Registro_Envíos/1.Inicio/1.Principal/Selecc_paquete""), [:], STOP_ON_FAILURE)",Edge Chromium 131,,,2025-01-20 03:24:54,2025-01-20 03:25:03,8.366s,PASSED
"callTestCase(findTestCase(""Registro_Envíos/1.Inicio/2.Login/3.Login_CE""), [:], STOP_ON_FAILURE)",Edge Chromium 131,,,2025-01-20 03:25:03,2025-01-20 03:25:05,1.851s,PASSED
"click(findTestObject(""Object Repository/Registro de envíos/Test cases/button_SeleccArt""), STOP_ON_FAILURE)",Edge Chromium 131,,,2025-01-20 03:25:05,2025-01-20 03:25:05,0.322s,PASSED
"click(findTestObject(""Object Repository/Registro de envíos/Test cases/span_ART_LIMP""), STOP_ON_FAILURE)",Edge Chromium 131,,,2025-01-20 03:25:05,2025-01-20 03:25:05,0.336s,PASSED
"setText(findTestObject(""Object Repository/Registro de envíos/Test cases/input_pqte_artic""), ""PRUEBA1"", STOP_ON_FAILURE)",Edge Chromium 131,,,2025-01-20 03:25:05,2025-01-20 03:25:06,0.646s,PASSED
"setText(findTestObject(""Object Repository/Registro de envíos/Test cases/input_pqte_val""), ""13"", STOP_ON_FAILURE)",Edge Chromium 131,,,2025-01-20 03:25:06,2025-01-20 03:25:07,0.618s,PASSED
"setText(findTestObject(""Object Repository/Registro de envíos/Test cases/input_pqte_larg""), ""12"", STOP_ON_FAILURE)",Edge Chromium 131,,,2025-01-20 03:25:07,2025-01-20 03:25:07,0.628s,PASSED
"setText(findTestObject(""Object Repository/Registro de envíos/Test cases/input_pqte_anch""), ""14"", STOP_ON_FAILURE)",Edge Chromium 131,,,2025-01-20 03:25:07,2025-01-20 03:25:08,0.625s,PASSED
"setText(findTestObject(""Object Repository/Registro de envíos/Test cases/input_pqte_alt""), ""15"", STOP_ON_FAILURE)",Edge Chromium 131,,,2025-01-20 03:25:08,2025-01-20 03:25:09,0.733s,PASSED
"setText(findTestObject(""Object Repository/Registro de envíos/Test cases/input_pqte_peso""), ""1"", STOP_ON_FAILURE)",Edge Chromium 131,,,2025-01-20 03:25:09,2025-01-20 03:25:09,0.630s,PASSED
"click(findTestObject(""Object Repository/Registro de envíos/Test cases/span_PuntPartid""), STOP_ON_FAILURE)",Edge Chromium 131,,,2025-01-20 03:25:09,2025-01-20 03:25:09,0.321s,PASSED
"click(findTestObject(""Object Repository/Registro de envíos/Test cases/a_LIMA""), STOP_ON_FAILURE)",Edge Chromium 131,,,2025-01-20 03:25:09,2025-01-20 03:25:10,0.329s,PASSED
"click(findTestObject(""Object Repository/Registro de envíos/Test cases/span_PuntLlegad""), STOP_ON_FAILURE)",Edge Chromium 131,,,2025-01-20 03:25:10,2025-01-20 03:25:12,1.737s,PASSED
"delay(3, STOP_ON_FAILURE)",Edge Chromium 131,,,2025-01-20 03:25:12,2025-01-20 03:25:15,3.007s,PASSED
"click(findTestObject(""Object Repository/Registro de envíos/Test cases/input_PuntLlegad""), STOP_ON_FAILURE)",Edge Chromium 131,,,2025-01-20 03:25:15,2025-01-20 03:25:15,0.330s,PASSED
"setText(findTestObject(""Object Repository/Registro de envíos/Test cases/input_PuntLlegad""), ""san borja"", STOP_ON_FAILURE)",Edge Chromium 131,,,2025-01-20 03:25:15,2025-01-20 03:25:16,0.940s,PASSED
"delay(4, STOP_ON_FAILURE)",Edge Chromium 131,,,2025-01-20 03:25:16,2025-01-20 03:25:20,4.003s,PASSED
"scrollToElement(findTestObject(""Object Repository/Registro de envíos/Test cases/span_LIM_SanBorj""), 0, STOP_ON_FAILURE)",Edge Chromium 131,,,2025-01-20 03:25:20,2025-01-20 03:25:20,0.294s,PASSED
"click(findTestObject(""Object Repository/Registro de envíos/Test cases/span_LIM_SanBorj""), STOP_ON_FAILURE)",Edge Chromium 131,,,2025-01-20 03:25:20,2025-01-20 03:25:21,0.400s,PASSED
"click(findTestObject(""Object Repository/Registro de envíos/Test cases/span_TipEntreg""), STOP_ON_FAILURE)",Edge Chromium 131,,,2025-01-20 03:25:21,2025-01-20 03:25:21,0.459s,PASSED
"click(findTestObject(""Object Repository/Registro de envíos/Test cases/a_EntregDomic""), STOP_ON_FAILURE)",Edge Chromium 131,,,2025-01-20 03:25:21,2025-01-20 03:25:23,1.692s,PASSED
"scrollToElement(findTestObject(""Object Repository/Registro de envíos/Test cases/input_dir_entreg""), 0, STOP_ON_FAILURE)",Edge Chromium 131,,,2025-01-20 03:25:23,2025-01-20 03:25:23,0.311s,PASSED
"setText(findTestObject(""Object Repository/Registro de envíos/Test cases/input_dir_entreg""), ""Los Eucaliptos, 555 - San Isidro, Lima"", STOP_ON_FAILURE)",Edge Chromium 131,,,2025-01-20 03:25:23,2025-01-20 03:25:24,0.793s,PASSED
"sendKeys(findTestObject(""Object Repository/Registro de envíos/Test cases/input_dir_entreg""), Keys.chord(ENTER), STOP_ON_FAILURE)",Edge Chromium 131,,,2025-01-20 03:25:24,2025-01-20 03:25:26,1.909s,PASSED
"scrollToElement(findTestObject(""Object Repository/Registro de envíos/Test cases/input_dir_ref""), 0, STOP_ON_FAILURE)",Edge Chromium 131,,,2025-01-20 03:25:26,2025-01-20 03:25:29,3.620s,PASSED
"setText(findTestObject(""Object Repository/Registro de envíos/Test cases/input_dir_ref""), ""ABC"", STOP_ON_FAILURE)",Edge Chromium 131,,,2025-01-20 03:25:29,2025-01-20 03:25:30,0.651s,PASSED
delay(2),Edge Chromium 131,,,2025-01-20 03:25:30,2025-01-20 03:25:32,2.002s,PASSED
"click(findTestObject(""Registro de envíos/Test cases/Girley/Limpiar""))",Edge Chromium 131,,,2025-01-20 03:25:32,2025-01-20 03:25:32,0.318s,PASSED
delay(3),Edge Chromium 131,,,2025-01-20 03:25:32,2025-01-20 03:25:35,3.012s,PASSED
"setText(findTestObject(""Object Repository/Registro de envíos/Test cases/input_dir_entreg""), ""Av. Pedro De Osma 301, Lima"", STOP_ON_FAILURE)",Edge Chromium 131,,,2025-01-20 03:25:35,2025-01-20 03:25:36,0.734s,PASSED
"sendKeys(findTestObject(""Object Repository/Registro de envíos/Test cases/input_dir_entreg""), Keys.chord(ENTER), STOP_ON_FAILURE)",Edge Chromium 131,,,2025-01-20 03:25:36,2025-01-20 03:25:37,1.163s,PASSED
"scrollToElement(findTestObject(""Object Repository/Registro de envíos/Test cases/input_dir_ref""), 0, STOP_ON_FAILURE)",Edge Chromium 131,,,2025-01-20 03:25:37,2025-01-20 03:25:40,3.251s,PASSED
"setText(findTestObject(""Object Repository/Registro de envíos/Test cases/input_dir_ref""), ""ABC"", STOP_ON_FAILURE)",Edge Chromium 131,,,2025-01-20 03:25:40,2025-01-20 03:25:41,0.639s,PASSED
delay(2),Edge Chromium 131,,,2025-01-20 03:25:41,2025-01-20 03:25:43,2.005s,PASSED
"scrollToElement(findTestObject(""Registro de envíos/Test cases/Girley/validac_Destino""), 0)",Edge Chromium 131,,,2025-01-20 03:25:43,2025-01-20 03:25:43,0.311s,PASSED
delay(2),Edge Chromium 131,,,2025-01-20 03:25:43,2025-01-20 03:25:45,2.015s,PASSED
"scrollToElement(findTestObject(""Object Repository/Registro de envíos/Test cases/button_TipDocument""), 0, STOP_ON_FAILURE)",Edge Chromium 131,,,2025-01-20 03:25:45,2025-01-20 03:25:46,0.300s,PASSED
"click(findTestObject(""Object Repository/Registro de envíos/Test cases/button_TipDocument""), STOP_ON_FAILURE)",Edge Chromium 131,,,2025-01-20 03:25:46,2025-01-20 03:25:46,0.324s,PASSED
"click(findTestObject(""Object Repository/Registro de envíos/Test cases/a_DNI""), STOP_ON_FAILURE)",Edge Chromium 131,,,2025-01-20 03:25:46,2025-01-20 03:25:46,0.337s,PASSED
"setText(findTestObject(""Object Repository/Registro de envíos/Test cases/input_Consig_dni""), ""12345678"", STOP_ON_FAILURE)",Edge Chromium 131,,,2025-01-20 03:25:46,2025-01-20 03:25:47,0.644s,PASSED
"verifyElementPresent(findTestObject(""Object Repository/Registro de envíos/Test cases/div_PINTO""), 0, STOP_ON_FAILURE)",Edge Chromium 131,,,2025-01-20 03:25:47,2025-01-20 03:25:53,5.614s,PASSED
"scrollToElement(findTestObject(""Object Repository/Registro de envíos/Test cases/button_cntnuar(1)""), 0, STOP_ON_FAILURE)",Edge Chromium 131,,,2025-01-20 03:25:53,2025-01-20 03:25:53,0.312s,PASSED
"click(findTestObject(""Object Repository/Registro de envíos/Test cases/button_cntnuar(1)""), STOP_ON_FAILURE)",Edge Chromium 131,,,2025-01-20 03:25:53,2025-01-20 03:25:53,0.351s,PASSED
"verifyElementText(findTestObject(""Object Repository/Registro de envíos/Test cases/th_lima""), ""Lima"", STOP_ON_FAILURE)",Edge Chromium 131,,,2025-01-20 03:25:53,2025-01-20 03:25:55,2.213s,PASSED
"verifyElementText(findTestObject(""Object Repository/Registro de envíos/Test cases/th_EntregDomic""), ""Entrega A Domicilio"", STOP_ON_FAILURE)",Edge Chromium 131,,,2025-01-20 03:25:55,2025-01-20 03:25:56,0.323s,PASSED
"verifyElementPresent(findTestObject(""Object Repository/Registro de envíos/Test cases/th_7.30""), 0, STOP_ON_FAILURE)",Edge Chromium 131,,,2025-01-20 03:25:56,2025-01-20 03:25:56,0.314s,PASSED
"verifyElementPresent(findTestObject(""Object Repository/Registro de envíos/Test cases/th_0.00""), 0, STOP_ON_FAILURE)",Edge Chromium 131,,,2025-01-20 03:25:56,2025-01-20 03:25:56,0.293s,PASSED
"click(findTestObject(""Object Repository/Registro de envíos/Test cases/1-Principal/button_IR A PAGAR S 7.30""))",Edge Chromium 131,,,2025-01-20 03:25:56,2025-01-20 03:25:57,0.356s,PASSED
"callTestCase(findTestCase(""Registro_Envíos/1.Inicio/3.Pago_envíos/Pago_TDC""), [:], STOP_ON_FAILURE)",Edge Chromium 131,,,2025-01-20 03:25:57,2025-01-20 03:26:17,20.109s,PASSED
,,,,,,,
Test Cases/Registro_Envíos/3. Positivas/1. Paquetes/Origen Lima/2.Girley/6. Limpiar y digitar dirección,Edge Chromium 131,,,2025-01-20 03:26:17,2025-01-20 03:27:43,1m - 26.400s,PASSED
"callTestCase(findTestCase(""Registro_Envíos/1.Inicio/1.Principal/Principal-Home""), [:], STOP_ON_FAILURE)",Edge Chromium 131,,,2025-01-20 03:26:17,2025-01-20 03:26:22,5.000s,PASSED
"callTestCase(findTestCase(""Registro_Envíos/1.Inicio/1.Principal/Selecc_paquete""), [:], STOP_ON_FAILURE)",Edge Chromium 131,,,2025-01-20 03:26:22,2025-01-20 03:26:30,8.352s,PASSED
"callTestCase(findTestCase(""Registro_Envíos/1.Inicio/2.Login/5.LoginRUC20""), [:], STOP_ON_FAILURE)",Edge Chromium 131,,,2025-01-20 03:26:30,2025-01-20 03:26:33,2.819s,PASSED
"click(findTestObject(""Object Repository/Registro de envíos/Test cases/button_SeleccArt""), STOP_ON_FAILURE)",Edge Chromium 131,,,2025-01-20 03:26:33,2025-01-20 03:26:34,0.320s,PASSED
"click(findTestObject(""Object Repository/Registro de envíos/Test cases/span_ART_LIMP""), STOP_ON_FAILURE)",Edge Chromium 131,,,2025-01-20 03:26:34,2025-01-20 03:26:34,0.345s,PASSED
"setText(findTestObject(""Object Repository/Registro de envíos/Test cases/input_pqte_artic""), ""PRUEBA1"", STOP_ON_FAILURE)",Edge Chromium 131,,,2025-01-20 03:26:34,2025-01-20 03:26:35,0.643s,PASSED
"setText(findTestObject(""Object Repository/Registro de envíos/Test cases/input_pqte_val""), ""13"", STOP_ON_FAILURE)",Edge Chromium 131,,,2025-01-20 03:26:35,2025-01-20 03:26:35,0.619s,PASSED
"setText(findTestObject(""Object Repository/Registro de envíos/Test cases/input_pqte_larg""), ""12"", STOP_ON_FAILURE)",Edge Chromium 131,,,2025-01-20 03:26:35,2025-01-20 03:26:36,0.624s,PASSED
"setText(findTestObject(""Object Repository/Registro de envíos/Test cases/input_pqte_anch""), ""14"", STOP_ON_FAILURE)",Edge Chromium 131,,,2025-01-20 03:26:36,2025-01-20 03:26:36,0.609s,PASSED
"setText(findTestObject(""Object Repository/Registro de envíos/Test cases/input_pqte_alt""), ""15"", STOP_ON_FAILURE)",Edge Chromium 131,,,2025-01-20 03:26:36,2025-01-20 03:26:37,0.625s,PASSED
"setText(findTestObject(""Object Repository/Registro de envíos/Test cases/input_pqte_peso""), ""1"", STOP_ON_FAILURE)",Edge Chromium 131,,,2025-01-20 03:26:37,2025-01-20 03:26:38,0.627s,PASSED
"click(findTestObject(""Object Repository/Registro de envíos/Test cases/span_PuntPartid""), STOP_ON_FAILURE)",Edge Chromium 131,,,2025-01-20 03:26:38,2025-01-20 03:26:38,0.331s,PASSED
"click(findTestObject(""Object Repository/Registro de envíos/Test cases/a_LIMA""), STOP_ON_FAILURE)",Edge Chromium 131,,,2025-01-20 03:26:38,2025-01-20 03:26:38,0.338s,PASSED
"click(findTestObject(""Object Repository/Registro de envíos/Test cases/span_PuntLlegad""), STOP_ON_FAILURE)",Edge Chromium 131,,,2025-01-20 03:26:38,2025-01-20 03:26:40,1.701s,PASSED
"delay(3, STOP_ON_FAILURE)",Edge Chromium 131,,,2025-01-20 03:26:40,2025-01-20 03:26:43,3.006s,PASSED
"click(findTestObject(""Object Repository/Registro de envíos/Test cases/input_PuntLlegad""), STOP_ON_FAILURE)",Edge Chromium 131,,,2025-01-20 03:26:43,2025-01-20 03:26:43,0.329s,PASSED
"setText(findTestObject(""Object Repository/Registro de envíos/Test cases/input_PuntLlegad""), ""san borja"", STOP_ON_FAILURE)",Edge Chromium 131,,,2025-01-20 03:26:43,2025-01-20 03:26:44,0.933s,PASSED
"delay(4, STOP_ON_FAILURE)",Edge Chromium 131,,,2025-01-20 03:26:44,2025-01-20 03:26:48,4.002s,PASSED
"scrollToElement(findTestObject(""Object Repository/Registro de envíos/Test cases/span_LIM_SanBorj""), 0, STOP_ON_FAILURE)",Edge Chromium 131,,,2025-01-20 03:26:48,2025-01-20 03:26:49,0.295s,PASSED
"click(findTestObject(""Object Repository/Registro de envíos/Test cases/span_LIM_SanBorj""), STOP_ON_FAILURE)",Edge Chromium 131,,,2025-01-20 03:26:49,2025-01-20 03:26:49,0.401s,PASSED
"click(findTestObject(""Object Repository/Registro de envíos/Test cases/span_TipEntreg""), STOP_ON_FAILURE)",Edge Chromium 131,,,2025-01-20 03:26:49,2025-01-20 03:26:49,0.339s,PASSED
"click(findTestObject(""Object Repository/Registro de envíos/Test cases/a_EntregDomic""), STOP_ON_FAILURE)",Edge Chromium 131,,,2025-01-20 03:26:49,2025-01-20 03:26:51,1.612s,PASSED
"scrollToElement(findTestObject(""Object Repository/Registro de envíos/Test cases/input_dir_entreg""), 0, STOP_ON_FAILURE)",Edge Chromium 131,,,2025-01-20 03:26:51,2025-01-20 03:26:51,0.291s,PASSED
"setText(findTestObject(""Object Repository/Registro de envíos/Test cases/input_dir_entreg""), ""Los Eucaliptos, 555 - San Isidro, Lima"", STOP_ON_FAILURE)",Edge Chromium 131,,,2025-01-20 03:26:51,2025-01-20 03:26:52,0.751s,PASSED
"sendKeys(findTestObject(""Object Repository/Registro de envíos/Test cases/input_dir_entreg""), Keys.chord(ENTER), STOP_ON_FAILURE)",Edge Chromium 131,,,2025-01-20 03:26:52,2025-01-20 03:26:54,1.895s,PASSED
"scrollToElement(findTestObject(""Object Repository/Registro de envíos/Test cases/input_dir_ref""), 0, STOP_ON_FAILURE)",Edge Chromium 131,,,2025-01-20 03:26:54,2025-01-20 03:26:56,2.041s,PASSED
"setText(findTestObject(""Object Repository/Registro de envíos/Test cases/input_dir_ref""), ""ABC"", STOP_ON_FAILURE)",Edge Chromium 131,,,2025-01-20 03:26:56,2025-01-20 03:26:57,0.652s,PASSED
delay(2),Edge Chromium 131,,,2025-01-20 03:26:57,2025-01-20 03:26:59,2.003s,PASSED
"click(findTestObject(""Registro de envíos/Test cases/Girley/Limpiar""))",Edge Chromium 131,,,2025-01-20 03:26:59,2025-01-20 03:26:59,0.316s,PASSED
delay(3),Edge Chromium 131,,,2025-01-20 03:26:59,2025-01-20 03:27:02,3.015s,PASSED
"setText(findTestObject(""Object Repository/Registro de envíos/Test cases/input_dir_entreg""), ""Los Eucaliptos, 555 - San Isidro, Lima"", STOP_ON_FAILURE)",Edge Chromium 131,,,2025-01-20 03:27:02,2025-01-20 03:27:03,0.821s,PASSED
"sendKeys(findTestObject(""Object Repository/Registro de envíos/Test cases/input_dir_entreg""), Keys.chord(ENTER), STOP_ON_FAILURE)",Edge Chromium 131,,,2025-01-20 03:27:03,2025-01-20 03:27:04,1.587s,PASSED
"scrollToElement(findTestObject(""Object Repository/Registro de envíos/Test cases/input_dir_ref""), 0, STOP_ON_FAILURE)",Edge Chromium 131,,,2025-01-20 03:27:04,2025-01-20 03:27:06,1.885s,PASSED
"setText(findTestObject(""Object Repository/Registro de envíos/Test cases/input_dir_ref""), ""ABC"", STOP_ON_FAILURE)",Edge Chromium 131,,,2025-01-20 03:27:06,2025-01-20 03:27:07,0.625s,PASSED
delay(2),Edge Chromium 131,,,2025-01-20 03:27:07,2025-01-20 03:27:09,2.008s,PASSED
"scrollToElement(findTestObject(""Registro de envíos/Test cases/Girley/validac_Destino""), 0)",Edge Chromium 131,,,2025-01-20 03:27:09,2025-01-20 03:27:09,0.326s,PASSED
delay(2),Edge Chromium 131,,,2025-01-20 03:27:09,2025-01-20 03:27:11,2.007s,PASSED
"scrollToElement(findTestObject(""Object Repository/Registro de envíos/Test cases/button_TipDocument""), 0, STOP_ON_FAILURE)",Edge Chromium 131,,,2025-01-20 03:27:11,2025-01-20 03:27:11,0.293s,PASSED
"click(findTestObject(""Object Repository/Registro de envíos/Test cases/button_TipDocument""), STOP_ON_FAILURE)",Edge Chromium 131,,,2025-01-20 03:27:11,2025-01-20 03:27:12,0.314s,PASSED
"click(findTestObject(""Object Repository/Registro de envíos/Test cases/a_DNI""), STOP_ON_FAILURE)",Edge Chromium 131,,,2025-01-20 03:27:12,2025-01-20 03:27:12,0.323s,PASSED
"setText(findTestObject(""Object Repository/Registro de envíos/Test cases/input_Consig_dni""), ""12345678"", STOP_ON_FAILURE)",Edge Chromium 131,,,2025-01-20 03:27:12,2025-01-20 03:27:13,0.637s,PASSED
"verifyElementPresent(findTestObject(""Object Repository/Registro de envíos/Test cases/div_PINTO""), 0, STOP_ON_FAILURE)",Edge Chromium 131,,,2025-01-20 03:27:13,2025-01-20 03:27:20,7.001s,PASSED
"scrollToElement(findTestObject(""Object Repository/Registro de envíos/Test cases/button_cntnuar(1)""), 0, STOP_ON_FAILURE)",Edge Chromium 131,,,2025-01-20 03:27:20,2025-01-20 03:27:20,0.296s,PASSED
"click(findTestObject(""Object Repository/Registro de envíos/Test cases/button_cntnuar(1)""), STOP_ON_FAILURE)",Edge Chromium 131,,,2025-01-20 03:27:20,2025-01-20 03:27:20,0.343s,PASSED
"verifyElementText(findTestObject(""Object Repository/Registro de envíos/Test cases/th_lima""), ""Lima"", STOP_ON_FAILURE)",Edge Chromium 131,,,2025-01-20 03:27:20,2025-01-20 03:27:22,2.050s,PASSED
"verifyElementText(findTestObject(""Object Repository/Registro de envíos/Test cases/th_EntregDomic""), ""Entrega A Domicilio"", STOP_ON_FAILURE)",Edge Chromium 131,,,2025-01-20 03:27:22,2025-01-20 03:27:23,0.301s,PASSED
"verifyElementPresent(findTestObject(""Object Repository/Registro de envíos/Test cases/th_7.30""), 0, STOP_ON_FAILURE)",Edge Chromium 131,,,2025-01-20 03:27:23,2025-01-20 03:27:23,0.281s,PASSED
"verifyElementPresent(findTestObject(""Object Repository/Registro de envíos/Test cases/th_0.00""), 0, STOP_ON_FAILURE)",Edge Chromium 131,,,2025-01-20 03:27:23,2025-01-20 03:27:23,0.289s,PASSED
"click(findTestObject(""Object Repository/Registro de envíos/Test cases/1-Principal/button_IR A PAGAR S 7.30""))",Edge Chromium 131,,,2025-01-20 03:27:23,2025-01-20 03:27:24,0.356s,PASSED
"callTestCase(findTestCase(""Registro_Envíos/1.Inicio/3.Pago_envíos/Pago_TDC""), [:], STOP_ON_FAILURE)",Edge Chromium 131,,,2025-01-20 03:27:24,2025-01-20 03:27:43,19.667s,PASSED
,,,,,,,
Test Cases/Registro_Envíos/3. Positivas/1. Paquetes/Origen Lima/2.Girley/5. Dir_distint_dest,Edge Chromium 131,,,2025-01-20 03:27:43,2025-01-20 03:28:57,1m - 13.278s,PASSED
"callTestCase(findTestCase(""Registro_Envíos/1.Inicio/1.Principal/Principal-Home""), [:], STOP_ON_FAILURE)",Edge Chromium 131,,,2025-01-20 03:27:43,2025-01-20 03:27:48,4.975s,PASSED
"callTestCase(findTestCase(""Registro_Envíos/1.Inicio/1.Principal/Selecc_paquete""), [:], STOP_ON_FAILURE)",Edge Chromium 131,,,2025-01-20 03:27:48,2025-01-20 03:27:57,8.284s,PASSED
"callTestCase(findTestCase(""Registro_Envíos/1.Inicio/2.Login/6.LoginRUC10""), [:], STOP_ON_FAILURE)",Edge Chromium 131,,,2025-01-20 03:27:57,2025-01-20 03:27:59,2.519s,PASSED
"click(findTestObject(""Object Repository/Registro de envíos/Test cases/button_SeleccArt""), STOP_ON_FAILURE)",Edge Chromium 131,,,2025-01-20 03:27:59,2025-01-20 03:28:00,0.364s,PASSED
"click(findTestObject(""Object Repository/Registro de envíos/Test cases/span_ART_LIMP""), STOP_ON_FAILURE)",Edge Chromium 131,,,2025-01-20 03:28:00,2025-01-20 03:28:00,0.332s,PASSED
"setText(findTestObject(""Object Repository/Registro de envíos/Test cases/input_pqte_artic""), ""PRUEBA1"", STOP_ON_FAILURE)",Edge Chromium 131,,,2025-01-20 03:28:00,2025-01-20 03:28:01,0.640s,PASSED
"setText(findTestObject(""Object Repository/Registro de envíos/Test cases/input_pqte_val""), ""13"", STOP_ON_FAILURE)",Edge Chromium 131,,,2025-01-20 03:28:01,2025-01-20 03:28:01,0.616s,PASSED
"setText(findTestObject(""Object Repository/Registro de envíos/Test cases/input_pqte_larg""), ""12"", STOP_ON_FAILURE)",Edge Chromium 131,,,2025-01-20 03:28:01,2025-01-20 03:28:02,0.625s,PASSED
"setText(findTestObject(""Object Repository/Registro de envíos/Test cases/input_pqte_anch""), ""14"", STOP_ON_FAILURE)",Edge Chromium 131,,,2025-01-20 03:28:02,2025-01-20 03:28:02,0.623s,PASSED
"setText(findTestObject(""Object Repository/Registro de envíos/Test cases/input_pqte_alt""), ""15"", STOP_ON_FAILURE)",Edge Chromium 131,,,2025-01-20 03:28:02,2025-01-20 03:28:03,0.625s,PASSED
"setText(findTestObject(""Object Repository/Registro de envíos/Test cases/input_pqte_peso""), ""1"", STOP_ON_FAILURE)",Edge Chromium 131,,,2025-01-20 03:28:03,2025-01-20 03:28:04,0.628s,PASSED
"click(findTestObject(""Object Repository/Registro de envíos/Test cases/span_PuntPartid""), STOP_ON_FAILURE)",Edge Chromium 131,,,2025-01-20 03:28:04,2025-01-20 03:28:04,0.323s,PASSED
"click(findTestObject(""Object Repository/Registro de envíos/Test cases/a_LIMA""), STOP_ON_FAILURE)",Edge Chromium 131,,,2025-01-20 03:28:04,2025-01-20 03:28:04,0.313s,PASSED
"click(findTestObject(""Object Repository/Registro de envíos/Test cases/span_PuntLlegad""), STOP_ON_FAILURE)",Edge Chromium 131,,,2025-01-20 03:28:04,2025-01-20 03:28:06,1.748s,PASSED
"click(findTestObject(""Object Repository/Registro de envíos/Test cases/input_PuntLlegad""), STOP_ON_FAILURE)",Edge Chromium 131,,,2025-01-20 03:28:06,2025-01-20 03:28:06,0.322s,PASSED
"setText(findTestObject(""Object Repository/Registro de envíos/Test cases/input_PuntLlegad""), ""san borja"", STOP_ON_FAILURE)",Edge Chromium 131,,,2025-01-20 03:28:06,2025-01-20 03:28:07,0.915s,PASSED
"delay(4, STOP_ON_FAILURE)",Edge Chromium 131,,,2025-01-20 03:28:07,2025-01-20 03:28:11,4.014s,PASSED
"scrollToElement(findTestObject(""Object Repository/Registro de envíos/Test cases/span_LIM_SanBorj""), 0, STOP_ON_FAILURE)",Edge Chromium 131,,,2025-01-20 03:28:11,2025-01-20 03:28:12,0.312s,PASSED
"click(findTestObject(""Object Repository/Registro de envíos/Test cases/span_LIM_SanBorj""), STOP_ON_FAILURE)",Edge Chromium 131,,,2025-01-20 03:28:12,2025-01-20 03:28:12,0.484s,PASSED
"click(findTestObject(""Object Repository/Registro de envíos/Test cases/span_TipEntreg""), STOP_ON_FAILURE)",Edge Chromium 131,,,2025-01-20 03:28:12,2025-01-20 03:28:12,0.323s,PASSED
"click(findTestObject(""Object Repository/Registro de envíos/Test cases/a_EntregDomic""), STOP_ON_FAILURE)",Edge Chromium 131,,,2025-01-20 03:28:12,2025-01-20 03:28:14,1.605s,PASSED
"scrollToElement(findTestObject(""Object Repository/Registro de envíos/Test cases/input_dir_entreg""), 0, STOP_ON_FAILURE)",Edge Chromium 131,,,2025-01-20 03:28:14,2025-01-20 03:28:14,0.303s,PASSED
"setText(findTestObject(""Object Repository/Registro de envíos/Test cases/input_dir_entreg""), ""Los Eucaliptos, 555 - San Isidro, Lima"", STOP_ON_FAILURE)",Edge Chromium 131,,,2025-01-20 03:28:14,2025-01-20 03:28:15,0.777s,PASSED
"sendKeys(findTestObject(""Object Repository/Registro de envíos/Test cases/input_dir_entreg""), Keys.chord(ENTER), STOP_ON_FAILURE)",Edge Chromium 131,,,2025-01-20 03:28:15,2025-01-20 03:28:17,1.910s,PASSED
"scrollToElement(findTestObject(""Object Repository/Registro de envíos/Test cases/input_dir_ref""), 0, STOP_ON_FAILURE)",Edge Chromium 131,,,2025-01-20 03:28:17,2025-01-20 03:28:19,2.040s,PASSED
"setText(findTestObject(""Object Repository/Registro de envíos/Test cases/input_dir_ref""), ""ABC"", STOP_ON_FAILURE)",Edge Chromium 131,,,2025-01-20 03:28:19,2025-01-20 03:28:20,0.627s,PASSED
delay(2),Edge Chromium 131,,,2025-01-20 03:28:20,2025-01-20 03:28:22,2.016s,PASSED
"scrollToElement(findTestObject(""Registro de envíos/Test cases/Girley/validac_Destino""), 0)",Edge Chromium 131,,,2025-01-20 03:28:22,2025-01-20 03:28:22,0.325s,PASSED
delay(2),Edge Chromium 131,,,2025-01-20 03:28:22,2025-01-20 03:28:24,2.015s,PASSED
"scrollToElement(findTestObject(""Object Repository/Registro de envíos/Test cases/button_TipDocument""), 0, STOP_ON_FAILURE)",Edge Chromium 131,,,2025-01-20 03:28:24,2025-01-20 03:28:24,0.297s,PASSED
"click(findTestObject(""Object Repository/Registro de envíos/Test cases/button_TipDocument""), STOP_ON_FAILURE)",Edge Chromium 131,,,2025-01-20 03:28:24,2025-01-20 03:28:25,0.426s,PASSED
"click(findTestObject(""Object Repository/Registro de envíos/Test cases/a_DNI""), STOP_ON_FAILURE)",Edge Chromium 131,,,2025-01-20 03:28:25,2025-01-20 03:28:25,0.342s,PASSED
"setText(findTestObject(""Object Repository/Registro de envíos/Test cases/input_Consig_dni""), ""12345678"", STOP_ON_FAILURE)",Edge Chromium 131,,,2025-01-20 03:28:25,2025-01-20 03:28:26,0.659s,PASSED
"verifyElementPresent(findTestObject(""Object Repository/Registro de envíos/Test cases/div_PINTO""), 0, STOP_ON_FAILURE)",Edge Chromium 131,,,2025-01-20 03:28:26,2025-01-20 03:28:33,7.303s,PASSED
"scrollToElement(findTestObject(""Object Repository/Registro de envíos/Test cases/button_cntnuar(1)""), 0, STOP_ON_FAILURE)",Edge Chromium 131,,,2025-01-20 03:28:33,2025-01-20 03:28:33,0.316s,PASSED
"click(findTestObject(""Object Repository/Registro de envíos/Test cases/button_cntnuar(1)""), STOP_ON_FAILURE)",Edge Chromium 131,,,2025-01-20 03:28:33,2025-01-20 03:28:34,0.343s,PASSED
"verifyElementText(findTestObject(""Object Repository/Registro de envíos/Test cases/th_lima""), ""Lima"", STOP_ON_FAILURE)",Edge Chromium 131,,,2025-01-20 03:28:34,2025-01-20 03:28:36,1.931s,PASSED
"verifyElementText(findTestObject(""Object Repository/Registro de envíos/Test cases/th_EntregDomic""), ""Entrega A Domicilio"", STOP_ON_FAILURE)",Edge Chromium 131,,,2025-01-20 03:28:36,2025-01-20 03:28:36,0.289s,PASSED
"verifyElementPresent(findTestObject(""Object Repository/Registro de envíos/Test cases/th_7.30""), 0, STOP_ON_FAILURE)",Edge Chromium 131,,,2025-01-20 03:28:36,2025-01-20 03:28:36,0.283s,PASSED
"verifyElementPresent(findTestObject(""Object Repository/Registro de envíos/Test cases/th_0.00""), 0, STOP_ON_FAILURE)",Edge Chromium 131,,,2025-01-20 03:28:36,2025-01-20 03:28:37,0.287s,PASSED
"click(findTestObject(""Object Repository/Registro de envíos/Test cases/1-Principal/button_IR A PAGAR S 7.30""))",Edge Chromium 131,,,2025-01-20 03:28:37,2025-01-20 03:28:37,0.326s,PASSED
"callTestCase(findTestCase(""Registro_Envíos/1.Inicio/3.Pago_envíos/Pago_TDC""), [:], STOP_ON_FAILURE)",Edge Chromium 131,,,2025-01-20 03:28:37,2025-01-20 03:28:57,19.721s,PASSED
,,,,,,,
Test Cases/Registro_Envíos/3. Positivas/1. Paquetes/Origen Lima/2.Girley/4. Direcc_nueva,Edge Chromium 131,,,2025-01-20 03:28:57,2025-01-20 03:30:06,1m - 9.798s,PASSED
"callTestCase(findTestCase(""Registro_Envíos/1.Inicio/1.Principal/Principal-Home""), [:], STOP_ON_FAILURE)",Edge Chromium 131,,,2025-01-20 03:28:57,2025-01-20 03:29:02,4.930s,PASSED
"callTestCase(findTestCase(""Registro_Envíos/1.Inicio/1.Principal/Selecc_paquete""), [:], STOP_ON_FAILURE)",Edge Chromium 131,,,2025-01-20 03:29:02,2025-01-20 03:29:10,8.323s,PASSED
"callTestCase(findTestCase(""Registro_Envíos/1.Inicio/2.Login/4.LoginCE-Colab""), [:], STOP_ON_FAILURE)",Edge Chromium 131,,,2025-01-20 03:29:10,2025-01-20 03:29:12,1.670s,PASSED
"click(findTestObject(""Object Repository/Registro de envíos/Test cases/button_SeleccArt""), STOP_ON_FAILURE)",Edge Chromium 131,,,2025-01-20 03:29:12,2025-01-20 03:29:12,0.319s,PASSED
"click(findTestObject(""Object Repository/Registro de envíos/Test cases/span_ART_LIMP""), STOP_ON_FAILURE)",Edge Chromium 131,,,2025-01-20 03:29:12,2025-01-20 03:29:12,0.363s,PASSED
"setText(findTestObject(""Object Repository/Registro de envíos/Test cases/input_pqte_artic""), ""PRUEBA1"", STOP_ON_FAILURE)",Edge Chromium 131,,,2025-01-20 03:29:12,2025-01-20 03:29:13,0.639s,PASSED
"setText(findTestObject(""Object Repository/Registro de envíos/Test cases/input_pqte_val""), ""13"", STOP_ON_FAILURE)",Edge Chromium 131,,,2025-01-20 03:29:13,2025-01-20 03:29:14,0.633s,PASSED
"setText(findTestObject(""Object Repository/Registro de envíos/Test cases/input_pqte_larg""), ""12"", STOP_ON_FAILURE)",Edge Chromium 131,,,2025-01-20 03:29:14,2025-01-20 03:29:14,0.624s,PASSED
"setText(findTestObject(""Object Repository/Registro de envíos/Test cases/input_pqte_anch""), ""14"", STOP_ON_FAILURE)",Edge Chromium 131,,,2025-01-20 03:29:14,2025-01-20 03:29:15,0.620s,PASSED
"setText(findTestObject(""Object Repository/Registro de envíos/Test cases/input_pqte_alt""), ""15"", STOP_ON_FAILURE)",Edge Chromium 131,,,2025-01-20 03:29:15,2025-01-20 03:29:15,0.626s,PASSED
"setText(findTestObject(""Object Repository/Registro de envíos/Test cases/input_pqte_peso""), ""1"", STOP_ON_FAILURE)",Edge Chromium 131,,,2025-01-20 03:29:15,2025-01-20 03:29:16,0.628s,PASSED
"click(findTestObject(""Object Repository/Registro de envíos/Test cases/span_PuntPartid""), STOP_ON_FAILURE)",Edge Chromium 131,,,2025-01-20 03:29:16,2025-01-20 03:29:16,0.321s,PASSED
"click(findTestObject(""Object Repository/Registro de envíos/Test cases/a_LIMA""), STOP_ON_FAILURE)",Edge Chromium 131,,,2025-01-20 03:29:16,2025-01-20 03:29:17,0.339s,PASSED
"delay(3, STOP_ON_FAILURE)",Edge Chromium 131,,,2025-01-20 03:29:17,2025-01-20 03:29:20,3.004s,PASSED
"verifyElementPresent(findTestObject(""Object Repository/Registro de envíos/Test cases/div_PROMCOLAB""), 0, STOP_ON_FAILURE)",Edge Chromium 131,,,2025-01-20 03:29:20,2025-01-20 03:29:20,0.287s,PASSED
"click(findTestObject(""Object Repository/Registro de envíos/Test cases/span_""), STOP_ON_FAILURE)",Edge Chromium 131,,,2025-01-20 03:29:20,2025-01-20 03:29:20,0.318s,PASSED
"click(findTestObject(""Object Repository/Registro de envíos/Test cases/span_PuntLlegad""), STOP_ON_FAILURE)",Edge Chromium 131,,,2025-01-20 03:29:20,2025-01-20 03:29:21,0.405s,PASSED
"click(findTestObject(""Object Repository/Registro de envíos/Test cases/input_PuntLlegad""), STOP_ON_FAILURE)",Edge Chromium 131,,,2025-01-20 03:29:21,2025-01-20 03:29:21,0.349s,PASSED
"setText(findTestObject(""Object Repository/Registro de envíos/Test cases/input_PuntLlegad""), ""san borja"", STOP_ON_FAILURE)",Edge Chromium 131,,,2025-01-20 03:29:21,2025-01-20 03:29:22,0.922s,PASSED
"delay(4, STOP_ON_FAILURE)",Edge Chromium 131,,,2025-01-20 03:29:22,2025-01-20 03:29:26,4.009s,PASSED
"scrollToElement(findTestObject(""Object Repository/Registro de envíos/Test cases/span_LIM_SanBorj""), 0, STOP_ON_FAILURE)",Edge Chromium 131,,,2025-01-20 03:29:26,2025-01-20 03:29:26,0.296s,PASSED
"click(findTestObject(""Object Repository/Registro de envíos/Test cases/span_LIM_SanBorj""), STOP_ON_FAILURE)",Edge Chromium 131,,,2025-01-20 03:29:26,2025-01-20 03:29:27,0.403s,PASSED
"click(findTestObject(""Object Repository/Registro de envíos/Test cases/span_TipEntreg""), STOP_ON_FAILURE)",Edge Chromium 131,,,2025-01-20 03:29:27,2025-01-20 03:29:27,0.326s,PASSED
"click(findTestObject(""Object Repository/Registro de envíos/Test cases/a_EntregDomic""), STOP_ON_FAILURE)",Edge Chromium 131,,,2025-01-20 03:29:27,2025-01-20 03:29:29,1.584s,PASSED
"scrollToElement(findTestObject(""Object Repository/Registro de envíos/Test cases/input_dir_entreg""), 0, STOP_ON_FAILURE)",Edge Chromium 131,,,2025-01-20 03:29:29,2025-01-20 03:29:29,0.295s,PASSED
"setText(findTestObject(""Object Repository/Registro de envíos/Test cases/input_dir_entreg""), ""Calle De Las Bellas Artes 122, San Borja, Lima, Lima, Perú"", STOP_ON_FAILURE)",Edge Chromium 131,,,2025-01-20 03:29:29,2025-01-20 03:29:30,0.799s,PASSED
"sendKeys(findTestObject(""Object Repository/Registro de envíos/Test cases/input_dir_entreg""), Keys.chord(ENTER), STOP_ON_FAILURE)",Edge Chromium 131,,,2025-01-20 03:29:30,2025-01-20 03:29:32,2.559s,PASSED
"scrollToElement(findTestObject(""Object Repository/Registro de envíos/Test cases/input_dir_ref""), 0, STOP_ON_FAILURE)",Edge Chromium 131,,,2025-01-20 03:29:32,2025-01-20 03:29:34,2.057s,PASSED
"setText(findTestObject(""Object Repository/Registro de envíos/Test cases/input_dir_ref""), ""ABC"", STOP_ON_FAILURE)",Edge Chromium 131,,,2025-01-20 03:29:34,2025-01-20 03:29:35,0.651s,PASSED
"scrollToElement(findTestObject(""Object Repository/Registro de envíos/Test cases/button_TipDocument""), 0, STOP_ON_FAILURE)",Edge Chromium 131,,,2025-01-20 03:29:35,2025-01-20 03:29:35,0.303s,PASSED
"click(findTestObject(""Object Repository/Registro de envíos/Test cases/button_TipDocument""), STOP_ON_FAILURE)",Edge Chromium 131,,,2025-01-20 03:29:35,2025-01-20 03:29:36,0.311s,PASSED
"click(findTestObject(""Object Repository/Registro de envíos/Test cases/a_DNI""), STOP_ON_FAILURE)",Edge Chromium 131,,,2025-01-20 03:29:36,2025-01-20 03:29:36,0.377s,PASSED
"setText(findTestObject(""Object Repository/Registro de envíos/Test cases/input_Consig_dni""), ""12345678"", STOP_ON_FAILURE)",Edge Chromium 131,,,2025-01-20 03:29:36,2025-01-20 03:29:37,0.650s,PASSED
"verifyElementPresent(findTestObject(""Object Repository/Registro de envíos/Test cases/div_PINTO""), 0, STOP_ON_FAILURE)",Edge Chromium 131,,,2025-01-20 03:29:37,2025-01-20 03:29:42,5.180s,PASSED
"scrollToElement(findTestObject(""Object Repository/Registro de envíos/Test cases/button_cntnuar(1)""), 0, STOP_ON_FAILURE)",Edge Chromium 131,,,2025-01-20 03:29:42,2025-01-20 03:29:42,0.295s,PASSED
"click(findTestObject(""Object Repository/Registro de envíos/Test cases/button_cntnuar(1)""), STOP_ON_FAILURE)",Edge Chromium 131,,,2025-01-20 03:29:42,2025-01-20 03:29:42,0.341s,PASSED
"verifyElementText(findTestObject(""Object Repository/Registro de envíos/Test cases/th_lima""), ""Lima"", STOP_ON_FAILURE)",Edge Chromium 131,,,2025-01-20 03:29:42,2025-01-20 03:29:45,2.163s,PASSED
"verifyElementText(findTestObject(""Object Repository/Registro de envíos/Test cases/th_EntregDomic""), ""Entrega A Domicilio"", STOP_ON_FAILURE)",Edge Chromium 131,,,2025-01-20 03:29:45,2025-01-20 03:29:45,0.289s,PASSED
"verifyElementPresent(findTestObject(""Object Repository/Registro de envíos/Test cases/th_7.30""), 0, STOP_ON_FAILURE)",Edge Chromium 131,,,2025-01-20 03:29:45,2025-01-20 03:29:45,0.276s,PASSED
"verifyElementPresent(findTestObject(""Object Repository/Registro de envíos/Test cases/th_0.00""), 0, STOP_ON_FAILURE)",Edge Chromium 131,,,2025-01-20 03:29:45,2025-01-20 03:29:46,0.291s,PASSED
"click(findTestObject(""Object Repository/Registro de envíos/Test cases/1-Principal/button_IR A PAGAR S 7.30""))",Edge Chromium 131,,,2025-01-20 03:29:46,2025-01-20 03:29:46,0.317s,PASSED
"callTestCase(findTestCase(""Registro_Envíos/1.Inicio/3.Pago_envíos/Pago_TDC""), [:], STOP_ON_FAILURE)",Edge Chromium 131,,,2025-01-20 03:29:46,2025-01-20 03:30:06,20.552s,PASSED
,,,,,,,
Test Cases/Registro_Envíos/3. Positivas/1. Paquetes/Origen Lima/2.Girley/3.Camb_Dir_Tienda,Edge Chromium 131,,,2025-01-20 03:30:06,2025-01-20 03:31:20,1m - 13.371s,PASSED
"callTestCase(findTestCase(""Registro_Envíos/1.Inicio/1.Principal/Principal-Home""), [:], STOP_ON_FAILURE)",Edge Chromium 131,,,2025-01-20 03:30:07,2025-01-20 03:30:11,4.448s,PASSED
"callTestCase(findTestCase(""Registro_Envíos/1.Inicio/1.Principal/Selecc_paquete""), [:], STOP_ON_FAILURE)",Edge Chromium 131,,,2025-01-20 03:30:11,2025-01-20 03:30:19,8.303s,PASSED
"callTestCase(findTestCase(""Registro_Envíos/1.Inicio/2.Login/4.LoginCE-Colab""), [:], STOP_ON_FAILURE)",Edge Chromium 131,,,2025-01-20 03:30:19,2025-01-20 03:30:21,2.155s,PASSED
"click(findTestObject(""Object Repository/Registro de envíos/Test cases/button_SeleccArt""), STOP_ON_FAILURE)",Edge Chromium 131,,,2025-01-20 03:30:21,2025-01-20 03:30:22,0.320s,PASSED
"click(findTestObject(""Object Repository/Registro de envíos/Test cases/span_ART_LIMP""), STOP_ON_FAILURE)",Edge Chromium 131,,,2025-01-20 03:30:22,2025-01-20 03:30:22,0.346s,PASSED
"setText(findTestObject(""Object Repository/Registro de envíos/Test cases/input_pqte_artic""), ""PRUEBA1"", STOP_ON_FAILURE)",Edge Chromium 131,,,2025-01-20 03:30:22,2025-01-20 03:30:23,0.647s,PASSED
"setText(findTestObject(""Object Repository/Registro de envíos/Test cases/input_pqte_val""), ""13"", STOP_ON_FAILURE)",Edge Chromium 131,,,2025-01-20 03:30:23,2025-01-20 03:30:23,0.632s,PASSED
"setText(findTestObject(""Object Repository/Registro de envíos/Test cases/input_pqte_larg""), ""12"", STOP_ON_FAILURE)",Edge Chromium 131,,,2025-01-20 03:30:23,2025-01-20 03:30:24,0.612s,PASSED
"setText(findTestObject(""Object Repository/Registro de envíos/Test cases/input_pqte_anch""), ""14"", STOP_ON_FAILURE)",Edge Chromium 131,,,2025-01-20 03:30:24,2025-01-20 03:30:25,0.622s,PASSED
"setText(findTestObject(""Object Repository/Registro de envíos/Test cases/input_pqte_alt""), ""15"", STOP_ON_FAILURE)",Edge Chromium 131,,,2025-01-20 03:30:25,2025-01-20 03:30:25,0.624s,PASSED
"setText(findTestObject(""Object Repository/Registro de envíos/Test cases/input_pqte_peso""), ""1"", STOP_ON_FAILURE)",Edge Chromium 131,,,2025-01-20 03:30:25,2025-01-20 03:30:26,0.626s,PASSED
"click(findTestObject(""Object Repository/Registro de envíos/Test cases/span_PuntPartid""), STOP_ON_FAILURE)",Edge Chromium 131,,,2025-01-20 03:30:26,2025-01-20 03:30:26,0.313s,PASSED
"click(findTestObject(""Object Repository/Registro de envíos/Test cases/a_LIMA""), STOP_ON_FAILURE)",Edge Chromium 131,,,2025-01-20 03:30:26,2025-01-20 03:30:27,0.322s,PASSED
"delay(3, STOP_ON_FAILURE)",Edge Chromium 131,,,2025-01-20 03:30:27,2025-01-20 03:30:30,3.010s,PASSED
"verifyElementPresent(findTestObject(""Object Repository/Registro de envíos/Test cases/div_PROMCOLAB""), 0, STOP_ON_FAILURE)",Edge Chromium 131,,,2025-01-20 03:30:30,2025-01-20 03:30:30,0.328s,PASSED
"click(findTestObject(""Object Repository/Registro de envíos/Test cases/span_""), STOP_ON_FAILURE)",Edge Chromium 131,,,2025-01-20 03:30:30,2025-01-20 03:30:30,0.357s,PASSED
"click(findTestObject(""Object Repository/Registro de envíos/Test cases/span_PuntLlegad""), STOP_ON_FAILURE)",Edge Chromium 131,,,2025-01-20 03:30:30,2025-01-20 03:30:31,0.407s,PASSED
"click(findTestObject(""Object Repository/Registro de envíos/Test cases/input_PuntLlegad""), STOP_ON_FAILURE)",Edge Chromium 131,,,2025-01-20 03:30:31,2025-01-20 03:30:31,0.321s,PASSED
"setText(findTestObject(""Object Repository/Registro de envíos/Test cases/input_PuntLlegad""), ""san borja"", STOP_ON_FAILURE)",Edge Chromium 131,,,2025-01-20 03:30:31,2025-01-20 03:30:32,0.902s,PASSED
"delay(4, STOP_ON_FAILURE)",Edge Chromium 131,,,2025-01-20 03:30:32,2025-01-20 03:30:36,4.015s,PASSED
"scrollToElement(findTestObject(""Object Repository/Registro de envíos/Test cases/span_LIM_SanBorj""), 0, STOP_ON_FAILURE)",Edge Chromium 131,,,2025-01-20 03:30:36,2025-01-20 03:30:36,0.293s,PASSED
"click(findTestObject(""Object Repository/Registro de envíos/Test cases/span_LIM_SanBorj""), STOP_ON_FAILURE)",Edge Chromium 131,,,2025-01-20 03:30:36,2025-01-20 03:30:37,0.406s,PASSED
"click(findTestObject(""Object Repository/Registro de envíos/Test cases/span_TipEntreg""), STOP_ON_FAILURE)",Edge Chromium 131,,,2025-01-20 03:30:37,2025-01-20 03:30:37,0.380s,PASSED
"click(findTestObject(""Object Repository/Registro de envíos/Test cases/a_EntregDomic""), STOP_ON_FAILURE)",Edge Chromium 131,,,2025-01-20 03:30:37,2025-01-20 03:30:39,1.626s,PASSED
"scrollToElement(findTestObject(""Object Repository/Registro de envíos/Test cases/input_dir_entreg""), 0, STOP_ON_FAILURE)",Edge Chromium 131,,,2025-01-20 03:30:39,2025-01-20 03:30:39,0.316s,PASSED
"setText(findTestObject(""Object Repository/Registro de envíos/Test cases/input_dir_entreg""), ""Comandante espinar 659, miraflores"", STOP_ON_FAILURE)",Edge Chromium 131,,,2025-01-20 03:30:39,2025-01-20 03:30:40,0.740s,PASSED
delay(2),Edge Chromium 131,,,2025-01-20 03:30:40,2025-01-20 03:30:42,2.016s,PASSED
"sendKeys(findTestObject(""Object Repository/Registro de envíos/Test cases/input_dir_entreg""), Keys.chord(ENTER), STOP_ON_FAILURE)",Edge Chromium 131,,,2025-01-20 03:30:42,2025-01-20 03:30:42,0.365s,PASSED
delay(3),Edge Chromium 131,,,2025-01-20 03:30:42,2025-01-20 03:30:45,3.014s,PASSED
"scrollToElement(findTestObject(""Registro de envíos/Test cases/Girley/validac_Destino""), 0)",Edge Chromium 131,,,2025-01-20 03:30:45,2025-01-20 03:30:47,1.806s,PASSED
"verifyElementText(findTestObject(""Registro de envíos/Test cases/Girley/validac_Destino""), ""LIMA - LIMA - MIRAFLORES"")",Edge Chromium 131,,,2025-01-20 03:30:47,2025-01-20 03:30:47,0.326s,PASSED
delay(2),Edge Chromium 131,,,2025-01-20 03:30:47,2025-01-20 03:30:49,2.003s,PASSED
"scrollToElement(findTestObject(""Object Repository/Registro de envíos/Test cases/button_TipDocument""), 0, STOP_ON_FAILURE)",Edge Chromium 131,,,2025-01-20 03:30:49,2025-01-20 03:30:49,0.294s,PASSED
"click(findTestObject(""Object Repository/Registro de envíos/Test cases/button_TipDocument""), STOP_ON_FAILURE)",Edge Chromium 131,,,2025-01-20 03:30:49,2025-01-20 03:30:50,0.307s,PASSED
"click(findTestObject(""Object Repository/Registro de envíos/Test cases/a_DNI""), STOP_ON_FAILURE)",Edge Chromium 131,,,2025-01-20 03:30:50,2025-01-20 03:30:50,0.328s,PASSED
"setText(findTestObject(""Object Repository/Registro de envíos/Test cases/input_Consig_dni""), ""12345678"", STOP_ON_FAILURE)",Edge Chromium 131,,,2025-01-20 03:30:50,2025-01-20 03:30:51,0.663s,PASSED
"verifyElementPresent(findTestObject(""Object Repository/Registro de envíos/Test cases/div_PINTO""), 0, STOP_ON_FAILURE)",Edge Chromium 131,,,2025-01-20 03:30:51,2025-01-20 03:30:59,8.312s,PASSED
"scrollToElement(findTestObject(""Object Repository/Registro de envíos/Test cases/button_cntnuar(1)""), 0, STOP_ON_FAILURE)",Edge Chromium 131,,,2025-01-20 03:30:59,2025-01-20 03:30:59,0.331s,PASSED
"click(findTestObject(""Object Repository/Registro de envíos/Test cases/button_cntnuar(1)""), STOP_ON_FAILURE)",Edge Chromium 131,,,2025-01-20 03:30:59,2025-01-20 03:31:00,0.329s,PASSED
"verifyElementText(findTestObject(""Object Repository/Registro de envíos/Test cases/th_lima""), ""Lima"", STOP_ON_FAILURE)",Edge Chromium 131,,,2025-01-20 03:31:00,2025-01-20 03:31:01,1.338s,PASSED
"verifyElementText(findTestObject(""Object Repository/Registro de envíos/Test cases/th_EntregDomic""), ""Recojo En Tienda"", STOP_ON_FAILURE)",Edge Chromium 131,,,2025-01-20 03:31:01,2025-01-20 03:31:01,0.342s,PASSED
"verifyElementText(findTestObject(""Registro de envíos/Test cases/Girley/validac_Destino_Resum""), ""Lima - Lima - Miraflores"", STOP_ON_FAILURE)",Edge Chromium 131,,,2025-01-20 03:31:01,2025-01-20 03:31:02,0.313s,PASSED
"verifyElementPresent(findTestObject(""Object Repository/Registro de envíos/Test cases/th_7.30""), 0, STOP_ON_FAILURE)",Edge Chromium 131,,,2025-01-20 03:31:02,2025-01-20 03:31:02,0.282s,PASSED
"verifyElementPresent(findTestObject(""Object Repository/Registro de envíos/Test cases/th_0.00""), 0, STOP_ON_FAILURE)",Edge Chromium 131,,,2025-01-20 03:31:02,2025-01-20 03:31:02,0.290s,PASSED
"click(findTestObject(""Object Repository/Registro de envíos/Test cases/1-Principal/button_IR A PAGAR S 7.30""))",Edge Chromium 131,,,2025-01-20 03:31:02,2025-01-20 03:31:03,0.322s,PASSED
"verifyElementPresent(findTestObject(""Object Repository/Registro de envíos/Test cases/Girley/div_INGRESA TU CLAVE DE SEGURIDAD          _f716a0""), 0)",Edge Chromium 131,,,2025-01-20 03:31:03,2025-01-20 03:31:03,0.296s,PASSED
"verifyElementText(findTestObject(""Object Repository/Registro de envíos/Test cases/Girley/b_INGRESA TU CLAVE DE SEGURIDAD""), ""INGRESA TU CLAVE DE SEGURIDAD"")",Edge Chromium 131,,,2025-01-20 03:31:03,2025-01-20 03:31:03,0.323s,PASSED
"setText(findTestObject(""Object Repository/Registro de envíos/Test cases/Girley/input_Tienes envos con recojo en tienda, se_b85f5d""), ""1"")",Edge Chromium 131,,,2025-01-20 03:31:03,2025-01-20 03:31:04,0.648s,PASSED
"setText(findTestObject(""Object Repository/Registro de envíos/Test cases/Girley/input_Tienes envos con recojo en tienda, se_af5936""), ""2"")",Edge Chromium 131,,,2025-01-20 03:31:04,2025-01-20 03:31:04,0.612s,PASSED
"setText(findTestObject(""Object Repository/Registro de envíos/Test cases/Girley/input_Tienes envos con recojo en tienda, se_653975""), ""3"")",Edge Chromium 131,,,2025-01-20 03:31:04,2025-01-20 03:31:05,0.652s,PASSED
"setText(findTestObject(""Object Repository/Registro de envíos/Test cases/Girley/input_Tienes envos con recojo en tienda, se_8615a0""), ""4"")",Edge Chromium 131,,,2025-01-20 03:31:05,2025-01-20 03:31:06,0.617s,PASSED
"click(findTestObject(""Object Repository/Registro de envíos/Test cases/Girley/b_Aceptar""))",Edge Chromium 131,,,2025-01-20 03:31:06,2025-01-20 03:31:06,0.316s,PASSED
"callTestCase(findTestCase(""Registro_Envíos/1.Inicio/3.Pago_envíos/Pago_Tienda""), [:], STOP_ON_FAILURE)",Edge Chromium 131,,,2025-01-20 03:31:06,2025-01-20 03:31:20,13.683s,PASSED
,,,,,,,
Test Cases/Registro_Envíos/3. Positivas/1. Paquetes/Origen Lima/2.Girley/2.Direccion_callao,Edge Chromium 131,,,2025-01-20 03:31:20,2025-01-20 03:32:27,1m - 6.787s,PASSED
"callTestCase(findTestCase(""Registro_Envíos/1.Inicio/1.Principal/Principal-Home""), [:], STOP_ON_FAILURE)",Edge Chromium 131,,,2025-01-20 03:31:20,2025-01-20 03:31:25,5.034s,PASSED
"callTestCase(findTestCase(""Registro_Envíos/1.Inicio/1.Principal/Selecc_paquete""), [:], STOP_ON_FAILURE)",Edge Chromium 131,,,2025-01-20 03:31:25,2025-01-20 03:31:33,8.288s,PASSED
"callTestCase(findTestCase(""Registro_Envíos/1.Inicio/2.Login/4.LoginCE-Colab""), [:], STOP_ON_FAILURE)",Edge Chromium 131,,,2025-01-20 03:31:33,2025-01-20 03:31:35,1.665s,PASSED
"click(findTestObject(""Object Repository/Registro de envíos/Test cases/button_SeleccArt""), STOP_ON_FAILURE)",Edge Chromium 131,,,2025-01-20 03:31:35,2025-01-20 03:31:35,0.319s,PASSED
"click(findTestObject(""Object Repository/Registro de envíos/Test cases/span_ART_LIMP""), STOP_ON_FAILURE)",Edge Chromium 131,,,2025-01-20 03:31:35,2025-01-20 03:31:36,0.346s,PASSED
"setText(findTestObject(""Object Repository/Registro de envíos/Test cases/input_pqte_artic""), ""PRUEBA1"", STOP_ON_FAILURE)",Edge Chromium 131,,,2025-01-20 03:31:36,2025-01-20 03:31:36,0.753s,PASSED
"setText(findTestObject(""Object Repository/Registro de envíos/Test cases/input_pqte_val""), ""13"", STOP_ON_FAILURE)",Edge Chromium 131,,,2025-01-20 03:31:36,2025-01-20 03:31:37,0.623s,PASSED
"setText(findTestObject(""Object Repository/Registro de envíos/Test cases/input_pqte_larg""), ""12"", STOP_ON_FAILURE)",Edge Chromium 131,,,2025-01-20 03:31:37,2025-01-20 03:31:38,0.624s,PASSED
"setText(findTestObject(""Object Repository/Registro de envíos/Test cases/input_pqte_anch""), ""14"", STOP_ON_FAILURE)",Edge Chromium 131,,,2025-01-20 03:31:38,2025-01-20 03:31:38,0.620s,PASSED
"setText(findTestObject(""Object Repository/Registro de envíos/Test cases/input_pqte_alt""), ""15"", STOP_ON_FAILURE)",Edge Chromium 131,,,2025-01-20 03:31:38,2025-01-20 03:31:39,0.624s,PASSED
"setText(findTestObject(""Object Repository/Registro de envíos/Test cases/input_pqte_peso""), ""1"", STOP_ON_FAILURE)",Edge Chromium 131,,,2025-01-20 03:31:39,2025-01-20 03:31:39,0.623s,PASSED
"click(findTestObject(""Object Repository/Registro de envíos/Test cases/span_PuntPartid""), STOP_ON_FAILURE)",Edge Chromium 131,,,2025-01-20 03:31:39,2025-01-20 03:31:40,0.329s,PASSED
"click(findTestObject(""Object Repository/Registro de envíos/Test cases/a_LIMA""), STOP_ON_FAILURE)",Edge Chromium 131,,,2025-01-20 03:31:40,2025-01-20 03:31:40,0.325s,PASSED
"delay(3, STOP_ON_FAILURE)",Edge Chromium 131,,,2025-01-20 03:31:40,2025-01-20 03:31:43,3.008s,PASSED
"verifyElementPresent(findTestObject(""Object Repository/Registro de envíos/Test cases/div_PROMCOLAB""), 0, STOP_ON_FAILURE)",Edge Chromium 131,,,2025-01-20 03:31:43,2025-01-20 03:31:43,0.286s,PASSED
"click(findTestObject(""Object Repository/Registro de envíos/Test cases/span_""), STOP_ON_FAILURE)",Edge Chromium 131,,,2025-01-20 03:31:43,2025-01-20 03:31:44,0.316s,PASSED
"click(findTestObject(""Object Repository/Registro de envíos/Test cases/span_PuntLlegad""), STOP_ON_FAILURE)",Edge Chromium 131,,,2025-01-20 03:31:44,2025-01-20 03:31:44,0.470s,PASSED
"click(findTestObject(""Object Repository/Registro de envíos/Test cases/input_PuntLlegad""), STOP_ON_FAILURE)",Edge Chromium 131,,,2025-01-20 03:31:44,2025-01-20 03:31:44,0.344s,PASSED
"setText(findTestObject(""Object Repository/Registro de envíos/Test cases/input_PuntLlegad""), ""san borja"", STOP_ON_FAILURE)",Edge Chromium 131,,,2025-01-20 03:31:44,2025-01-20 03:31:45,0.912s,PASSED
"delay(4, STOP_ON_FAILURE)",Edge Chromium 131,,,2025-01-20 03:31:45,2025-01-20 03:31:49,4.008s,PASSED
"scrollToElement(findTestObject(""Object Repository/Registro de envíos/Test cases/span_LIM_SanBorj""), 0, STOP_ON_FAILURE)",Edge Chromium 131,,,2025-01-20 03:31:49,2025-01-20 03:31:50,0.298s,PASSED
"click(findTestObject(""Object Repository/Registro de envíos/Test cases/span_LIM_SanBorj""), STOP_ON_FAILURE)",Edge Chromium 131,,,2025-01-20 03:31:50,2025-01-20 03:31:50,0.397s,PASSED
"click(findTestObject(""Object Repository/Registro de envíos/Test cases/span_TipEntreg""), STOP_ON_FAILURE)",Edge Chromium 131,,,2025-01-20 03:31:50,2025-01-20 03:31:50,0.327s,PASSED
"click(findTestObject(""Object Repository/Registro de envíos/Test cases/a_EntregDomic""), STOP_ON_FAILURE)",Edge Chromium 131,,,2025-01-20 03:31:50,2025-01-20 03:31:52,1.591s,PASSED
"scrollToElement(findTestObject(""Object Repository/Registro de envíos/Test cases/input_dir_entreg""), 0, STOP_ON_FAILURE)",Edge Chromium 131,,,2025-01-20 03:31:52,2025-01-20 03:31:52,0.305s,PASSED
"setText(findTestObject(""Object Repository/Registro de envíos/Test cases/input_dir_entreg""), ""Jr. Atahualpa No 602, Callao, Callao"", STOP_ON_FAILURE)",Edge Chromium 131,,,2025-01-20 03:31:52,2025-01-20 03:31:53,0.756s,PASSED
"sendKeys(findTestObject(""Object Repository/Registro de envíos/Test cases/input_dir_entreg""), Keys.chord(ENTER), STOP_ON_FAILURE)",Edge Chromium 131,,,2025-01-20 03:31:53,2025-01-20 03:31:55,1.785s,PASSED
"scrollToElement(findTestObject(""Object Repository/Registro de envíos/Test cases/input_dir_ref""), 0, STOP_ON_FAILURE)",Edge Chromium 131,,,2025-01-20 03:31:55,2025-01-20 03:31:58,3.343s,PASSED
"setText(findTestObject(""Object Repository/Registro de envíos/Test cases/input_dir_ref""), ""ABC"", STOP_ON_FAILURE)",Edge Chromium 131,,,2025-01-20 03:31:58,2025-01-20 03:31:59,0.624s,PASSED
"scrollToElement(findTestObject(""Object Repository/Registro de envíos/Test cases/button_TipDocument""), 0, STOP_ON_FAILURE)",Edge Chromium 131,,,2025-01-20 03:31:59,2025-01-20 03:31:59,0.300s,PASSED
"click(findTestObject(""Object Repository/Registro de envíos/Test cases/button_TipDocument""), STOP_ON_FAILURE)",Edge Chromium 131,,,2025-01-20 03:31:59,2025-01-20 03:31:59,0.324s,PASSED
"click(findTestObject(""Object Repository/Registro de envíos/Test cases/a_DNI""), STOP_ON_FAILURE)",Edge Chromium 131,,,2025-01-20 03:31:59,2025-01-20 03:32:00,0.339s,PASSED
"setText(findTestObject(""Object Repository/Registro de envíos/Test cases/input_Consig_dni""), ""12345678"", STOP_ON_FAILURE)",Edge Chromium 131,,,2025-01-20 03:32:00,2025-01-20 03:32:00,0.638s,PASSED
"verifyElementPresent(findTestObject(""Object Repository/Registro de envíos/Test cases/div_PINTO""), 0, STOP_ON_FAILURE)",Edge Chromium 131,,,2025-01-20 03:32:00,2025-01-20 03:32:03,2.730s,PASSED
"scrollToElement(findTestObject(""Object Repository/Registro de envíos/Test cases/button_cntnuar(1)""), 0, STOP_ON_FAILURE)",Edge Chromium 131,,,2025-01-20 03:32:03,2025-01-20 03:32:03,0.298s,PASSED
"click(findTestObject(""Object Repository/Registro de envíos/Test cases/button_cntnuar(1)""), STOP_ON_FAILURE)",Edge Chromium 131,,,2025-01-20 03:32:03,2025-01-20 03:32:04,0.336s,PASSED
"verifyElementText(findTestObject(""Object Repository/Registro de envíos/Test cases/th_lima""), ""Lima"", STOP_ON_FAILURE)",Edge Chromium 131,,,2025-01-20 03:32:04,2025-01-20 03:32:06,2.200s,PASSED
"verifyElementText(findTestObject(""Object Repository/Registro de envíos/Test cases/th_EntregDomic""), ""Entrega A Domicilio"", STOP_ON_FAILURE)",Edge Chromium 131,,,2025-01-20 03:32:06,2025-01-20 03:32:06,0.299s,PASSED
"verifyElementPresent(findTestObject(""Object Repository/Registro de envíos/Test cases/th_7.30""), 0, STOP_ON_FAILURE)",Edge Chromium 131,,,2025-01-20 03:32:06,2025-01-20 03:32:07,0.279s,PASSED
"verifyElementPresent(findTestObject(""Object Repository/Registro de envíos/Test cases/th_0.00""), 0, STOP_ON_FAILURE)",Edge Chromium 131,,,2025-01-20 03:32:07,2025-01-20 03:32:07,0.303s,PASSED
"click(findTestObject(""Object Repository/Registro de envíos/Test cases/1-Principal/button_IR A PAGAR S 7.30""))",Edge Chromium 131,,,2025-01-20 03:32:07,2025-01-20 03:32:07,0.322s,PASSED
"callTestCase(findTestCase(""Registro_Envíos/1.Inicio/3.Pago_envíos/Pago_TDC""), [:], STOP_ON_FAILURE)",Edge Chromium 131,,,2025-01-20 03:32:07,2025-01-20 03:32:27,19.339s,PASSED
,,,,,,,
Test Cases/Registro_Envíos/3. Positivas/1. Paquetes/Origen Lima/2.Girley/1.Destin_Lima,Edge Chromium 131,,,2025-01-20 03:32:27,2025-01-20 03:33:39,1m - 12.074s,PASSED
"callTestCase(findTestCase(""Registro_Envíos/1.Inicio/1.Principal/Principal-Home""), [:], STOP_ON_FAILURE)",Edge Chromium 131,,,2025-01-20 03:32:27,2025-01-20 03:32:32,4.964s,PASSED
"callTestCase(findTestCase(""Registro_Envíos/1.Inicio/1.Principal/Selecc_paquete""), [:], STOP_ON_FAILURE)",Edge Chromium 131,,,2025-01-20 03:32:32,2025-01-20 03:32:40,8.413s,PASSED
"callTestCase(findTestCase(""Registro_Envíos/1.Inicio/2.Login/4.LoginCE-Colab""), [:], STOP_ON_FAILURE)",Edge Chromium 131,,,2025-01-20 03:32:40,2025-01-20 03:32:42,1.668s,PASSED
"click(findTestObject(""Object Repository/Registro de envíos/Test cases/button_SeleccArt""), STOP_ON_FAILURE)",Edge Chromium 131,,,2025-01-20 03:32:42,2025-01-20 03:32:42,0.321s,PASSED
"click(findTestObject(""Object Repository/Registro de envíos/Test cases/span_ART_LIMP""), STOP_ON_FAILURE)",Edge Chromium 131,,,2025-01-20 03:32:42,2025-01-20 03:32:42,0.337s,PASSED
"setText(findTestObject(""Object Repository/Registro de envíos/Test cases/input_pqte_artic""), ""PRUEBA1"", STOP_ON_FAILURE)",Edge Chromium 131,,,2025-01-20 03:32:42,2025-01-20 03:32:43,0.634s,PASSED
"setText(findTestObject(""Object Repository/Registro de envíos/Test cases/input_pqte_val""), ""13"", STOP_ON_FAILURE)",Edge Chromium 131,,,2025-01-20 03:32:43,2025-01-20 03:32:44,0.617s,PASSED
"setText(findTestObject(""Object Repository/Registro de envíos/Test cases/input_pqte_larg""), ""12"", STOP_ON_FAILURE)",Edge Chromium 131,,,2025-01-20 03:32:44,2025-01-20 03:32:44,0.611s,PASSED
"setText(findTestObject(""Object Repository/Registro de envíos/Test cases/input_pqte_anch""), ""14"", STOP_ON_FAILURE)",Edge Chromium 131,,,2025-01-20 03:32:44,2025-01-20 03:32:45,0.627s,PASSED
"setText(findTestObject(""Object Repository/Registro de envíos/Test cases/input_pqte_alt""), ""15"", STOP_ON_FAILURE)",Edge Chromium 131,,,2025-01-20 03:32:45,2025-01-20 03:32:46,0.657s,PASSED
"setText(findTestObject(""Object Repository/Registro de envíos/Test cases/input_pqte_peso""), ""1"", STOP_ON_FAILURE)",Edge Chromium 131,,,2025-01-20 03:32:46,2025-01-20 03:32:46,0.625s,PASSED
"click(findTestObject(""Object Repository/Registro de envíos/Test cases/span_PuntPartid""), STOP_ON_FAILURE)",Edge Chromium 131,,,2025-01-20 03:32:46,2025-01-20 03:32:47,0.323s,PASSED
"click(findTestObject(""Object Repository/Registro de envíos/Test cases/a_LIMA""), STOP_ON_FAILURE)",Edge Chromium 131,,,2025-01-20 03:32:47,2025-01-20 03:32:47,0.343s,PASSED
"delay(3, STOP_ON_FAILURE)",Edge Chromium 131,,,2025-01-20 03:32:47,2025-01-20 03:32:50,3.007s,PASSED
"verifyElementPresent(findTestObject(""Object Repository/Registro de envíos/Test cases/div_PROMCOLAB""), 0, STOP_ON_FAILURE)",Edge Chromium 131,,,2025-01-20 03:32:50,2025-01-20 03:32:50,0.313s,PASSED
"click(findTestObject(""Object Repository/Registro de envíos/Test cases/span_""), STOP_ON_FAILURE)",Edge Chromium 131,,,2025-01-20 03:32:50,2025-01-20 03:32:50,0.319s,PASSED
"delay(3, STOP_ON_FAILURE)",Edge Chromium 131,,,2025-01-20 03:32:50,2025-01-20 03:32:53,3.003s,PASSED
"click(findTestObject(""Object Repository/Registro de envíos/Test cases/span_PuntLlegad""), STOP_ON_FAILURE)",Edge Chromium 131,,,2025-01-20 03:32:53,2025-01-20 03:32:54,0.395s,PASSED
"click(findTestObject(""Object Repository/Registro de envíos/Test cases/input_PuntLlegad""), STOP_ON_FAILURE)",Edge Chromium 131,,,2025-01-20 03:32:54,2025-01-20 03:32:54,0.334s,PASSED
"setText(findTestObject(""Object Repository/Registro de envíos/Test cases/input_PuntLlegad""), ""san borja"", STOP_ON_FAILURE)",Edge Chromium 131,,,2025-01-20 03:32:54,2025-01-20 03:32:55,0.911s,PASSED
"delay(4, STOP_ON_FAILURE)",Edge Chromium 131,,,2025-01-20 03:32:55,2025-01-20 03:32:59,4.009s,PASSED
"scrollToElement(findTestObject(""Object Repository/Registro de envíos/Test cases/span_LIM_SanBorj""), 0, STOP_ON_FAILURE)",Edge Chromium 131,,,2025-01-20 03:32:59,2025-01-20 03:32:59,0.295s,PASSED
"click(findTestObject(""Object Repository/Registro de envíos/Test cases/span_LIM_SanBorj""), STOP_ON_FAILURE)",Edge Chromium 131,,,2025-01-20 03:32:59,2025-01-20 03:33:00,0.401s,PASSED
"click(findTestObject(""Object Repository/Registro de envíos/Test cases/span_TipEntreg""), STOP_ON_FAILURE)",Edge Chromium 131,,,2025-01-20 03:33:00,2025-01-20 03:33:00,0.324s,PASSED
"click(findTestObject(""Object Repository/Registro de envíos/Test cases/a_EntregDomic""), STOP_ON_FAILURE)",Edge Chromium 131,,,2025-01-20 03:33:00,2025-01-20 03:33:02,1.649s,PASSED
"scrollToElement(findTestObject(""Object Repository/Registro de envíos/Test cases/input_dir_entreg""), 0, STOP_ON_FAILURE)",Edge Chromium 131,,,2025-01-20 03:33:02,2025-01-20 03:33:02,0.316s,PASSED
"setText(findTestObject(""Object Repository/Registro de envíos/Test cases/input_dir_entreg""), ""Calle De Las Bellas Artes 122, San Borja, Lima, Lima, Perú"", STOP_ON_FAILURE)",Edge Chromium 131,,,2025-01-20 03:33:02,2025-01-20 03:33:03,0.809s,PASSED
"sendKeys(findTestObject(""Object Repository/Registro de envíos/Test cases/input_dir_entreg""), Keys.chord(ENTER), STOP_ON_FAILURE)",Edge Chromium 131,,,2025-01-20 03:33:03,2025-01-20 03:33:05,2.551s,PASSED
"scrollToElement(findTestObject(""Object Repository/Registro de envíos/Test cases/input_dir_ref""), 0, STOP_ON_FAILURE)",Edge Chromium 131,,,2025-01-20 03:33:05,2025-01-20 03:33:08,2.129s,PASSED
"setText(findTestObject(""Object Repository/Registro de envíos/Test cases/input_dir_ref""), ""ABC"", STOP_ON_FAILURE)",Edge Chromium 131,,,2025-01-20 03:33:08,2025-01-20 03:33:08,0.647s,PASSED
"scrollToElement(findTestObject(""Object Repository/Registro de envíos/Test cases/button_TipDocument""), 0, STOP_ON_FAILURE)",Edge Chromium 131,,,2025-01-20 03:33:08,2025-01-20 03:33:09,0.303s,PASSED
"click(findTestObject(""Object Repository/Registro de envíos/Test cases/button_TipDocument""), STOP_ON_FAILURE)",Edge Chromium 131,,,2025-01-20 03:33:09,2025-01-20 03:33:09,0.313s,PASSED
"click(findTestObject(""Object Repository/Registro de envíos/Test cases/a_DNI""), STOP_ON_FAILURE)",Edge Chromium 131,,,2025-01-20 03:33:09,2025-01-20 03:33:09,0.341s,PASSED
"setText(findTestObject(""Object Repository/Registro de envíos/Test cases/input_Consig_dni""), ""12345678"", STOP_ON_FAILURE)",Edge Chromium 131,,,2025-01-20 03:33:09,2025-01-20 03:33:10,0.680s,PASSED
"verifyElementPresent(findTestObject(""Object Repository/Registro de envíos/Test cases/div_PINTO""), 0, STOP_ON_FAILURE)",Edge Chromium 131,,,2025-01-20 03:33:10,2025-01-20 03:33:21,11.374s,PASSED
"scrollToElement(findTestObject(""Object Repository/Registro de envíos/Test cases/button_cntnuar(1)""), 0, STOP_ON_FAILURE)",Edge Chromium 131,,,2025-01-20 03:33:21,2025-01-20 03:33:22,0.334s,PASSED
"click(findTestObject(""Object Repository/Registro de envíos/Test cases/button_cntnuar(1)""), STOP_ON_FAILURE)",Edge Chromium 131,,,2025-01-20 03:33:22,2025-01-20 03:33:22,0.369s,PASSED
"verifyElementText(findTestObject(""Object Repository/Registro de envíos/Test cases/th_lima""), ""Lima"", STOP_ON_FAILURE)",Edge Chromium 131,,,2025-01-20 03:33:22,2025-01-20 03:33:24,2.210s,PASSED
"verifyElementText(findTestObject(""Object Repository/Registro de envíos/Test cases/th_EntregDomic""), ""Entrega A Domicilio"", STOP_ON_FAILURE)",Edge Chromium 131,,,2025-01-20 03:33:24,2025-01-20 03:33:25,0.331s,PASSED
"verifyElementPresent(findTestObject(""Object Repository/Registro de envíos/Test cases/th_7.30""), 0, STOP_ON_FAILURE)",Edge Chromium 131,,,2025-01-20 03:33:25,2025-01-20 03:33:25,0.309s,PASSED
"verifyElementPresent(findTestObject(""Object Repository/Registro de envíos/Test cases/th_0.00""), 0, STOP_ON_FAILURE)",Edge Chromium 131,,,2025-01-20 03:33:25,2025-01-20 03:33:25,0.288s,PASSED
"click(findTestObject(""Object Repository/Registro de envíos/Test cases/1-Principal/button_IR A PAGAR S 7.30""))",Edge Chromium 131,,,2025-01-20 03:33:25,2025-01-20 03:33:25,0.339s,PASSED
"callTestCase(findTestCase(""Registro_Envíos/1.Inicio/3.Pago_envíos/Pago_Tienda""), [:], STOP_ON_FAILURE)",Edge Chromium 131,,,2025-01-20 03:33:25,2025-01-20 03:33:39,13.155s,PASSED
,,,,,,,
"Test Cases/Registro_Envíos/3. Positivas/1. Paquetes/Origen Lima/3. Destinos D, DO y O/1.Destino_D",Edge Chromium 131,,,2025-01-20 03:33:39,2025-01-20 03:34:59,1m - 19.975s,PASSED
"callTestCase(findTestCase(""Registro_Envíos/1.Inicio/1.Principal/Principal-Home""), [:], STOP_ON_FAILURE)",Edge Chromium 131,,,2025-01-20 03:33:39,2025-01-20 03:33:43,4.414s,PASSED
"callTestCase(findTestCase(""Registro_Envíos/1.Inicio/1.Principal/Selecc_paquete""), [:], STOP_ON_FAILURE)",Edge Chromium 131,,,2025-01-20 03:33:43,2025-01-20 03:33:52,8.338s,PASSED
"callTestCase(findTestCase(""Registro_Envíos/1.Inicio/2.Login/4.LoginCE-Colab""), [:], STOP_ON_FAILURE)",Edge Chromium 131,,,2025-01-20 03:33:52,2025-01-20 03:33:53,1.723s,PASSED
"click(findTestObject(""Object Repository/span_Seleccionar artculo""))",Edge Chromium 131,,,2025-01-20 03:33:53,2025-01-20 03:33:54,0.323s,PASSED
"click(findTestObject(""Object Repository/a_CAJA""))",Edge Chromium 131,,,2025-01-20 03:33:54,2025-01-20 03:33:54,0.327s,PASSED
"setText(findTestObject(""Object Repository/Registro de envíos/Test cases/input_pqte_val""), ""13"", STOP_ON_FAILURE)",Edge Chromium 131,,,2025-01-20 03:33:54,2025-01-20 03:33:55,0.628s,PASSED
"setText(findTestObject(""Object Repository/Registro de envíos/Test cases/input_pqte_artic""), ""PRUEBA1"", STOP_ON_FAILURE)",Edge Chromium 131,,,2025-01-20 03:33:55,2025-01-20 03:33:55,0.643s,PASSED
"setText(findTestObject(""Object Repository/Registro de envíos/Test cases/input_pqte_larg""), ""12"", STOP_ON_FAILURE)",Edge Chromium 131,,,2025-01-20 03:33:55,2025-01-20 03:33:56,0.620s,PASSED
"setText(findTestObject(""Object Repository/Registro de envíos/Test cases/input_pqte_anch""), ""14"", STOP_ON_FAILURE)",Edge Chromium 131,,,2025-01-20 03:33:56,2025-01-20 03:33:56,0.624s,PASSED
"setText(findTestObject(""Object Repository/Registro de envíos/Test cases/input_pqte_alt""), ""15"", STOP_ON_FAILURE)",Edge Chromium 131,,,2025-01-20 03:33:56,2025-01-20 03:33:57,0.638s,PASSED
"setText(findTestObject(""Object Repository/Registro de envíos/Test cases/input_pqte_peso""), ""1"", STOP_ON_FAILURE)",Edge Chromium 131,,,2025-01-20 03:33:57,2025-01-20 03:33:58,0.627s,PASSED
"click(findTestObject(""Object Repository/Registro de envíos/Test cases/span_PuntPartid""), STOP_ON_FAILURE)",Edge Chromium 131,,,2025-01-20 03:33:58,2025-01-20 03:33:58,0.328s,PASSED
"click(findTestObject(""Object Repository/Registro de envíos/Test cases/a_LIMA""), STOP_ON_FAILURE)",Edge Chromium 131,,,2025-01-20 03:33:58,2025-01-20 03:33:58,0.324s,PASSED
"delay(3, STOP_ON_FAILURE)",Edge Chromium 131,,,2025-01-20 03:33:58,2025-01-20 03:34:01,3.009s,PASSED
"verifyElementPresent(findTestObject(""Object Repository/Registro de envíos/Test cases/div_PROMCOLAB""), 0, STOP_ON_FAILURE)",Edge Chromium 131,,,2025-01-20 03:34:01,2025-01-20 03:34:02,0.286s,PASSED
"click(findTestObject(""Object Repository/Registro de envíos/Test cases/span_""), STOP_ON_FAILURE)",Edge Chromium 131,,,2025-01-20 03:34:02,2025-01-20 03:34:02,0.317s,PASSED
"delay(3, STOP_ON_FAILURE)",Edge Chromium 131,,,2025-01-20 03:34:02,2025-01-20 03:34:05,3.014s,PASSED
"click(findTestObject(""Object Repository/Registro de envíos/Test cases/span_PuntLlegad""), STOP_ON_FAILURE)",Edge Chromium 131,,,2025-01-20 03:34:05,2025-01-20 03:34:05,0.472s,PASSED
"click(findTestObject(""Object Repository/Registro de envíos/Test cases/input_PuntLlegad""), STOP_ON_FAILURE)",Edge Chromium 131,,,2025-01-20 03:34:05,2025-01-20 03:34:06,0.320s,PASSED
"setText(findTestObject(""Object Repository/Registro de envíos/Test cases/input_PuntLlegad""), ""aramango"", STOP_ON_FAILURE)",Edge Chromium 131,,,2025-01-20 03:34:06,2025-01-20 03:34:07,0.876s,PASSED
"scrollToElement(findTestObject(""Object Repository/span_AMAZONAS - BAGUA - ARAMANGO""), 0)",Edge Chromium 131,,,2025-01-20 03:34:07,2025-01-20 03:34:07,0.295s,PASSED
"click(findTestObject(""Object Repository/span_AMAZONAS - BAGUA - ARAMANGO""))",Edge Chromium 131,,,2025-01-20 03:34:07,2025-01-20 03:34:09,1.803s,PASSED
"setText(findTestObject(""Registro de envíos/Test cases/input_dir_entreg""), ""ARAMANGO DIRECCIÓN DE PRUEBa"")",Edge Chromium 131,,,2025-01-20 03:34:09,2025-01-20 03:34:09,0.698s,PASSED
"click(findTestObject(""Object Repository/span_Entrega a domicilio""))",Edge Chromium 131,,,2025-01-20 03:34:09,2025-01-20 03:34:10,0.319s,PASSED
"click(findTestObject(""Registro de envíos/Test cases/Girley/a_Recojo en tienda""))",Edge Chromium 131,,,2025-01-20 03:34:10,2025-01-20 03:34:10,0.333s,PASSED
"click(findTestObject(""D, O, DO/button_Acept_D""))",Edge Chromium 131,,,2025-01-20 03:34:10,2025-01-20 03:34:10,0.415s,PASSED
"click(findTestObject(""Object Repository/span_Entrega a domicilio""))",Edge Chromium 131,,,2025-01-20 03:34:10,2025-01-20 03:34:11,0.332s,PASSED
"click(findTestObject(""Registro de envíos/Test cases/a_EntregDomic""))",Edge Chromium 131,,,2025-01-20 03:34:11,2025-01-20 03:34:11,0.339s,PASSED
"setText(findTestObject(""Registro de envíos/Test cases/input_dir_entreg""), ""ARAMANGO DIRECCIÓN DE PRUEBa"")",Edge Chromium 131,,,2025-01-20 03:34:11,2025-01-20 03:34:12,0.718s,PASSED
"setText(findTestObject(""Registro de envíos/Test cases/input_dir_ref""), ""PRUEBa"")",Edge Chromium 131,,,2025-01-20 03:34:12,2025-01-20 03:34:13,0.751s,PASSED
"scrollToElement(findTestObject(""Object Repository/Registro de envíos/Test cases/button_TipDocument""), 0, STOP_ON_FAILURE)",Edge Chromium 131,,,2025-01-20 03:34:13,2025-01-20 03:34:13,0.298s,PASSED
"click(findTestObject(""Object Repository/Registro de envíos/Test cases/button_TipDocument""), STOP_ON_FAILURE)",Edge Chromium 131,,,2025-01-20 03:34:13,2025-01-20 03:34:13,0.312s,PASSED
"click(findTestObject(""Object Repository/span_CARN EXT""))",Edge Chromium 131,,,2025-01-20 03:34:13,2025-01-20 03:34:14,0.325s,PASSED
"setText(findTestObject(""Difuminado/input_CARN EXT_txt_consignado_dni""), ""003680378"")",Edge Chromium 131,,,2025-01-20 03:34:14,2025-01-20 03:34:14,0.658s,PASSED
"click(findTestObject(""Registro de envíos/Test cases/button_cntnuar(1)""))",Edge Chromium 131,,,2025-01-20 03:34:14,2025-01-20 03:34:15,0.332s,PASSED
"click(findTestObject(""Object Repository/a_AGREGAR ENVOS""))",Edge Chromium 131,,,2025-01-20 03:34:15,2025-01-20 03:34:17,2.359s,PASSED
"click(findTestObject(""Difuminado/img_Envo de cajas o paquetescon un peso mxi_37770f""))",Edge Chromium 131,,,2025-01-20 03:34:17,2025-01-20 03:34:17,0.523s,PASSED
"click(findTestObject(""Registro de envíos/Test cases/button_cntnuar""))",Edge Chromium 131,,,2025-01-20 03:34:17,2025-01-20 03:34:18,1.033s,PASSED
delay(5),Edge Chromium 131,,,2025-01-20 03:34:18,2025-01-20 03:34:23,5.015s,PASSED
"verifyElementPresent(findTestObject(""Object Repository/Registro de envíos/Test cases/div_PROMCOLAB""), 0, STOP_ON_FAILURE)",Edge Chromium 131,,,2025-01-20 03:34:23,2025-01-20 03:34:24,0.284s,PASSED
"click(findTestObject(""Object Repository/Registro de envíos/Test cases/span_""), STOP_ON_FAILURE)",Edge Chromium 131,,,2025-01-20 03:34:24,2025-01-20 03:34:24,0.319s,PASSED
"setText(findTestObject(""Difuminado/input_Qu Envas_input_descripcion""), ""PRUEBA"")",Edge Chromium 131,,,2025-01-20 03:34:24,2025-01-20 03:34:25,0.815s,PASSED
"setText(findTestObject(""Difuminado/input_Qu Envas_input_valor""), ""12"")",Edge Chromium 131,,,2025-01-20 03:34:25,2025-01-20 03:34:26,0.714s,PASSED
"click(findTestObject(""Difuminado/span_Ingrese el punto de llegada""))",Edge Chromium 131,,,2025-01-20 03:34:26,2025-01-20 03:34:26,0.408s,PASSED
"setText(findTestObject(""Registro de envíos/cargo adjunto/Page_Olva Courier  Datos Personales/input_Ingrese el punto de llegada_form-control""), ""punta negra"")",Edge Chromium 131,,,2025-01-20 03:34:26,2025-01-20 03:34:27,0.985s,PASSED
"click(findTestObject(""Object Repository/a_LIMA - LIMA - PUNTA NEGRA""))",Edge Chromium 131,,,2025-01-20 03:34:27,2025-01-20 03:34:29,1.997s,PASSED
"setText(findTestObject(""Registro de envíos/Test cases/input_dir_entreg""), ""PUNTA NEGRa"")",Edge Chromium 131,,,2025-01-20 03:34:29,2025-01-20 03:34:30,0.752s,PASSED
"setText(findTestObject(""Registro de envíos/Test cases/input_dir_ref""), ""PRUEBa"")",Edge Chromium 131,,,2025-01-20 03:34:30,2025-01-20 03:34:31,1.483s,PASSED
"click(findTestObject(""Object Repository/span_No""))",Edge Chromium 131,,,2025-01-20 03:34:31,2025-01-20 03:34:32,0.332s,PASSED
"click(findTestObject(""Object Repository/a_Si""))",Edge Chromium 131,,,2025-01-20 03:34:32,2025-01-20 03:34:32,0.324s,PASSED
"click(findTestObject(""Object Repository/span_Entrega a domicilio""))",Edge Chromium 131,,,2025-01-20 03:34:32,2025-01-20 03:34:32,0.311s,PASSED
"click(findTestObject(""Difuminado/a_Recojo en tienda""))",Edge Chromium 131,,,2025-01-20 03:34:32,2025-01-20 03:34:33,0.322s,PASSED
"verifyElementPresent(findTestObject(""Object Repository/div_No se encontr oficinas en el destino se_5eeb82""), 0)",Edge Chromium 131,,,2025-01-20 03:34:33,2025-01-20 03:34:33,0.282s,PASSED
"verifyElementText(findTestObject(""Object Repository/p_No se encontr oficinas en el destino sele_1183e7""), ""No se encontró oficinas en el destino seleccionado."")",Edge Chromium 131,,,2025-01-20 03:34:33,2025-01-20 03:34:33,0.313s,PASSED
"click(findTestObject(""D, O, DO/button_Acept_D""))",Edge Chromium 131,,,2025-01-20 03:34:33,2025-01-20 03:34:33,0.324s,PASSED
"scrollToElement(findTestObject(""Object Repository/Registro de envíos/Test cases/button_TipDocument""), 0, STOP_ON_FAILURE)",Edge Chromium 131,,,2025-01-20 03:34:33,2025-01-20 03:34:34,0.314s,PASSED
"click(findTestObject(""Object Repository/Registro de envíos/Test cases/button_TipDocument""), STOP_ON_FAILURE)",Edge Chromium 131,,,2025-01-20 03:34:34,2025-01-20 03:34:34,0.319s,PASSED
"click(findTestObject(""Object Repository/a_RUC""))",Edge Chromium 131,,,2025-01-20 03:34:34,2025-01-20 03:34:34,0.341s,PASSED
"setText(findTestObject(""Difuminado/input_CARN EXT_txt_consignado_dni""), ""12345678909"")",Edge Chromium 131,,,2025-01-20 03:34:34,2025-01-20 03:34:35,0.687s,PASSED
"click(findTestObject(""Registro de envíos/Test cases/button_cntnuar(1)""))",Edge Chromium 131,,,2025-01-20 03:34:35,2025-01-20 03:34:36,0.444s,PASSED
"scrollToElement(findTestObject(""Object Repository/button_IR A PAGAR S 33.79""), 0)",Edge Chromium 131,,,2025-01-20 03:34:36,2025-01-20 03:34:44,8.937s,PASSED
"click(findTestObject(""Object Repository/button_IR A PAGAR S 33.79""))",Edge Chromium 131,,,2025-01-20 03:34:44,2025-01-20 03:34:45,0.426s,PASSED
"callTestCase(findTestCase(""Registro_Envíos/1.Inicio/3.Pago_envíos/Pago_Tienda""), [:], STOP_ON_FAILURE)",Edge Chromium 131,,,2025-01-20 03:34:45,2025-01-20 03:34:59,13.680s,PASSED
,,,,,,,
"Test Cases/Registro_Envíos/3. Positivas/1. Paquetes/Origen Lima/3. Destinos D, DO y O/2.Destino_O",Edge Chromium 131,,,2025-01-20 03:34:59,2025-01-20 03:36:07,1m - 8.758s,PASSED
"callTestCase(findTestCase(""Registro_Envíos/1.Inicio/1.Principal/Principal-Home""), [:], STOP_ON_FAILURE)",Edge Chromium 131,,,2025-01-20 03:34:59,2025-01-20 03:35:04,5.106s,PASSED
"callTestCase(findTestCase(""Registro_Envíos/1.Inicio/1.Principal/Selecc_paquete""), [:], STOP_ON_FAILURE)",Edge Chromium 131,,,2025-01-20 03:35:04,2025-01-20 03:35:12,8.303s,PASSED
"callTestCase(findTestCase(""Registro_Envíos/1.Inicio/2.Login/3.Login_CE""), [:], STOP_ON_FAILURE)",Edge Chromium 131,,,2025-01-20 03:35:12,2025-01-20 03:35:14,1.663s,PASSED
"click(findTestObject(""Object Repository/span_Seleccionar artculo""))",Edge Chromium 131,,,2025-01-20 03:35:14,2025-01-20 03:35:14,0.324s,PASSED
"click(findTestObject(""Object Repository/a_CAJA""))",Edge Chromium 131,,,2025-01-20 03:35:14,2025-01-20 03:35:14,0.338s,PASSED
"setText(findTestObject(""Object Repository/Registro de envíos/Test cases/input_pqte_artic""), ""PRUEBA1"", STOP_ON_FAILURE)",Edge Chromium 131,,,2025-01-20 03:35:14,2025-01-20 03:35:15,0.667s,PASSED
"setText(findTestObject(""Object Repository/Registro de envíos/Test cases/input_pqte_val""), ""13"", STOP_ON_FAILURE)",Edge Chromium 131,,,2025-01-20 03:35:15,2025-01-20 03:35:16,0.620s,PASSED
"setText(findTestObject(""Object Repository/Registro de envíos/Test cases/input_pqte_larg""), ""12"", STOP_ON_FAILURE)",Edge Chromium 131,,,2025-01-20 03:35:16,2025-01-20 03:35:16,0.637s,PASSED
"setText(findTestObject(""Object Repository/Registro de envíos/Test cases/input_pqte_anch""), ""14"", STOP_ON_FAILURE)",Edge Chromium 131,,,2025-01-20 03:35:16,2025-01-20 03:35:17,0.622s,PASSED
"setText(findTestObject(""Object Repository/Registro de envíos/Test cases/input_pqte_alt""), ""15"", STOP_ON_FAILURE)",Edge Chromium 131,,,2025-01-20 03:35:17,2025-01-20 03:35:18,0.620s,PASSED
"setText(findTestObject(""Object Repository/Registro de envíos/Test cases/input_pqte_peso""), ""1"", STOP_ON_FAILURE)",Edge Chromium 131,,,2025-01-20 03:35:18,2025-01-20 03:35:18,0.623s,PASSED
"click(findTestObject(""Object Repository/Registro de envíos/Test cases/span_PuntPartid""), STOP_ON_FAILURE)",Edge Chromium 131,,,2025-01-20 03:35:18,2025-01-20 03:35:19,0.327s,PASSED
"click(findTestObject(""Object Repository/Registro de envíos/Test cases/a_LIMA""), STOP_ON_FAILURE)",Edge Chromium 131,,,2025-01-20 03:35:19,2025-01-20 03:35:19,0.338s,PASSED
"delay(3, STOP_ON_FAILURE)",Edge Chromium 131,,,2025-01-20 03:35:19,2025-01-20 03:35:22,3.011s,PASSED
"click(findTestObject(""Object Repository/Registro de envíos/Test cases/span_PuntLlegad""), STOP_ON_FAILURE)",Edge Chromium 131,,,2025-01-20 03:35:22,2025-01-20 03:35:22,0.394s,PASSED
"click(findTestObject(""Object Repository/Registro de envíos/Test cases/input_PuntLlegad""), STOP_ON_FAILURE)",Edge Chromium 131,,,2025-01-20 03:35:22,2025-01-20 03:35:23,0.326s,PASSED
"setText(findTestObject(""Object Repository/Registro de envíos/Test cases/input_PuntLlegad""), ""aramango"", STOP_ON_FAILURE)",Edge Chromium 131,,,2025-01-20 03:35:23,2025-01-20 03:35:24,0.869s,PASSED
"scrollToElement(findTestObject(""Object Repository/span_AMAZONAS - BAGUA - ARAMANGO""), 0)",Edge Chromium 131,,,2025-01-20 03:35:24,2025-01-20 03:35:24,0.304s,PASSED
"click(findTestObject(""Object Repository/span_AMAZONAS - BAGUA - ARAMANGO""))",Edge Chromium 131,,,2025-01-20 03:35:24,2025-01-20 03:35:26,1.811s,PASSED
"setText(findTestObject(""Registro de envíos/Test cases/input_dir_entreg""), ""ARAMANGO DIRECCIÓN DE PRUEBa"")",Edge Chromium 131,,,2025-01-20 03:35:26,2025-01-20 03:35:26,0.741s,PASSED
"click(findTestObject(""Object Repository/span_Entrega a domicilio""))",Edge Chromium 131,,,2025-01-20 03:35:26,2025-01-20 03:35:27,0.339s,PASSED
"click(findTestObject(""Registro de envíos/Test cases/Girley/a_Recojo en tienda""))",Edge Chromium 131,,,2025-01-20 03:35:27,2025-01-20 03:35:27,0.326s,PASSED
"click(findTestObject(""D, O, DO/button_Acept_D""))",Edge Chromium 131,,,2025-01-20 03:35:27,2025-01-20 03:35:27,0.325s,PASSED
"click(findTestObject(""Object Repository/span_Entrega a domicilio""))",Edge Chromium 131,,,2025-01-20 03:35:27,2025-01-20 03:35:28,0.340s,PASSED
"click(findTestObject(""Registro de envíos/Test cases/a_EntregDomic""))",Edge Chromium 131,,,2025-01-20 03:35:28,2025-01-20 03:35:28,0.325s,PASSED
"setText(findTestObject(""Registro de envíos/Test cases/input_dir_entreg""), ""ARAMANGO DIRECCIÓN DE PRUEBa"")",Edge Chromium 131,,,2025-01-20 03:35:28,2025-01-20 03:35:29,0.713s,PASSED
"setText(findTestObject(""Registro de envíos/Test cases/input_dir_ref""), ""PRUEBa"")",Edge Chromium 131,,,2025-01-20 03:35:29,2025-01-20 03:35:29,0.637s,PASSED
"scrollToElement(findTestObject(""Object Repository/Registro de envíos/Test cases/button_TipDocument""), 0, STOP_ON_FAILURE)",Edge Chromium 131,,,2025-01-20 03:35:29,2025-01-20 03:35:30,0.311s,PASSED
"click(findTestObject(""Object Repository/Registro de envíos/Test cases/button_TipDocument""), STOP_ON_FAILURE)",Edge Chromium 131,,,2025-01-20 03:35:30,2025-01-20 03:35:30,0.312s,PASSED
"click(findTestObject(""Object Repository/span_CARN EXT""))",Edge Chromium 131,,,2025-01-20 03:35:30,2025-01-20 03:35:30,0.328s,PASSED
"setText(findTestObject(""Difuminado/input_CARN EXT_txt_consignado_dni""), ""003680378"")",Edge Chromium 131,,,2025-01-20 03:35:30,2025-01-20 03:35:31,0.677s,PASSED
"click(findTestObject(""Registro de envíos/Test cases/button_cntnuar(1)""))",Edge Chromium 131,,,2025-01-20 03:35:31,2025-01-20 03:35:31,0.347s,PASSED
"click(findTestObject(""Object Repository/a_AGREGAR ENVOS""))",Edge Chromium 131,,,2025-01-20 03:35:31,2025-01-20 03:35:33,2.082s,PASSED
"click(findTestObject(""Difuminado/img_Envo de cajas o paquetescon un peso mxi_37770f""))",Edge Chromium 131,,,2025-01-20 03:35:33,2025-01-20 03:35:34,0.482s,PASSED
"click(findTestObject(""Registro de envíos/Test cases/button_cntnuar""))",Edge Chromium 131,,,2025-01-20 03:35:34,2025-01-20 03:35:35,0.660s,PASSED
delay(5),Edge Chromium 131,,,2025-01-20 03:35:35,2025-01-20 03:35:40,5.015s,PASSED
"setText(findTestObject(""Difuminado/input_Qu Envas_input_descripcion""), ""PRUEBA"")",Edge Chromium 131,,,2025-01-20 03:35:40,2025-01-20 03:35:40,0.640s,PASSED
"setText(findTestObject(""Difuminado/input_Qu Envas_input_valor""), ""12"")",Edge Chromium 131,,,2025-01-20 03:35:40,2025-01-20 03:35:41,0.652s,PASSED
"click(findTestObject(""Difuminado/span_Ingrese el punto de llegada""))",Edge Chromium 131,,,2025-01-20 03:35:41,2025-01-20 03:35:41,0.447s,PASSED
"setText(findTestObject(""Registro de envíos/cargo adjunto/Page_Olva Courier  Datos Personales/input_Ingrese el punto de llegada_form-control""), ""viru"")",Edge Chromium 131,,,2025-01-20 03:35:41,2025-01-20 03:35:42,0.779s,PASSED
"click(findTestObject(""D, O, DO/a_LA LIBERTAD - VIRU - VIRU""))",Edge Chromium 131,,,2025-01-20 03:35:42,2025-01-20 03:35:43,0.409s,PASSED
"click(findTestObject(""D, O, DO/button_Recojo en tienda""))",Edge Chromium 131,,,2025-01-20 03:35:43,2025-01-20 03:35:43,0.581s,PASSED
"click(findTestObject(""D, O, DO/a_Entrega a domicilio""))",Edge Chromium 131,,,2025-01-20 03:35:43,2025-01-20 03:35:43,0.370s,PASSED
"verifyElementPresent(findTestObject(""D, O, DO/div_No se encontr la opcin de entregas a domicilio en el destino seleccionado.                                Aceptar""), 0)",Edge Chromium 131,,,2025-01-20 03:35:43,2025-01-20 03:35:44,0.307s,PASSED
"verifyElementText(findTestObject(""D, O, DO/p_No se encontr la opcin de entregas a domicilio en el destino seleccionado""), ""No se encontró la opción de entregas a domicilio en el destino seleccionado."")",Edge Chromium 131,,,2025-01-20 03:35:44,2025-01-20 03:35:44,0.330s,PASSED
"scrollToElement(findTestObject(""D, O, DO/button_Acept_O""), 0)",Edge Chromium 131,,,2025-01-20 03:35:44,2025-01-20 03:35:44,0.340s,PASSED
"click(findTestObject(""D, O, DO/button_Acept_O""))",Edge Chromium 131,,,2025-01-20 03:35:44,2025-01-20 03:35:45,0.320s,PASSED
"click(findTestObject(""D, O, DO/button_Recojo en tienda""))",Edge Chromium 131,,,2025-01-20 03:35:45,2025-01-20 03:35:45,0.360s,PASSED
"click(findTestObject(""Difuminado/a_Recojo en tienda""))",Edge Chromium 131,,,2025-01-20 03:35:45,2025-01-20 03:35:45,0.322s,PASSED
"click(findTestObject(""D, O, DO/span_Tienda""))",Edge Chromium 131,,,2025-01-20 03:35:45,2025-01-20 03:35:46,0.317s,PASSED
"click(findTestObject(""D, O, DO/span_VIRU - TIENDA VIRU - VIRU - AV PANAMERICANA NORTE NRO 381""))",Edge Chromium 131,,,2025-01-20 03:35:46,2025-01-20 03:35:46,0.341s,PASSED
"scrollToElement(findTestObject(""Object Repository/span_No""), 0)",Edge Chromium 131,,,2025-01-20 03:35:46,2025-01-20 03:35:46,0.288s,PASSED
"click(findTestObject(""Object Repository/span_No""))",Edge Chromium 131,,,2025-01-20 03:35:46,2025-01-20 03:35:47,0.313s,PASSED
"click(findTestObject(""Object Repository/a_Si""))",Edge Chromium 131,,,2025-01-20 03:35:47,2025-01-20 03:35:47,0.336s,PASSED
"scrollToElement(findTestObject(""Object Repository/Registro de envíos/Test cases/button_TipDocument""), 0, STOP_ON_FAILURE)",Edge Chromium 131,,,2025-01-20 03:35:47,2025-01-20 03:35:47,0.333s,PASSED
"click(findTestObject(""Object Repository/Registro de envíos/Test cases/button_TipDocument""), STOP_ON_FAILURE)",Edge Chromium 131,,,2025-01-20 03:35:47,2025-01-20 03:35:48,0.364s,PASSED
"click(findTestObject(""Object Repository/a_RUC""))",Edge Chromium 131,,,2025-01-20 03:35:48,2025-01-20 03:35:48,0.334s,PASSED
"setText(findTestObject(""Difuminado/input_CARN EXT_txt_consignado_dni""), ""12345678909"")",Edge Chromium 131,,,2025-01-20 03:35:48,2025-01-20 03:35:49,0.653s,PASSED
"click(findTestObject(""Registro de envíos/Test cases/button_cntnuar(1)""))",Edge Chromium 131,,,2025-01-20 03:35:49,2025-01-20 03:35:49,0.431s,PASSED
"scrollToElement(findTestObject(""Object Repository/button_IR A PAGAR S 33.79""), 0)",Edge Chromium 131,,,2025-01-20 03:35:49,2025-01-20 03:35:51,1.325s,PASSED
"click(findTestObject(""Object Repository/button_IR A PAGAR S 33.79""))",Edge Chromium 131,,,2025-01-20 03:35:51,2025-01-20 03:35:51,0.325s,PASSED
"setText(findTestObject(""Object Repository/Difuminado/input_Tienes envos con recojo en tienda, se_b85f5d""), ""1"")",Edge Chromium 131,,,2025-01-20 03:35:51,2025-01-20 03:35:52,0.684s,PASSED
"setText(findTestObject(""Object Repository/Difuminado/input_Tienes envos con recojo en tienda, se_af5936""), ""2"")",Edge Chromium 131,,,2025-01-20 03:35:52,2025-01-20 03:35:52,0.612s,PASSED
"setText(findTestObject(""Object Repository/Difuminado/input_Tienes envos con recojo en tienda, se_653975""), ""3"")",Edge Chromium 131,,,2025-01-20 03:35:52,2025-01-20 03:35:53,0.634s,PASSED
"setText(findTestObject(""Object Repository/Difuminado/input_Tienes envos con recojo en tienda, se_8615a0""), ""4"")",Edge Chromium 131,,,2025-01-20 03:35:53,2025-01-20 03:35:53,0.608s,PASSED
"click(findTestObject(""Object Repository/Difuminado/b_Aceptar""))",Edge Chromium 131,,,2025-01-20 03:35:53,2025-01-20 03:35:54,0.349s,PASSED
"callTestCase(findTestCase(""Registro_Envíos/1.Inicio/3.Pago_envíos/Pago_Tienda""), [:], STOP_ON_FAILURE)",Edge Chromium 131,,,2025-01-20 03:35:54,2025-01-20 03:36:07,13.633s,PASSED
,,,,,,,
"Test Cases/Registro_Envíos/3. Positivas/1. Paquetes/Origen Lima/3. Destinos D, DO y O/3.Destino_DO",Edge Chromium 131,,,2025-01-20 03:36:07,2025-01-20 03:36:59,52.033s,PASSED
"callTestCase(findTestCase(""Registro_Envíos/1.Inicio/1.Principal/Principal-Home""), [:], STOP_ON_FAILURE)",Edge Chromium 131,,,2025-01-20 03:36:08,2025-01-20 03:36:12,4.965s,PASSED
"callTestCase(findTestCase(""Registro_Envíos/1.Inicio/1.Principal/Selecc_paquete""), [:], STOP_ON_FAILURE)",Edge Chromium 131,,,2025-01-20 03:36:12,2025-01-20 03:36:21,8.345s,PASSED
"callTestCase(findTestCase(""Registro_Envíos/1.Inicio/2.Login/5.LoginRUC20""), [:], STOP_ON_FAILURE)",Edge Chromium 131,,,2025-01-20 03:36:21,2025-01-20 03:36:23,2.667s,PASSED
"click(findTestObject(""Object Repository/span_Seleccionar artculo""))",Edge Chromium 131,,,2025-01-20 03:36:23,2025-01-20 03:36:24,0.328s,PASSED
"click(findTestObject(""Object Repository/a_CAJA""))",Edge Chromium 131,,,2025-01-20 03:36:24,2025-01-20 03:36:24,0.334s,PASSED
"setText(findTestObject(""Object Repository/Registro de envíos/Test cases/input_pqte_artic""), ""PRUEBA1"", STOP_ON_FAILURE)",Edge Chromium 131,,,2025-01-20 03:36:24,2025-01-20 03:36:25,0.653s,PASSED
"setText(findTestObject(""Object Repository/Registro de envíos/Test cases/input_pqte_val""), ""13"", STOP_ON_FAILURE)",Edge Chromium 131,,,2025-01-20 03:36:25,2025-01-20 03:36:25,0.618s,PASSED
"setText(findTestObject(""Object Repository/Registro de envíos/Test cases/input_pqte_larg""), ""12"", STOP_ON_FAILURE)",Edge Chromium 131,,,2025-01-20 03:36:25,2025-01-20 03:36:26,0.623s,PASSED
"setText(findTestObject(""Object Repository/Registro de envíos/Test cases/input_pqte_anch""), ""14"", STOP_ON_FAILURE)",Edge Chromium 131,,,2025-01-20 03:36:26,2025-01-20 03:36:27,0.624s,PASSED
"setText(findTestObject(""Object Repository/Registro de envíos/Test cases/input_pqte_alt""), ""15"", STOP_ON_FAILURE)",Edge Chromium 131,,,2025-01-20 03:36:27,2025-01-20 03:36:27,0.616s,PASSED
"setText(findTestObject(""Object Repository/Registro de envíos/Test cases/input_pqte_peso""), ""1"", STOP_ON_FAILURE)",Edge Chromium 131,,,2025-01-20 03:36:27,2025-01-20 03:36:28,0.677s,PASSED
"click(findTestObject(""Object Repository/Difuminado/button_Ingrese el punto de partida""))",Edge Chromium 131,,,2025-01-20 03:36:28,2025-01-20 03:36:28,0.328s,PASSED
"click(findTestObject(""Registro de envíos/Test cases/a_LIMA""))",Edge Chromium 131,,,2025-01-20 03:36:28,2025-01-20 03:36:29,0.326s,PASSED
delay(2),Edge Chromium 131,,,2025-01-20 03:36:29,2025-01-20 03:36:31,2.005s,PASSED
"click(findTestObject(""Object Repository/Difuminado/span_Ingrese el punto de llegada""))",Edge Chromium 131,,,2025-01-20 03:36:31,2025-01-20 03:36:31,0.400s,PASSED
"click(findTestObject(""D, O, DO/span_AMAZONAS - BAGUA - BAGUA""))",Edge Chromium 131,,,2025-01-20 03:36:31,2025-01-20 03:36:32,0.530s,PASSED
delay(2),Edge Chromium 131,,,2025-01-20 03:36:32,2025-01-20 03:36:34,2.013s,PASSED
"scrollToElement(findTestObject(""Object Repository/Difuminado/span_Tipo de entrega""), 0)",Edge Chromium 131,,,2025-01-20 03:36:34,2025-01-20 03:36:34,0.297s,PASSED
"click(findTestObject(""Object Repository/Difuminado/span_Tipo de entrega""))",Edge Chromium 131,,,2025-01-20 03:36:34,2025-01-20 03:36:34,0.331s,PASSED
"click(findTestObject(""Object Repository/Difuminado/a_Recojo en tienda""))",Edge Chromium 131,,,2025-01-20 03:36:34,2025-01-20 03:36:35,0.345s,PASSED
"click(findTestObject(""Object Repository/Difuminado/span_Tienda""))",Edge Chromium 131,,,2025-01-20 03:36:35,2025-01-20 03:36:35,0.313s,PASSED
"click(findTestObject(""D, O, DO/span_BAGUA CHICA - BAGUA - PJ ALFONSO UGARTE NRO 171 BAGUA CHICA""))",Edge Chromium 131,,,2025-01-20 03:36:35,2025-01-20 03:36:35,0.327s,PASSED
delay(2),Edge Chromium 131,,,2025-01-20 03:36:35,2025-01-20 03:36:37,2.004s,PASSED
"click(findTestObject(""Object Repository/Difuminado/button_Tipo De Documento""))",Edge Chromium 131,,,2025-01-20 03:36:37,2025-01-20 03:36:38,0.364s,PASSED
"click(findTestObject(""Object Repository/Difuminado/a_DNI""))",Edge Chromium 131,,,2025-01-20 03:36:38,2025-01-20 03:36:38,0.321s,PASSED
"setText(findTestObject(""Object Repository/Difuminado/input_CARN EXT_txt_consignado_dni""), ""12345678"")",Edge Chromium 131,,,2025-01-20 03:36:38,2025-01-20 03:36:39,0.658s,PASSED
delay(3),Edge Chromium 131,,,2025-01-20 03:36:39,2025-01-20 03:36:42,3.014s,PASSED
"verifyElementNotChecked(findTestObject(""Object Repository/Difuminado/span_QAQA""), 0)",Edge Chromium 131,,,2025-01-20 03:36:42,2025-01-20 03:36:42,0.355s,PASSED
"click(findTestObject(""Object Repository/Difuminado/button_CONTINUAR (1)""))",Edge Chromium 131,,,2025-01-20 03:36:42,2025-01-20 03:36:42,0.331s,PASSED
"click(findTestObject(""Object Repository/Difuminado/button_IR A PAGAR S 7.30""))",Edge Chromium 131,,,2025-01-20 03:36:42,2025-01-20 03:36:44,1.332s,PASSED
"setText(findTestObject(""Object Repository/Difuminado/input_Tienes envos con recojo en tienda, se_b85f5d""), ""1"")",Edge Chromium 131,,,2025-01-20 03:36:44,2025-01-20 03:36:44,0.618s,PASSED
"setText(findTestObject(""Object Repository/Difuminado/input_Tienes envos con recojo en tienda, se_af5936""), ""2"")",Edge Chromium 131,,,2025-01-20 03:36:44,2025-01-20 03:36:45,0.607s,PASSED
"setText(findTestObject(""Object Repository/Difuminado/input_Tienes envos con recojo en tienda, se_653975""), ""3"")",Edge Chromium 131,,,2025-01-20 03:36:45,2025-01-20 03:36:45,0.617s,PASSED
"setText(findTestObject(""Object Repository/Difuminado/input_Tienes envos con recojo en tienda, se_8615a0""), ""4"")",Edge Chromium 131,,,2025-01-20 03:36:45,2025-01-20 03:36:46,0.616s,PASSED
"click(findTestObject(""Object Repository/Difuminado/b_Aceptar""))",Edge Chromium 131,,,2025-01-20 03:36:46,2025-01-20 03:36:46,0.314s,PASSED
"callTestCase(findTestCase(""Registro_Envíos/1.Inicio/3.Pago_envíos/Pago_Tienda""), [:], STOP_ON_FAILURE)",Edge Chromium 131,,,2025-01-20 03:36:46,2025-01-20 03:36:59,13.065s,PASSED
,,,,,,,
Test Cases/Registro_Envíos/3. Positivas/1. Paquetes/Origen Lima/5. Cargo adjunto/1.Paquetes_CE_tdc,Edge Chromium 131,,,2025-01-20 03:36:59,2025-01-20 03:38:25,1m - 25.156s,PASSED
"callTestCase(findTestCase(""Registro_Envíos/1.Inicio/1.Principal/Principal-Home""), [:], STOP_ON_FAILURE)",Edge Chromium 131,,,2025-01-20 03:37:00,2025-01-20 03:37:05,5.061s,PASSED
"callTestCase(findTestCase(""Registro_Envíos/1.Inicio/1.Principal/Selecc_paquete""), [:], STOP_ON_FAILURE)",Edge Chromium 131,,,2025-01-20 03:37:05,2025-01-20 03:37:14,9.129s,PASSED
"callTestCase(findTestCase(""Registro_Envíos/1.Inicio/2.Login/3.Login_CE""), [:], STOP_ON_FAILURE)",Edge Chromium 131,,,2025-01-20 03:37:14,2025-01-20 03:37:16,1.974s,PASSED
"click(findTestObject(""Object Repository/Registro de envíos/Test cases/button_SeleccArt""), STOP_ON_FAILURE)",Edge Chromium 131,,,2025-01-20 03:37:16,2025-01-20 03:37:16,0.365s,PASSED
"click(findTestObject(""Object Repository/Registro de envíos/Test cases/span_ART_LIMP""), STOP_ON_FAILURE)",Edge Chromium 131,,,2025-01-20 03:37:16,2025-01-20 03:37:16,0.362s,PASSED
"setText(findTestObject(""Object Repository/Registro de envíos/Test cases/input_pqte_artic""), ""PRUEBA1"", STOP_ON_FAILURE)",Edge Chromium 131,,,2025-01-20 03:37:16,2025-01-20 03:37:17,0.678s,PASSED
"setText(findTestObject(""Object Repository/Registro de envíos/Test cases/input_pqte_val""), ""12"", STOP_ON_FAILURE)",Edge Chromium 131,,,2025-01-20 03:37:17,2025-01-20 03:37:18,0.739s,PASSED
"setText(findTestObject(""Object Repository/Registro de envíos/Test cases/input_pqte_larg""), ""12"", STOP_ON_FAILURE)",Edge Chromium 131,,,2025-01-20 03:37:18,2025-01-20 03:37:18,0.666s,PASSED
"setText(findTestObject(""Object Repository/Registro de envíos/Test cases/input_pqte_anch""), ""14"", STOP_ON_FAILURE)",Edge Chromium 131,,,2025-01-20 03:37:18,2025-01-20 03:37:19,0.673s,PASSED
"setText(findTestObject(""Object Repository/Registro de envíos/Test cases/input_pqte_alt""), ""15"", STOP_ON_FAILURE)",Edge Chromium 131,,,2025-01-20 03:37:19,2025-01-20 03:37:20,0.867s,PASSED
"setText(findTestObject(""Object Repository/Registro de envíos/Test cases/input_pqte_peso""), ""1"", STOP_ON_FAILURE)",Edge Chromium 131,,,2025-01-20 03:37:20,2025-01-20 03:37:21,0.750s,PASSED
"click(findTestObject(""Object Repository/Registro de envíos/Test cases/span_PuntPartid""), STOP_ON_FAILURE)",Edge Chromium 131,,,2025-01-20 03:37:21,2025-01-20 03:37:21,0.349s,PASSED
"click(findTestObject(""Object Repository/Registro de envíos/Test cases/a_LIMA""), STOP_ON_FAILURE)",Edge Chromium 131,,,2025-01-20 03:37:21,2025-01-20 03:37:21,0.324s,PASSED
"click(findTestObject(""Object Repository/Registro de envíos/Test cases/span_PuntLlegad""), STOP_ON_FAILURE)",Edge Chromium 131,,,2025-01-20 03:37:21,2025-01-20 03:37:24,2.509s,PASSED
"click(findTestObject(""Object Repository/Registro de envíos/Test cases/input_PuntLlegad""), STOP_ON_FAILURE)",Edge Chromium 131,,,2025-01-20 03:37:24,2025-01-20 03:37:24,0.346s,PASSED
"setText(findTestObject(""Object Repository/Registro de envíos/Test cases/input_PuntLlegad""), ""san borja"", STOP_ON_FAILURE)",Edge Chromium 131,,,2025-01-20 03:37:24,2025-01-20 03:37:25,0.950s,PASSED
"delay(4, STOP_ON_FAILURE)",Edge Chromium 131,,,2025-01-20 03:37:25,2025-01-20 03:37:29,4.000s,PASSED
"scrollToElement(findTestObject(""Object Repository/Registro de envíos/Test cases/span_LIM_SanBorj""), 0, STOP_ON_FAILURE)",Edge Chromium 131,,,2025-01-20 03:37:29,2025-01-20 03:37:30,0.308s,PASSED
"click(findTestObject(""Object Repository/Registro de envíos/Test cases/span_LIM_SanBorj""), STOP_ON_FAILURE)",Edge Chromium 131,,,2025-01-20 03:37:30,2025-01-20 03:37:30,0.413s,PASSED
"click(findTestObject(""Object Repository/Registro de envíos/Test cases/span_TipEntreg""), STOP_ON_FAILURE)",Edge Chromium 131,,,2025-01-20 03:37:30,2025-01-20 03:37:30,0.326s,PASSED
"click(findTestObject(""Object Repository/Registro de envíos/Test cases/a_EntregDomic""), STOP_ON_FAILURE)",Edge Chromium 131,,,2025-01-20 03:37:30,2025-01-20 03:37:32,1.658s,PASSED
"scrollToElement(findTestObject(""Object Repository/Registro de envíos/Test cases/input_dir_entreg""), 0, STOP_ON_FAILURE)",Edge Chromium 131,,,2025-01-20 03:37:32,2025-01-20 03:37:32,0.311s,PASSED
"setText(findTestObject(""Object Repository/Registro de envíos/Test cases/input_dir_entreg""), ""Jr. Atahualpa No 602, Callao, Callao"", STOP_ON_FAILURE)",Edge Chromium 131,,,2025-01-20 03:37:32,2025-01-20 03:37:33,0.770s,PASSED
"sendKeys(findTestObject(""Object Repository/Registro de envíos/Test cases/input_dir_entreg""), Keys.chord(ENTER), STOP_ON_FAILURE)",Edge Chromium 131,,,2025-01-20 03:37:33,2025-01-20 03:37:35,1.906s,PASSED
"scrollToElement(findTestObject(""Object Repository/Registro de envíos/Test cases/input_dir_ref""), 0, STOP_ON_FAILURE)",Edge Chromium 131,,,2025-01-20 03:37:35,2025-01-20 03:37:37,2.106s,PASSED
"setText(findTestObject(""Object Repository/Registro de envíos/Test cases/input_dir_ref""), ""ABC"", STOP_ON_FAILURE)",Edge Chromium 131,,,2025-01-20 03:37:37,2025-01-20 03:37:38,0.696s,PASSED
"verifyElementClickable(findTestObject(""Object Repository/u_Qu es esto""))",Edge Chromium 131,,,2025-01-20 03:37:38,2025-01-20 03:37:38,0.312s,PASSED
"click(findTestObject(""Object Repository/button_No""))",Edge Chromium 131,,,2025-01-20 03:37:38,2025-01-20 03:37:39,0.448s,PASSED
"click(findTestObject(""Object Repository/a_Si""))",Edge Chromium 131,,,2025-01-20 03:37:39,2025-01-20 03:37:39,0.350s,PASSED
"click(findTestObject(""Object Repository/span_1 Folio""))",Edge Chromium 131,,,2025-01-20 03:37:39,2025-01-20 03:37:39,0.357s,PASSED
"click(findTestObject(""Object Repository/a_2 Folios""))",Edge Chromium 131,,,2025-01-20 03:37:39,2025-01-20 03:37:40,0.345s,PASSED
"click(findTestObject(""Object Repository/Registro de envíos/Test cases/button_TipDocument""), STOP_ON_FAILURE)",Edge Chromium 131,,,2025-01-20 03:37:40,2025-01-20 03:37:40,0.345s,PASSED
"click(findTestObject(""Registro de envíos/cargo adjunto/Page_Olva Courier  Datos Personales/a_DNI""))",Edge Chromium 131,,,2025-01-20 03:37:40,2025-01-20 03:37:40,0.348s,PASSED
"setText(findTestObject(""Registro de envíos/cargo adjunto/Page_Olva Courier  Datos Personales/input_CARN EXT_txt_consignado_dni""), ""12345678"")",Edge Chromium 131,,,2025-01-20 03:37:40,2025-01-20 03:37:41,0.709s,PASSED
"click(findTestObject(""Registro de envíos/Test cases/button_cntnuar(1)""))",Edge Chromium 131,,,2025-01-20 03:37:41,2025-01-20 03:37:49,8.146s,PASSED
"verifyElementPresent(findTestObject(""Object Repository/div_Direccin de devolucin del cargo""), 0)",Edge Chromium 131,,,2025-01-20 03:37:49,2025-01-20 03:37:57,7.502s,PASSED
"verifyElementText(findTestObject(""Object Repository/th_S 10.00""), ""S/ 10.00"")",Edge Chromium 131,,,2025-01-20 03:37:57,2025-01-20 03:37:57,0.353s,PASSED
"scrollToElement(findTestObject(""Object Repository/Registro de envíos/Test cases/1-Principal/button_IR A PAGAR S 7.30""), 0)",Edge Chromium 131,,,2025-01-20 03:37:57,2025-01-20 03:37:57,0.312s,PASSED
"click(findTestObject(""Object Repository/Registro de envíos/Test cases/1-Principal/button_IR A PAGAR S 7.30""))",Edge Chromium 131,,,2025-01-20 03:37:57,2025-01-20 03:37:58,0.437s,PASSED
"callTestCase(findTestCase(""Registro_Envíos/1.Inicio/3.Pago_envíos/Pago_TDC""), [:], STOP_ON_FAILURE)",Edge Chromium 131,,,2025-01-20 03:37:58,2025-01-20 03:38:25,26.818s,PASSED
,,,,,,,
Test Cases/Registro_Envíos/3. Positivas/1. Paquetes/Origen Lima/5. Cargo adjunto/2.Sobres_DNI_PagoO,Edge Chromium 131,,,2025-01-20 03:38:25,2025-01-20 03:40:37,2m - 12.474s,PASSED
"callTestCase(findTestCase(""Registro_Envíos/1.Inicio/1.Principal/Principal-Home""), [:], STOP_ON_FAILURE)",Edge Chromium 131,,,2025-01-20 03:38:25,2025-01-20 03:38:30,4.998s,PASSED
"callTestCase(findTestCase(""Registro_Envíos/1.Inicio/1.Principal/Selecc_sobre""), [:], STOP_ON_FAILURE)",Edge Chromium 131,,,2025-01-20 03:38:30,2025-01-20 03:38:38,8.671s,PASSED
"callTestCase(findTestCase(""Registro_Envíos/1.Inicio/2.Login/1.Login_DNI""), [:], STOP_ON_FAILURE)",Edge Chromium 131,,,2025-01-20 03:38:38,2025-01-20 03:38:43,5.121s,PASSED
"setText(findTestObject(""Registro de envíos/cargo adjunto/Page_Olva Courier  Datos Personales/input_Qu Envas_input_descripcion""), ""GHJK"")",Edge Chromium 131,,,2025-01-20 03:38:43,2025-01-20 03:38:44,0.667s,PASSED
"setText(findTestObject(""Registro de envíos/cargo adjunto/Page_Olva Courier  Datos Personales/input_Qu Envas_input_valor""), ""12"")",Edge Chromium 131,,,2025-01-20 03:38:44,2025-01-20 03:38:45,0.663s,PASSED
"click(findTestObject(""Object Repository/Registro de envíos/Test cases/span_PuntPartid""), STOP_ON_FAILURE)",Edge Chromium 131,,,2025-01-20 03:38:45,2025-01-20 03:38:45,0.359s,PASSED
"click(findTestObject(""Object Repository/Registro de envíos/Test cases/a_LIMA""), STOP_ON_FAILURE)",Edge Chromium 131,,,2025-01-20 03:38:45,2025-01-20 03:38:45,0.343s,PASSED
"click(findTestObject(""Object Repository/Registro de envíos/Test cases/span_PuntLlegad""), STOP_ON_FAILURE)",Edge Chromium 131,,,2025-01-20 03:38:45,2025-01-20 03:38:48,2.686s,PASSED
"click(findTestObject(""Object Repository/Registro de envíos/Test cases/input_PuntLlegad""), STOP_ON_FAILURE)",Edge Chromium 131,,,2025-01-20 03:38:48,2025-01-20 03:38:49,0.349s,PASSED
"setText(findTestObject(""Object Repository/Registro de envíos/Test cases/input_PuntLlegad""), ""san borja"", STOP_ON_FAILURE)",Edge Chromium 131,,,2025-01-20 03:38:49,2025-01-20 03:38:50,1.007s,PASSED
"delay(4, STOP_ON_FAILURE)",Edge Chromium 131,,,2025-01-20 03:38:50,2025-01-20 03:38:54,4.007s,PASSED
"scrollToElement(findTestObject(""Object Repository/Registro de envíos/Test cases/span_LIM_SanBorj""), 0, STOP_ON_FAILURE)",Edge Chromium 131,,,2025-01-20 03:38:54,2025-01-20 03:38:54,0.310s,PASSED
"click(findTestObject(""Object Repository/Registro de envíos/Test cases/span_LIM_SanBorj""), STOP_ON_FAILURE)",Edge Chromium 131,,,2025-01-20 03:38:54,2025-01-20 03:38:54,0.408s,PASSED
"click(findTestObject(""Object Repository/Registro de envíos/Test cases/span_TipEntreg""), STOP_ON_FAILURE)",Edge Chromium 131,,,2025-01-20 03:38:54,2025-01-20 03:38:55,0.361s,PASSED
"click(findTestObject(""Object Repository/Registro de envíos/Test cases/a_EntregDomic""), STOP_ON_FAILURE)",Edge Chromium 131,,,2025-01-20 03:38:55,2025-01-20 03:38:56,1.618s,PASSED
"scrollToElement(findTestObject(""Object Repository/Registro de envíos/Test cases/input_dir_entreg""), 0, STOP_ON_FAILURE)",Edge Chromium 131,,,2025-01-20 03:38:56,2025-01-20 03:38:57,0.325s,PASSED
"setText(findTestObject(""Object Repository/Registro de envíos/Test cases/input_dir_entreg""), ""Jr. Atahualpa No 602, Callao, Callao"", STOP_ON_FAILURE)",Edge Chromium 131,,,2025-01-20 03:38:57,2025-01-20 03:38:57,0.785s,PASSED
"sendKeys(findTestObject(""Object Repository/Registro de envíos/Test cases/input_dir_entreg""), Keys.chord(ENTER), STOP_ON_FAILURE)",Edge Chromium 131,,,2025-01-20 03:38:57,2025-01-20 03:38:59,1.945s,PASSED
"scrollToElement(findTestObject(""Object Repository/Registro de envíos/Test cases/input_dir_ref""), 0, STOP_ON_FAILURE)",Edge Chromium 131,,,2025-01-20 03:38:59,2025-01-20 03:39:01,2.023s,PASSED
"setText(findTestObject(""Object Repository/Registro de envíos/Test cases/input_dir_ref""), ""ABC"", STOP_ON_FAILURE)",Edge Chromium 131,,,2025-01-20 03:39:01,2025-01-20 03:39:02,0.791s,PASSED
"verifyElementClickable(findTestObject(""Object Repository/u_Qu es esto""))",Edge Chromium 131,,,2025-01-20 03:39:02,2025-01-20 03:39:02,0.309s,PASSED
"click(findTestObject(""Object Repository/button_No""))",Edge Chromium 131,,,2025-01-20 03:39:02,2025-01-20 03:39:03,0.411s,PASSED
"click(findTestObject(""Object Repository/a_Si""))",Edge Chromium 131,,,2025-01-20 03:39:03,2025-01-20 03:39:03,0.333s,PASSED
"click(findTestObject(""Object Repository/span_1 Folio""))",Edge Chromium 131,,,2025-01-20 03:39:03,2025-01-20 03:39:03,0.327s,PASSED
"click(findTestObject(""Object Repository/a_2 Folios""))",Edge Chromium 131,,,2025-01-20 03:39:03,2025-01-20 03:39:04,0.328s,PASSED
"click(findTestObject(""Object Repository/Registro de envíos/Test cases/button_TipDocument""), STOP_ON_FAILURE)",Edge Chromium 131,,,2025-01-20 03:39:04,2025-01-20 03:39:04,0.319s,PASSED
"click(findTestObject(""Registro de envíos/cargo adjunto/Page_Olva Courier  Datos Personales/a_DNI""))",Edge Chromium 131,,,2025-01-20 03:39:04,2025-01-20 03:39:04,0.336s,PASSED
"setText(findTestObject(""Registro de envíos/cargo adjunto/Page_Olva Courier  Datos Personales/input_CARN EXT_txt_consignado_dni""), ""12345678"")",Edge Chromium 131,,,2025-01-20 03:39:04,2025-01-20 03:39:05,0.702s,PASSED
"click(findTestObject(""Registro de envíos/Test cases/button_cntnuar(1)""))",Edge Chromium 131,,,2025-01-20 03:39:05,2025-01-20 03:39:14,8.622s,PASSED
"verifyElementPresent(findTestObject(""div_Direccin de devolucin del cargo""), 0)",Edge Chromium 131,,,2025-01-20 03:39:14,2025-01-20 03:39:21,7.618s,PASSED
"verifyElementText(findTestObject(""th_S 10.00""), ""S/ 10.00"")",Edge Chromium 131,,,2025-01-20 03:39:21,2025-01-20 03:39:22,0.355s,PASSED
"scrollToElement(findTestObject(""Object Repository/Registro de envíos/Test cases/1-Principal/button_IR A PAGAR S 7.30""), 0)",Edge Chromium 131,,,2025-01-20 03:39:22,2025-01-20 03:39:22,0.318s,PASSED
"click(findTestObject(""Object Repository/Registro de envíos/Test cases/1-Principal/button_IR A PAGAR S 7.30""))",Edge Chromium 131,,,2025-01-20 03:39:22,2025-01-20 03:39:22,0.360s,PASSED
"callTestCase(findTestCase(""Registro_Envíos/1.Inicio/3.Pago_envíos/Pago_Tienda""), [:], STOP_ON_FAILURE)",Edge Chromium 131,,,2025-01-20 03:39:22,2025-01-20 03:40:37,1m - 14.576s,PASSED
,,,,,,,
Test Cases/Registro_Envíos/3. Positivas/1. Paquetes/Origen Lima/5. Cargo adjunto/5.EditarEnvíoCargo,Edge Chromium 131,,,2025-01-20 03:40:37,2025-01-20 03:41:53,1m - 15.755s,PASSED
"callTestCase(findTestCase(""Registro_Envíos/1.Inicio/1.Principal/Principal-Home""), [:], STOP_ON_FAILURE)",Edge Chromium 131,,,2025-01-20 03:40:37,2025-01-20 03:40:42,5.002s,PASSED
"callTestCase(findTestCase(""Registro_Envíos/1.Inicio/1.Principal/Selecc_sobre""), [:], STOP_ON_FAILURE)",Edge Chromium 131,,,2025-01-20 03:40:42,2025-01-20 03:40:50,7.694s,PASSED
"callTestCase(findTestCase(""Registro_Envíos/1.Inicio/2.Login/1.Login_DNI""), [:], STOP_ON_FAILURE)",Edge Chromium 131,,,2025-01-20 03:40:50,2025-01-20 03:40:54,4.632s,PASSED
"setText(findTestObject(""Registro de envíos/cargo adjunto/Page_Olva Courier  Datos Personales/input_Qu Envas_input_descripcion""), ""GHJK"")",Edge Chromium 131,,,2025-01-20 03:40:54,2025-01-20 03:40:55,0.638s,PASSED
"setText(findTestObject(""Registro de envíos/cargo adjunto/Page_Olva Courier  Datos Personales/input_Qu Envas_input_valor""), ""12"")",Edge Chromium 131,,,2025-01-20 03:40:55,2025-01-20 03:40:56,0.608s,PASSED
"click(findTestObject(""Object Repository/Registro de envíos/Test cases/span_PuntPartid""), STOP_ON_FAILURE)",Edge Chromium 131,,,2025-01-20 03:40:56,2025-01-20 03:40:56,0.326s,PASSED
"click(findTestObject(""Object Repository/Registro de envíos/Test cases/a_LIMA""), STOP_ON_FAILURE)",Edge Chromium 131,,,2025-01-20 03:40:56,2025-01-20 03:40:56,0.333s,PASSED
"click(findTestObject(""Object Repository/Registro de envíos/Test cases/span_PuntLlegad""), STOP_ON_FAILURE)",Edge Chromium 131,,,2025-01-20 03:40:56,2025-01-20 03:40:58,1.730s,PASSED
"click(findTestObject(""Object Repository/Registro de envíos/Test cases/input_PuntLlegad""), STOP_ON_FAILURE)",Edge Chromium 131,,,2025-01-20 03:40:58,2025-01-20 03:40:58,0.342s,PASSED
"setText(findTestObject(""Object Repository/Registro de envíos/Test cases/input_PuntLlegad""), ""san borja"", STOP_ON_FAILURE)",Edge Chromium 131,,,2025-01-20 03:40:58,2025-01-20 03:40:59,0.952s,PASSED
"delay(4, STOP_ON_FAILURE)",Edge Chromium 131,,,2025-01-20 03:40:59,2025-01-20 03:41:03,4.016s,PASSED
"scrollToElement(findTestObject(""Object Repository/Registro de envíos/Test cases/span_LIM_SanBorj""), 0, STOP_ON_FAILURE)",Edge Chromium 131,,,2025-01-20 03:41:03,2025-01-20 03:41:04,0.316s,PASSED
"click(findTestObject(""Object Repository/Registro de envíos/Test cases/span_LIM_SanBorj""), STOP_ON_FAILURE)",Edge Chromium 131,,,2025-01-20 03:41:04,2025-01-20 03:41:04,0.411s,PASSED
"click(findTestObject(""Object Repository/Registro de envíos/Test cases/span_TipEntreg""), STOP_ON_FAILURE)",Edge Chromium 131,,,2025-01-20 03:41:04,2025-01-20 03:41:04,0.329s,PASSED
"click(findTestObject(""Object Repository/Registro de envíos/Test cases/a_EntregDomic""), STOP_ON_FAILURE)",Edge Chromium 131,,,2025-01-20 03:41:04,2025-01-20 03:41:06,1.587s,PASSED
"scrollToElement(findTestObject(""Object Repository/Registro de envíos/Test cases/input_dir_entreg""), 0, STOP_ON_FAILURE)",Edge Chromium 131,,,2025-01-20 03:41:06,2025-01-20 03:41:06,0.313s,PASSED
"setText(findTestObject(""Object Repository/Registro de envíos/Test cases/input_dir_entreg""), ""Jr. Atahualpa No 602, Callao, Callao"", STOP_ON_FAILURE)",Edge Chromium 131,,,2025-01-20 03:41:06,2025-01-20 03:41:07,0.763s,PASSED
"sendKeys(findTestObject(""Object Repository/Registro de envíos/Test cases/input_dir_entreg""), Keys.chord(ENTER), STOP_ON_FAILURE)",Edge Chromium 131,,,2025-01-20 03:41:07,2025-01-20 03:41:09,1.839s,PASSED
"scrollToElement(findTestObject(""Object Repository/Registro de envíos/Test cases/input_dir_ref""), 0, STOP_ON_FAILURE)",Edge Chromium 131,,,2025-01-20 03:41:09,2025-01-20 03:41:11,2.006s,PASSED
"setText(findTestObject(""Object Repository/Registro de envíos/Test cases/input_dir_ref""), ""ABC"", STOP_ON_FAILURE)",Edge Chromium 131,,,2025-01-20 03:41:11,2025-01-20 03:41:12,0.694s,PASSED
"click(findTestObject(""Object Repository/Registro de envíos/Test cases/button_TipDocument""), STOP_ON_FAILURE)",Edge Chromium 131,,,2025-01-20 03:41:12,2025-01-20 03:41:12,0.396s,PASSED
"click(findTestObject(""Registro de envíos/cargo adjunto/Page_Olva Courier  Datos Personales/a_DNI""))",Edge Chromium 131,,,2025-01-20 03:41:12,2025-01-20 03:41:12,0.344s,PASSED
"setText(findTestObject(""Registro de envíos/cargo adjunto/Page_Olva Courier  Datos Personales/input_CARN EXT_txt_consignado_dni""), ""12345678"")",Edge Chromium 131,,,2025-01-20 03:41:12,2025-01-20 03:41:13,0.741s,PASSED
"click(findTestObject(""Registro de envíos/Test cases/button_cntnuar(1)""))",Edge Chromium 131,,,2025-01-20 03:41:13,2025-01-20 03:41:21,8.003s,PASSED
"delay(4, STOP_ON_FAILURE)",Edge Chromium 131,,,2025-01-20 03:41:21,2025-01-20 03:41:25,4.000s,PASSED
"click(findTestObject(""Object Repository/Registro de envíos/valorados/Page_Olva Courier  Confirma tus datos/button_Editar""))",Edge Chromium 131,,,2025-01-20 03:41:25,2025-01-20 03:41:28,2.523s,PASSED
"verifyElementClickable(findTestObject(""Object Repository/u_Qu es esto""))",Edge Chromium 131,,,2025-01-20 03:41:28,2025-01-20 03:41:28,0.300s,PASSED
"scrollToElement(findTestObject(""Object Repository/button_No""), 0)",Edge Chromium 131,,,2025-01-20 03:41:28,2025-01-20 03:41:28,0.305s,PASSED
"click(findTestObject(""Object Repository/button_No""))",Edge Chromium 131,,,2025-01-20 03:41:28,2025-01-20 03:41:29,0.466s,PASSED
"click(findTestObject(""Object Repository/a_Si""))",Edge Chromium 131,,,2025-01-20 03:41:29,2025-01-20 03:41:29,0.344s,PASSED
"click(findTestObject(""Object Repository/span_1 Folio""))",Edge Chromium 131,,,2025-01-20 03:41:29,2025-01-20 03:41:29,0.355s,PASSED
"click(findTestObject(""Object Repository/a_2 Folios""))",Edge Chromium 131,,,2025-01-20 03:41:29,2025-01-20 03:41:30,0.333s,PASSED
"scrollToElement(findTestObject(""Object Repository/Registro de envíos/valorados/Page_Olva Courier  Datos Personales/button_CONTINUAR""), 0)",Edge Chromium 131,,,2025-01-20 03:41:30,2025-01-20 03:41:30,0.299s,PASSED
"click(findTestObject(""Object Repository/Registro de envíos/valorados/Page_Olva Courier  Datos Personales/button_CONTINUAR""))",Edge Chromium 131,,,2025-01-20 03:41:30,2025-01-20 03:41:30,0.362s,PASSED
"delay(4, STOP_ON_FAILURE)",Edge Chromium 131,,,2025-01-20 03:41:30,2025-01-20 03:41:34,4.006s,PASSED
"verifyElementPresent(findTestObject(""Object Repository/div_Direccin de devolucin del cargo""), 0)",Edge Chromium 131,,,2025-01-20 03:41:34,2025-01-20 03:41:35,0.298s,PASSED
"scrollToElement(findTestObject(""Object Repository/th_S 10.00""), 0)",Edge Chromium 131,,,2025-01-20 03:41:35,2025-01-20 03:41:35,0.312s,PASSED
"verifyElementText(findTestObject(""Object Repository/th_S 10.00""), ""S/ 10.00"")",Edge Chromium 131,,,2025-01-20 03:41:35,2025-01-20 03:41:35,0.361s,PASSED
"click(findTestObject(""Object Repository/Difuminado/button_IR A PAGAR S 7.30""))",Edge Chromium 131,,,2025-01-20 03:41:35,2025-01-20 03:41:36,0.378s,PASSED
"callTestCase(findTestCase(""Registro_Envíos/1.Inicio/3.Pago_envíos/Pago_Tienda""), [:], STOP_ON_FAILURE)",Edge Chromium 131,,,2025-01-20 03:41:36,2025-01-20 03:41:53,16.948s,PASSED
,,,,,,,
Test Cases/Registro_Envíos/3. Positivas/1. Paquetes/Origen Lima/5. Cargo adjunto/6.EditarCargo_Domic,Edge Chromium 131,,,2025-01-20 03:41:53,2025-01-20 03:43:08,1m - 15.478s,PASSED
"callTestCase(findTestCase(""Registro_Envíos/1.Inicio/1.Principal/Principal-Home""), [:], STOP_ON_FAILURE)",Edge Chromium 131,,,2025-01-20 03:41:53,2025-01-20 03:41:58,4.566s,PASSED
"callTestCase(findTestCase(""Registro_Envíos/1.Inicio/1.Principal/Selecc_paquete""), [:], STOP_ON_FAILURE)",Edge Chromium 131,,,2025-01-20 03:41:58,2025-01-20 03:42:06,8.914s,PASSED
"callTestCase(findTestCase(""Registro_Envíos/1.Inicio/2.Login/3.Login_CE""), [:], STOP_ON_FAILURE)",Edge Chromium 131,,,2025-01-20 03:42:06,2025-01-20 03:42:09,2.232s,PASSED
"click(findTestObject(""Object Repository/Registro de envíos/Test cases/button_SeleccArt""), STOP_ON_FAILURE)",Edge Chromium 131,,,2025-01-20 03:42:09,2025-01-20 03:42:09,0.338s,PASSED
"click(findTestObject(""Object Repository/Registro de envíos/Test cases/span_ART_LIMP""), STOP_ON_FAILURE)",Edge Chromium 131,,,2025-01-20 03:42:09,2025-01-20 03:42:09,0.359s,PASSED
"setText(findTestObject(""Object Repository/Registro de envíos/Test cases/input_pqte_artic""), ""PRUEBA1"", STOP_ON_FAILURE)",Edge Chromium 131,,,2025-01-20 03:42:09,2025-01-20 03:42:10,0.728s,PASSED
"setText(findTestObject(""Object Repository/Registro de envíos/Test cases/input_pqte_val""), ""12"", STOP_ON_FAILURE)",Edge Chromium 131,,,2025-01-20 03:42:10,2025-01-20 03:42:11,0.657s,PASSED
"setText(findTestObject(""Object Repository/Registro de envíos/Test cases/input_pqte_larg""), ""12"", STOP_ON_FAILURE)",Edge Chromium 131,,,2025-01-20 03:42:11,2025-01-20 03:42:11,0.679s,PASSED
"setText(findTestObject(""Object Repository/Registro de envíos/Test cases/input_pqte_anch""), ""14"", STOP_ON_FAILURE)",Edge Chromium 131,,,2025-01-20 03:42:11,2025-01-20 03:42:12,0.656s,PASSED
"setText(findTestObject(""Object Repository/Registro de envíos/Test cases/input_pqte_alt""), ""15"", STOP_ON_FAILURE)",Edge Chromium 131,,,2025-01-20 03:42:12,2025-01-20 03:42:13,0.651s,PASSED
"setText(findTestObject(""Object Repository/Registro de envíos/Test cases/input_pqte_peso""), ""1"", STOP_ON_FAILURE)",Edge Chromium 131,,,2025-01-20 03:42:13,2025-01-20 03:42:13,0.679s,PASSED
"click(findTestObject(""Object Repository/Registro de envíos/cargo adjunto/Page_Olva Courier  Datos Personales/span_Ingrese el punto de partida""))",Edge Chromium 131,,,2025-01-20 03:42:13,2025-01-20 03:42:14,0.349s,PASSED
"click(findTestObject(""Object Repository/Registro de envíos/cargo adjunto/Page_Olva Courier  Datos Personales/a_LIMA""))",Edge Chromium 131,,,2025-01-20 03:42:14,2025-01-20 03:42:14,0.366s,PASSED
"click(findTestObject(""Object Repository/Registro de envíos/cargo adjunto/Page_Olva Courier  Datos Personales/span_Ingrese el punto de llegada""))",Edge Chromium 131,,,2025-01-20 03:42:14,2025-01-20 03:42:16,2.119s,PASSED
"setText(findTestObject(""Object Repository/Registro de envíos/cargo adjunto/Page_Olva Courier  Datos Personales/input_Ingrese el punto de llegada_form-control""), ""miraflores"")",Edge Chromium 131,,,2025-01-20 03:42:16,2025-01-20 03:42:17,0.991s,PASSED
"click(findTestObject(""Object Repository/Registro de envíos/cargo adjunto/Page_Olva Courier  Datos Personales/span_LIMA - LIMA - MIRAFLORES""))",Edge Chromium 131,,,2025-01-20 03:42:17,2025-01-20 03:42:18,0.430s,PASSED
"scrollToElement(findTestObject(""Object Repository/Registro de envíos/cargo adjunto/Page_Olva Courier  Datos Personales/span_Tipo de entrega""), 0)",Edge Chromium 131,,,2025-01-20 03:42:18,2025-01-20 03:42:18,0.320s,PASSED
"click(findTestObject(""Object Repository/Registro de envíos/cargo adjunto/Page_Olva Courier  Datos Personales/span_Tipo de entrega""))",Edge Chromium 131,,,2025-01-20 03:42:18,2025-01-20 03:42:18,0.453s,PASSED
"click(findTestObject(""Object Repository/Registro de envíos/cargo adjunto/Page_Olva Courier  Datos Personales/a_Recojo en tienda""))",Edge Chromium 131,,,2025-01-20 03:42:18,2025-01-20 03:42:19,0.416s,PASSED
"click(findTestObject(""Object Repository/Registro de envíos/cargo adjunto/Page_Olva Courier  Datos Personales/span_Tienda""))",Edge Chromium 131,,,2025-01-20 03:42:19,2025-01-20 03:42:19,0.462s,PASSED
"click(findTestObject(""Object Repository/Registro de envíos/cargo adjunto/Page_Olva Courier  Datos Personales/span_OLVA MIRAFLORES - AV. COMANDANTE ESPIN_8deea8""))",Edge Chromium 131,,,2025-01-20 03:42:19,2025-01-20 03:42:20,0.344s,PASSED
"click(findTestObject(""Object Repository/Registro de envíos/cargo adjunto/Page_Olva Courier  Datos Personales/span_No""))",Edge Chromium 131,,,2025-01-20 03:42:20,2025-01-20 03:42:20,0.334s,PASSED
"click(findTestObject(""Object Repository/Registro de envíos/cargo adjunto/Page_Olva Courier  Datos Personales/a_Si""))",Edge Chromium 131,,,2025-01-20 03:42:20,2025-01-20 03:42:20,0.374s,PASSED
"click(findTestObject(""Object Repository/Registro de envíos/cargo adjunto/Page_Olva Courier  Datos Personales/button_Tipo De Documento""))",Edge Chromium 131,,,2025-01-20 03:42:20,2025-01-20 03:42:21,0.331s,PASSED
"click(findTestObject(""Object Repository/Registro de envíos/cargo adjunto/Page_Olva Courier  Datos Personales/a_DNI""))",Edge Chromium 131,,,2025-01-20 03:42:21,2025-01-20 03:42:21,0.327s,PASSED
"setText(findTestObject(""Object Repository/Registro de envíos/cargo adjunto/Page_Olva Courier  Datos Personales/input_CARN EXT_txt_consignado_dni""), ""12345678"")",Edge Chromium 131,,,2025-01-20 03:42:21,2025-01-20 03:42:22,0.674s,PASSED
"click(findTestObject(""Object Repository/Registro de envíos/cargo adjunto/Page_Olva Courier  Datos Personales/button_CONTINUAR""))",Edge Chromium 131,,,2025-01-20 03:42:22,2025-01-20 03:42:25,3.251s,PASSED
delay(4),Edge Chromium 131,,,2025-01-20 03:42:25,2025-01-20 03:42:29,4.005s,PASSED
"click(findTestObject(""Object Repository/Registro de envíos/cargo adjunto/Page_Olva Courier  Confirma tus datos/button_Cambiar""))",Edge Chromium 131,,,2025-01-20 03:42:29,2025-01-20 03:42:30,0.595s,PASSED
"click(findTestObject(""Object Repository/Registro de envíos/cargo adjunto/Page_Olva Courier  Confirma tus datos/span_Tipo de entrega""))",Edge Chromium 131,,,2025-01-20 03:42:30,2025-01-20 03:42:30,0.404s,PASSED
"click(findTestObject(""Object Repository/Registro de envíos/cargo adjunto/Page_Olva Courier  Confirma tus datos/a_Entrega a domicilio""))",Edge Chromium 131,,,2025-01-20 03:42:30,2025-01-20 03:42:30,0.351s,PASSED
"click(findTestObject(""Object Repository/Registro de envíos/cargo adjunto/Page_Olva Courier  Confirma tus datos/span_Departamento - Provincia - Distrito""))",Edge Chromium 131,,,2025-01-20 03:42:30,2025-01-20 03:42:31,0.325s,PASSED
"click(findTestObject(""Object Repository/Registro de envíos/cargo adjunto/Page_Olva Courier  Confirma tus datos/span_LIMA - LIMA - BARRANCO""))",Edge Chromium 131,,,2025-01-20 03:42:31,2025-01-20 03:42:31,0.352s,PASSED
"setText(findTestObject(""Object Repository/Registro de envíos/cargo adjunto/Page_Olva Courier  Confirma tus datos/input_LIMA - LIMA - VILLA MARIA DEL TRIUNFO_df978c""), ""BARRANCO DIRECCION PRUEBa"")",Edge Chromium 131,,,2025-01-20 03:42:31,2025-01-20 03:42:32,0.706s,PASSED
"setText(findTestObject(""Object Repository/Registro de envíos/cargo adjunto/Page_Olva Courier  Confirma tus datos/input_LIMA - LIMA - VILLA MARIA DEL TRIUNFO_a0a519""), ""PROBANdo"")",Edge Chromium 131,,,2025-01-20 03:42:32,2025-01-20 03:42:32,0.667s,PASSED
"click(findTestObject(""Object Repository/Registro de envíos/cargo adjunto/Page_Olva Courier  Confirma tus datos/button_LIMA - LIMA - BARRANCO""))",Edge Chromium 131,,,2025-01-20 03:42:32,2025-01-20 03:42:33,0.344s,PASSED
"click(findTestObject(""Object Repository/Registro de envíos/cargo adjunto/Page_Olva Courier  Confirma tus datos/span_LIMA - LIMA - CHORRILLOS""))",Edge Chromium 131,,,2025-01-20 03:42:33,2025-01-20 03:42:33,0.342s,PASSED
"click(findTestObject(""Object Repository/Registro de envíos/cargo adjunto/Page_Olva Courier  Confirma tus datos/button_Aceptar""))",Edge Chromium 131,,,2025-01-20 03:42:33,2025-01-20 03:42:33,0.336s,PASSED
"scrollToElement(findTestObject(""Object Repository/Registro de envíos/cargo adjunto/Page_Olva Courier  Confirma tus datos/button_IR A PAGAR S 17.30""), 0)",Edge Chromium 131,,,2025-01-20 03:42:33,2025-01-20 03:42:34,0.345s,PASSED
"click(findTestObject(""Object Repository/Registro de envíos/cargo adjunto/Page_Olva Courier  Confirma tus datos/button_IR A PAGAR S 17.30""))",Edge Chromium 131,,,2025-01-20 03:42:34,2025-01-20 03:42:34,0.332s,PASSED
"setText(findTestObject(""Object Repository/Registro de envíos/cargo adjunto/Page_Olva Courier  Confirma tus datos/input_Tienes envos con recojo en tienda, se_b85f5d""), ""1"")",Edge Chromium 131,,,2025-01-20 03:42:34,2025-01-20 03:42:35,0.661s,PASSED
"setText(findTestObject(""Object Repository/Registro de envíos/cargo adjunto/Page_Olva Courier  Confirma tus datos/input_Tienes envos con recojo en tienda, se_af5936""), ""2"")",Edge Chromium 131,,,2025-01-20 03:42:35,2025-01-20 03:42:35,0.710s,PASSED
"setText(findTestObject(""Object Repository/Registro de envíos/cargo adjunto/Page_Olva Courier  Confirma tus datos/input_Tienes envos con recojo en tienda, se_653975""), ""3"")",Edge Chromium 131,,,2025-01-20 03:42:35,2025-01-20 03:42:36,0.649s,PASSED
"setText(findTestObject(""Object Repository/Registro de envíos/cargo adjunto/Page_Olva Courier  Confirma tus datos/input_Tienes envos con recojo en tienda, se_8615a0""), ""4"")",Edge Chromium 131,,,2025-01-20 03:42:36,2025-01-20 03:42:37,0.630s,PASSED
"click(findTestObject(""Object Repository/Registro de envíos/cargo adjunto/Page_Olva Courier  Confirma tus datos/b_Aceptar""))",Edge Chromium 131,,,2025-01-20 03:42:37,2025-01-20 03:42:37,0.360s,PASSED
"delay(3, STOP_ON_FAILURE)",Edge Chromium 131,,,2025-01-20 03:42:37,2025-01-20 03:42:40,3.006s,PASSED
"scrollToElement(findTestObject(""Object Repository/Registro de envíos/Test cases/b_PagoAgencias""), 0, STOP_ON_FAILURE)",Edge Chromium 131,,,2025-01-20 03:42:40,2025-01-20 03:42:49,8.953s,PASSED
"click(findTestObject(""Object Repository/Registro de envíos/Test cases/b_PagoAgencias""), STOP_ON_FAILURE)",Edge Chromium 131,,,2025-01-20 03:42:49,2025-01-20 03:42:49,0.378s,PASSED
"scrollToElement(findTestObject(""Object Repository/Registro de envíos/Test cases/button_PAGAR""), 0, STOP_ON_FAILURE)",Edge Chromium 131,,,2025-01-20 03:42:49,2025-01-20 03:42:50,0.324s,PASSED
"click(findTestObject(""Object Repository/Registro de envíos/Test cases/button_PAGAR""), STOP_ON_FAILURE)",Edge Chromium 131,,,2025-01-20 03:42:50,2025-01-20 03:42:50,0.333s,PASSED
"verifyElementText(findTestObject(""Object Repository/Registro de envíos/Test cases/span_CorreoPrevnt""), ""Se envió un correo con los detalles de su registro."", STOP_ON_FAILURE)",Edge Chromium 131,,,2025-01-20 03:42:50,2025-01-20 03:43:08,17.577s,PASSED
"verifyElementText(findTestObject(""Object Repository/Registro de envíos/Test cases/span_CorreoPrevnt""), ""Se envió un correo con los detalles de su registro."", STOP_ON_FAILURE)",Edge Chromium 131,,,2025-01-20 03:43:08,2025-01-20 03:43:08,0.322s,PASSED
"verifyElementPresent(findTestObject(""Object Repository/Registro de envíos/Test cases/div_NroPedid""), 0, STOP_ON_FAILURE)",Edge Chromium 131,,,2025-01-20 03:43:08,2025-01-20 03:43:08,0.304s,PASSED
,,,,,,,
Test Cases/Registro_Envíos/3. Positivas/1. Paquetes/Origen Lima/5. Cargo adjunto/7.EditarCargo_Tienda,Edge Chromium 131,,,2025-01-20 03:43:08,2025-01-20 03:45:32,2m - 23.826s,PASSED
"callTestCase(findTestCase(""Registro_Envíos/1.Inicio/1.Principal/Principal-Home""), [:], STOP_ON_FAILURE)",Edge Chromium 131,,,2025-01-20 03:43:08,2025-01-20 03:43:13,4.901s,PASSED
"callTestCase(findTestCase(""Registro_Envíos/1.Inicio/1.Principal/Selecc_paquete""), [:], STOP_ON_FAILURE)",Edge Chromium 131,,,2025-01-20 03:43:13,2025-01-20 03:43:23,9.310s,PASSED
"callTestCase(findTestCase(""Registro_Envíos/1.Inicio/2.Login/3.Login_CE""), [:], STOP_ON_FAILURE)",Edge Chromium 131,,,2025-01-20 03:43:23,2025-01-20 03:43:25,2.544s,PASSED
"click(findTestObject(""Object Repository/Registro de envíos/Test cases/button_SeleccArt""), STOP_ON_FAILURE)",Edge Chromium 131,,,2025-01-20 03:43:25,2025-01-20 03:43:25,0.333s,PASSED
"click(findTestObject(""Object Repository/Registro de envíos/Test cases/span_ART_LIMP""), STOP_ON_FAILURE)",Edge Chromium 131,,,2025-01-20 03:43:25,2025-01-20 03:43:26,0.375s,PASSED
"setText(findTestObject(""Object Repository/Registro de envíos/Test cases/input_pqte_artic""), ""PRUEBA1"", STOP_ON_FAILURE)",Edge Chromium 131,,,2025-01-20 03:43:26,2025-01-20 03:43:27,0.692s,PASSED
"setText(findTestObject(""Object Repository/Registro de envíos/Test cases/input_pqte_val""), ""12"", STOP_ON_FAILURE)",Edge Chromium 131,,,2025-01-20 03:43:27,2025-01-20 03:43:27,0.658s,PASSED
"setText(findTestObject(""Object Repository/Registro de envíos/Test cases/input_pqte_larg""), ""12"", STOP_ON_FAILURE)",Edge Chromium 131,,,2025-01-20 03:43:27,2025-01-20 03:43:28,0.678s,PASSED
"setText(findTestObject(""Object Repository/Registro de envíos/Test cases/input_pqte_anch""), ""14"", STOP_ON_FAILURE)",Edge Chromium 131,,,2025-01-20 03:43:28,2025-01-20 03:43:29,0.707s,PASSED
"setText(findTestObject(""Object Repository/Registro de envíos/Test cases/input_pqte_alt""), ""15"", STOP_ON_FAILURE)",Edge Chromium 131,,,2025-01-20 03:43:29,2025-01-20 03:43:29,0.810s,PASSED
"setText(findTestObject(""Object Repository/Registro de envíos/Test cases/input_pqte_peso""), ""1"", STOP_ON_FAILURE)",Edge Chromium 131,,,2025-01-20 03:43:29,2025-01-20 03:43:30,0.665s,PASSED
"click(findTestObject(""Object Repository/Registro de envíos/cargo adjunto/Page_Olva Courier  Datos Personales/span_Ingrese el punto de partida""))",Edge Chromium 131,,,2025-01-20 03:43:30,2025-01-20 03:43:30,0.336s,PASSED
"click(findTestObject(""Object Repository/Registro de envíos/cargo adjunto/Page_Olva Courier  Datos Personales/a_LIMA""))",Edge Chromium 131,,,2025-01-20 03:43:30,2025-01-20 03:43:31,0.325s,PASSED
"click(findTestObject(""Object Repository/Registro de envíos/cargo adjunto/Page_Olva Courier  Datos Personales/span_Ingrese el punto de llegada""))",Edge Chromium 131,,,2025-01-20 03:43:31,2025-01-20 03:43:34,2.797s,PASSED
"setText(findTestObject(""Object Repository/Registro de envíos/cargo adjunto/Page_Olva Courier  Datos Personales/input_Ingrese el punto de llegada_form-control""), ""miraflores"")",Edge Chromium 131,,,2025-01-20 03:43:34,2025-01-20 03:43:35,1.009s,PASSED
"click(findTestObject(""Object Repository/Registro de envíos/cargo adjunto/Page_Olva Courier  Datos Personales/span_LIMA - LIMA - MIRAFLORES""))",Edge Chromium 131,,,2025-01-20 03:43:35,2025-01-20 03:43:35,0.453s,PASSED
"scrollToElement(findTestObject(""Object Repository/Registro de envíos/cargo adjunto/Page_Olva Courier  Datos Personales/span_Tipo de entrega""), 0)",Edge Chromium 131,,,2025-01-20 03:43:35,2025-01-20 03:43:35,0.305s,PASSED
"click(findTestObject(""Object Repository/Registro de envíos/cargo adjunto/Page_Olva Courier  Datos Personales/span_Tipo de entrega""))",Edge Chromium 131,,,2025-01-20 03:43:35,2025-01-20 03:43:36,0.354s,PASSED
"click(findTestObject(""Object Repository/Registro de envíos/cargo adjunto/Page_Olva Courier  Datos Personales/a_Recojo en tienda""))",Edge Chromium 131,,,2025-01-20 03:43:36,2025-01-20 03:43:36,0.396s,PASSED
"click(findTestObject(""Object Repository/Registro de envíos/cargo adjunto/Page_Olva Courier  Datos Personales/span_Tienda""))",Edge Chromium 131,,,2025-01-20 03:43:36,2025-01-20 03:43:37,1.072s,PASSED
"click(findTestObject(""Object Repository/Registro de envíos/cargo adjunto/Page_Olva Courier  Datos Personales/span_OLVA MIRAFLORES - AV. COMANDANTE ESPIN_8deea8""))",Edge Chromium 131,,,2025-01-20 03:43:37,2025-01-20 03:43:37,0.337s,PASSED
"click(findTestObject(""Object Repository/Registro de envíos/cargo adjunto/Page_Olva Courier  Datos Personales/span_No""))",Edge Chromium 131,,,2025-01-20 03:43:37,2025-01-20 03:43:38,0.365s,PASSED
"click(findTestObject(""Object Repository/Registro de envíos/cargo adjunto/Page_Olva Courier  Datos Personales/a_Si""))",Edge Chromium 131,,,2025-01-20 03:43:38,2025-01-20 03:43:38,0.343s,PASSED
"click(findTestObject(""Object Repository/Registro de envíos/cargo adjunto/Page_Olva Courier  Datos Personales/button_Tipo De Documento""))",Edge Chromium 131,,,2025-01-20 03:43:38,2025-01-20 03:43:38,0.327s,PASSED
"click(findTestObject(""Object Repository/Registro de envíos/cargo adjunto/Page_Olva Courier  Datos Personales/a_DNI""))",Edge Chromium 131,,,2025-01-20 03:43:38,2025-01-20 03:43:39,0.346s,PASSED
"setText(findTestObject(""Object Repository/Registro de envíos/cargo adjunto/Page_Olva Courier  Datos Personales/input_CARN EXT_txt_consignado_dni""), ""12345678"")",Edge Chromium 131,,,2025-01-20 03:43:39,2025-01-20 03:43:40,0.692s,PASSED
"click(findTestObject(""Object Repository/Registro de envíos/cargo adjunto/Page_Olva Courier  Datos Personales/button_CONTINUAR""))",Edge Chromium 131,,,2025-01-20 03:43:40,2025-01-20 03:43:47,7.800s,PASSED
delay(4),Edge Chromium 131,,,2025-01-20 03:43:47,2025-01-20 03:43:51,4.010s,PASSED
"click(findTestObject(""Object Repository/Registro de envíos/cargo adjunto/Page_Olva Courier  Confirma tus datos/button_Cambiar""))",Edge Chromium 131,,,2025-01-20 03:43:51,2025-01-20 03:43:53,1.654s,PASSED
"click(findTestObject(""Object Repository/Registro de envíos/cargo adjunto/Page_Olva Courier  Confirma tus datos/span_Tipo de entrega""))",Edge Chromium 131,,,2025-01-20 03:43:53,2025-01-20 03:43:53,0.405s,PASSED
"click(findTestObject(""Object Repository/Registro de envíos/cargo adjunto/Page_Olva Courier  Confirma tus datos/span_Recojo en tienda""))",Edge Chromium 131,,,2025-01-20 03:43:53,2025-01-20 03:43:54,0.366s,PASSED
"click(findTestObject(""Object Repository/Registro de envíos/cargo adjunto/Page_Olva Courier  Confirma tus datos/button_Departamento - Provincia - Distrito""))",Edge Chromium 131,,,2025-01-20 03:43:54,2025-01-20 03:44:54,1m - 0.001s,PASSED
"click(findTestObject(""Object Repository/Registro de envíos/cargo adjunto/Page_Olva Courier  Confirma tus datos/span_CALLAO - CALLAO - CALLAO""))",Edge Chromium 131,,,2025-01-20 03:44:54,2025-01-20 03:44:54,0.341s,PASSED
"click(findTestObject(""Object Repository/Registro de envíos/cargo adjunto/Page_Olva Courier  Confirma tus datos/button_Tienda""))",Edge Chromium 131,,,2025-01-20 03:44:54,2025-01-20 03:44:55,1.175s,PASSED
"click(findTestObject(""Object Repository/Registro de envíos/cargo adjunto/Page_Olva Courier  Confirma tus datos/span_OLVA CANTA CALLAO - CALLAO - AV OFICIN_2e9f2e""))",Edge Chromium 131,,,2025-01-20 03:44:55,2025-01-20 03:44:56,0.345s,PASSED
"click(findTestObject(""Object Repository/Registro de envíos/cargo adjunto/Page_Olva Courier  Confirma tus datos/button_Tienda""))",Edge Chromium 131,,,2025-01-20 03:44:56,2025-01-20 03:44:56,0.342s,PASSED
"click(findTestObject(""Object Repository/Registro de envíos/cargo adjunto/Page_Olva Courier  Confirma tus datos/span_AGENTE OLVA ATE - PLAZA VITARTE BRI ST_5abd40""))",Edge Chromium 131,,,2025-01-20 03:44:56,2025-01-20 03:44:56,0.346s,PASSED
"click(findTestObject(""Object Repository/Registro de envíos/cargo adjunto/Page_Olva Courier  Confirma tus datos/button_Aceptar""))",Edge Chromium 131,,,2025-01-20 03:44:56,2025-01-20 03:44:57,0.331s,PASSED
"scrollToElement(findTestObject(""Object Repository/Registro de envíos/cargo adjunto/Page_Olva Courier  Confirma tus datos/button_IR A PAGAR S 17.30""), 0)",Edge Chromium 131,,,2025-01-20 03:44:57,2025-01-20 03:44:57,0.329s,PASSED
"click(findTestObject(""Object Repository/Registro de envíos/cargo adjunto/Page_Olva Courier  Confirma tus datos/button_IR A PAGAR S 17.30""))",Edge Chromium 131,,,2025-01-20 03:44:57,2025-01-20 03:44:57,0.332s,PASSED
"setText(findTestObject(""Object Repository/Registro de envíos/cargo adjunto/Page_Olva Courier  Confirma tus datos/input_Tienes envos con recojo en tienda, se_b85f5d""), ""1"")",Edge Chromium 131,,,2025-01-20 03:44:57,2025-01-20 03:44:58,0.661s,PASSED
"setText(findTestObject(""Object Repository/Registro de envíos/cargo adjunto/Page_Olva Courier  Confirma tus datos/input_Tienes envos con recojo en tienda, se_af5936""), ""2"")",Edge Chromium 131,,,2025-01-20 03:44:58,2025-01-20 03:44:59,0.701s,PASSED
"setText(findTestObject(""Object Repository/Registro de envíos/cargo adjunto/Page_Olva Courier  Confirma tus datos/input_Tienes envos con recojo en tienda, se_653975""), ""3"")",Edge Chromium 131,,,2025-01-20 03:44:59,2025-01-20 03:44:59,0.655s,PASSED
"setText(findTestObject(""Object Repository/Registro de envíos/cargo adjunto/Page_Olva Courier  Confirma tus datos/input_Tienes envos con recojo en tienda, se_8615a0""), ""4"")",Edge Chromium 131,,,2025-01-20 03:44:59,2025-01-20 03:45:00,0.641s,PASSED
"click(findTestObject(""Object Repository/Registro de envíos/cargo adjunto/Page_Olva Courier  Confirma tus datos/b_Aceptar""))",Edge Chromium 131,,,2025-01-20 03:45:00,2025-01-20 03:45:00,0.331s,PASSED
"delay(3, STOP_ON_FAILURE)",Edge Chromium 131,,,2025-01-20 03:45:00,2025-01-20 03:45:03,3.020s,PASSED
"scrollToElement(findTestObject(""Object Repository/Registro de envíos/Test cases/b_PagoAgencias""), 0, STOP_ON_FAILURE)",Edge Chromium 131,,,2025-01-20 03:45:03,2025-01-20 03:45:13,9.506s,PASSED
"click(findTestObject(""Object Repository/Registro de envíos/Test cases/b_PagoAgencias""), STOP_ON_FAILURE)",Edge Chromium 131,,,2025-01-20 03:45:13,2025-01-20 03:45:13,0.335s,PASSED
"scrollToElement(findTestObject(""Object Repository/Registro de envíos/Test cases/button_PAGAR""), 0, STOP_ON_FAILURE)",Edge Chromium 131,,,2025-01-20 03:45:13,2025-01-20 03:45:13,0.320s,PASSED
"click(findTestObject(""Object Repository/Registro de envíos/Test cases/button_PAGAR""), STOP_ON_FAILURE)",Edge Chromium 131,,,2025-01-20 03:45:13,2025-01-20 03:45:14,0.336s,PASSED
"verifyElementText(findTestObject(""Object Repository/Registro de envíos/Test cases/span_CorreoPrevnt""), ""Se envió un correo con los detalles de su registro."", STOP_ON_FAILURE)",Edge Chromium 131,,,2025-01-20 03:45:14,2025-01-20 03:45:31,17.651s,PASSED
"verifyElementText(findTestObject(""Object Repository/Registro de envíos/Test cases/span_CorreoPrevnt""), ""Se envió un correo con los detalles de su registro."", STOP_ON_FAILURE)",Edge Chromium 131,,,2025-01-20 03:45:31,2025-01-20 03:45:32,0.296s,PASSED
"verifyElementPresent(findTestObject(""Object Repository/Registro de envíos/Test cases/div_NroPedid""), 0, STOP_ON_FAILURE)",Edge Chromium 131,,,2025-01-20 03:45:32,2025-01-20 03:45:32,0.315s,PASSED
,,,,,,,
Test Cases/Registro_Envíos/3. Positivas/1. Paquetes/Origen provincia/2.Girley/Geo sin seleccionar/6. Limpiar y digitar dirección,Edge Chromium 131,,,2025-01-20 03:45:32,2025-01-20 03:47:23,1m - 51.120s,PASSED
"callTestCase(findTestCase(""Registro_Envíos/1.Inicio/1.Principal/Principal-Home""), [:], STOP_ON_FAILURE)",Edge Chromium 131,,,2025-01-20 03:45:32,2025-01-20 03:45:37,4.477s,PASSED
"callTestCase(findTestCase(""Registro_Envíos/1.Inicio/1.Principal/Selecc_paquete""), [:], STOP_ON_FAILURE)",Edge Chromium 131,,,2025-01-20 03:45:37,2025-01-20 03:45:46,9.574s,PASSED
"callTestCase(findTestCase(""Registro_Envíos/1.Inicio/2.Login/6.LoginRUC10""), [:], STOP_ON_FAILURE)",Edge Chromium 131,,,2025-01-20 03:45:46,2025-01-20 03:45:52,5.542s,PASSED
"click(findTestObject(""Object Repository/Registro de envíos/Test cases/button_SeleccArt""), STOP_ON_FAILURE)",Edge Chromium 131,,,2025-01-20 03:45:52,2025-01-20 03:45:52,0.323s,PASSED
"click(findTestObject(""Object Repository/Registro de envíos/Test cases/span_ART_LIMP""), STOP_ON_FAILURE)",Edge Chromium 131,,,2025-01-20 03:45:52,2025-01-20 03:45:53,0.436s,PASSED
"setText(findTestObject(""Object Repository/Registro de envíos/Test cases/input_pqte_artic""), ""PRUEBA1"", STOP_ON_FAILURE)",Edge Chromium 131,,,2025-01-20 03:45:53,2025-01-20 03:45:53,0.702s,PASSED
"setText(findTestObject(""Object Repository/Registro de envíos/Test cases/input_pqte_val""), ""13"", STOP_ON_FAILURE)",Edge Chromium 131,,,2025-01-20 03:45:53,2025-01-20 03:45:54,0.651s,PASSED
"setText(findTestObject(""Object Repository/Registro de envíos/Test cases/input_pqte_larg""), ""12"", STOP_ON_FAILURE)",Edge Chromium 131,,,2025-01-20 03:45:54,2025-01-20 03:45:55,0.681s,PASSED
"setText(findTestObject(""Object Repository/Registro de envíos/Test cases/input_pqte_anch""), ""14"", STOP_ON_FAILURE)",Edge Chromium 131,,,2025-01-20 03:45:55,2025-01-20 03:45:55,0.685s,PASSED
"setText(findTestObject(""Object Repository/Registro de envíos/Test cases/input_pqte_alt""), ""15"", STOP_ON_FAILURE)",Edge Chromium 131,,,2025-01-20 03:45:55,2025-01-20 03:45:56,0.667s,PASSED
"setText(findTestObject(""Object Repository/Registro de envíos/Test cases/input_pqte_peso""), ""1"", STOP_ON_FAILURE)",Edge Chromium 131,,,2025-01-20 03:45:56,2025-01-20 03:45:57,0.675s,PASSED
"click(findTestObject(""Object Repository/Registro de envíos/Test cases/span_PuntPartid""), STOP_ON_FAILURE)",Edge Chromium 131,,,2025-01-20 03:45:57,2025-01-20 03:45:57,0.334s,PASSED
"click(findTestObject(""Object Repository/Registro de envíos/valorados/Page_Olva Courier  Datos Personales/a_AREQUIPA""))",Edge Chromium 131,,,2025-01-20 03:45:57,2025-01-20 03:45:57,0.341s,PASSED
"click(findTestObject(""Object Repository/Registro de envíos/Test cases/span_PuntLlegad""), STOP_ON_FAILURE)",Edge Chromium 131,,,2025-01-20 03:45:57,2025-01-20 03:46:03,5.847s,PASSED
"click(findTestObject(""Object Repository/Registro de envíos/Test cases/input_PuntLlegad""), STOP_ON_FAILURE)",Edge Chromium 131,,,2025-01-20 03:46:03,2025-01-20 03:46:04,0.363s,PASSED
"setText(findTestObject(""Object Repository/Registro de envíos/Test cases/input_PuntLlegad""), ""san borja"", STOP_ON_FAILURE)",Edge Chromium 131,,,2025-01-20 03:46:04,2025-01-20 03:46:04,0.983s,PASSED
"delay(4, STOP_ON_FAILURE)",Edge Chromium 131,,,2025-01-20 03:46:04,2025-01-20 03:46:09,4.001s,PASSED
"scrollToElement(findTestObject(""Object Repository/Registro de envíos/Test cases/span_LIM_SanBorj""), 0, STOP_ON_FAILURE)",Edge Chromium 131,,,2025-01-20 03:46:09,2025-01-20 03:46:09,0.376s,PASSED
"click(findTestObject(""Object Repository/Registro de envíos/Test cases/span_LIM_SanBorj""), STOP_ON_FAILURE)",Edge Chromium 131,,,2025-01-20 03:46:09,2025-01-20 03:46:09,0.428s,PASSED
"click(findTestObject(""Object Repository/Registro de envíos/Test cases/span_TipEntreg""), STOP_ON_FAILURE)",Edge Chromium 131,,,2025-01-20 03:46:09,2025-01-20 03:46:10,0.473s,PASSED
"click(findTestObject(""Object Repository/Registro de envíos/Test cases/a_EntregDomic""), STOP_ON_FAILURE)",Edge Chromium 131,,,2025-01-20 03:46:10,2025-01-20 03:46:11,1.692s,PASSED
"scrollToElement(findTestObject(""Object Repository/Registro de envíos/Test cases/input_dir_entreg""), 0, STOP_ON_FAILURE)",Edge Chromium 131,,,2025-01-20 03:46:11,2025-01-20 03:46:12,0.313s,PASSED
"setText(findTestObject(""Object Repository/Registro de envíos/Test cases/input_dir_entreg""), ""Los Eucaliptos, 555 - San Isidro, Lima"", STOP_ON_FAILURE)",Edge Chromium 131,,,2025-01-20 03:46:12,2025-01-20 03:46:13,0.800s,PASSED
"click(findTestObject(""Registro de envíos/Test cases/Girley/ClickFuera""))",Edge Chromium 131,,,2025-01-20 03:46:13,2025-01-20 03:46:14,1.844s,PASSED
"scrollToElement(findTestObject(""Object Repository/Registro de envíos/Test cases/input_dir_ref""), 0, STOP_ON_FAILURE)",Edge Chromium 131,,,2025-01-20 03:46:14,2025-01-20 03:46:15,0.327s,PASSED
"setText(findTestObject(""Object Repository/Registro de envíos/Test cases/input_dir_ref""), ""ABC"", STOP_ON_FAILURE)",Edge Chromium 131,,,2025-01-20 03:46:15,2025-01-20 03:46:15,0.671s,PASSED
delay(2),Edge Chromium 131,,,2025-01-20 03:46:15,2025-01-20 03:46:17,2.002s,PASSED
"click(findTestObject(""Registro de envíos/Test cases/Girley/Limpiar""))",Edge Chromium 131,,,2025-01-20 03:46:17,2025-01-20 03:46:18,0.353s,PASSED
delay(3),Edge Chromium 131,,,2025-01-20 03:46:18,2025-01-20 03:46:21,3.012s,PASSED
"setText(findTestObject(""Object Repository/Registro de envíos/Test cases/input_dir_entreg""), ""Los Eucaliptos, 555 - San Isidro, Lima"", STOP_ON_FAILURE)",Edge Chromium 131,,,2025-01-20 03:46:21,2025-01-20 03:46:22,0.779s,PASSED
"click(findTestObject(""Registro de envíos/Test cases/Girley/ClickFuera""))",Edge Chromium 131,,,2025-01-20 03:46:22,2025-01-20 03:46:23,1.571s,PASSED
"scrollToElement(findTestObject(""Object Repository/Registro de envíos/Test cases/input_dir_ref""), 0, STOP_ON_FAILURE)",Edge Chromium 131,,,2025-01-20 03:46:23,2025-01-20 03:46:23,0.340s,PASSED
"setText(findTestObject(""Object Repository/Registro de envíos/Test cases/input_dir_ref""), ""ABC"", STOP_ON_FAILURE)",Edge Chromium 131,,,2025-01-20 03:46:23,2025-01-20 03:46:24,0.670s,PASSED
delay(2),Edge Chromium 131,,,2025-01-20 03:46:24,2025-01-20 03:46:26,2.001s,PASSED
"scrollToElement(findTestObject(""Registro de envíos/Test cases/Girley/validac_Destino""), 0)",Edge Chromium 131,,,2025-01-20 03:46:26,2025-01-20 03:46:26,0.340s,PASSED
delay(2),Edge Chromium 131,,,2025-01-20 03:46:26,2025-01-20 03:46:28,2.001s,PASSED
"scrollToElement(findTestObject(""Object Repository/Registro de envíos/Test cases/button_TipDocument""), 0, STOP_ON_FAILURE)",Edge Chromium 131,,,2025-01-20 03:46:28,2025-01-20 03:46:29,0.315s,PASSED
"click(findTestObject(""Object Repository/Registro de envíos/Test cases/button_TipDocument""), STOP_ON_FAILURE)",Edge Chromium 131,,,2025-01-20 03:46:29,2025-01-20 03:46:29,0.335s,PASSED
"click(findTestObject(""Object Repository/Registro de envíos/Test cases/a_DNI""), STOP_ON_FAILURE)",Edge Chromium 131,,,2025-01-20 03:46:29,2025-01-20 03:46:29,0.353s,PASSED
"setText(findTestObject(""Object Repository/Registro de envíos/Test cases/input_Consig_dni""), ""12345678"", STOP_ON_FAILURE)",Edge Chromium 131,,,2025-01-20 03:46:29,2025-01-20 03:46:30,0.712s,PASSED
"verifyElementPresent(findTestObject(""Object Repository/Registro de envíos/Test cases/div_PINTO""), 0, STOP_ON_FAILURE)",Edge Chromium 131,,,2025-01-20 03:46:30,2025-01-20 03:46:42,11.970s,PASSED
"scrollToElement(findTestObject(""Object Repository/Registro de envíos/Test cases/button_cntnuar(1)""), 0, STOP_ON_FAILURE)",Edge Chromium 131,,,2025-01-20 03:46:42,2025-01-20 03:46:42,0.313s,PASSED
"click(findTestObject(""Object Repository/Registro de envíos/Test cases/button_cntnuar(1)""), STOP_ON_FAILURE)",Edge Chromium 131,,,2025-01-20 03:46:42,2025-01-20 03:46:43,0.373s,PASSED
"verifyElementText(findTestObject(""Object Repository/Registro de envíos/Test cases/th_lima""), ""Tacna"", STOP_ON_FAILURE)",Edge Chromium 131,,,2025-01-20 03:46:43,2025-01-20 03:46:55,11.815s,PASSED
"verifyElementText(findTestObject(""Object Repository/Registro de envíos/Test cases/th_EntregDomic""), ""Entrega A Domicilio"", STOP_ON_FAILURE)",Edge Chromium 131,,,2025-01-20 03:46:55,2025-01-20 03:46:55,0.295s,PASSED
"verifyElementPresent(findTestObject(""Object Repository/Registro de envíos/Test cases/th_7.30""), 0, STOP_ON_FAILURE)",Edge Chromium 131,,,2025-01-20 03:46:55,2025-01-20 03:46:55,0.315s,PASSED
"verifyElementPresent(findTestObject(""Object Repository/Registro de envíos/Test cases/th_0.00""), 0, STOP_ON_FAILURE)",Edge Chromium 131,,,2025-01-20 03:46:55,2025-01-20 03:46:56,0.310s,PASSED
"click(findTestObject(""Object Repository/Registro de envíos/Test cases/1-Principal/button_IR A PAGAR S 7.30""))",Edge Chromium 131,,,2025-01-20 03:46:56,2025-01-20 03:46:56,0.331s,PASSED
"callTestCase(findTestCase(""Registro_Envíos/1.Inicio/3.Pago_envíos/Pago_TDC""), [:], STOP_ON_FAILURE)",Edge Chromium 131,,,2025-01-20 03:46:56,2025-01-20 03:47:23,27.268s,PASSED
,,,,,,,
Test Cases/Registro_Envíos/3. Positivas/1. Paquetes/Origen provincia/2.Girley/Geo sin seleccionar/5. Dirección distinta al destino,Edge Chromium 131,,,2025-01-20 03:47:23,2025-01-20 03:49:02,1m - 38.606s,PASSED
"callTestCase(findTestCase(""Registro_Envíos/1.Inicio/1.Principal/Principal-Home""), [:], STOP_ON_FAILURE)",Edge Chromium 131,,,2025-01-20 03:47:23,2025-01-20 03:47:28,4.380s,PASSED
"callTestCase(findTestCase(""Registro_Envíos/1.Inicio/1.Principal/Selecc_paquete""), [:], STOP_ON_FAILURE)",Edge Chromium 131,,,2025-01-20 03:47:28,2025-01-20 03:47:37,9.198s,PASSED
"callTestCase(findTestCase(""Registro_Envíos/1.Inicio/2.Login/5.LoginRUC20""), [:], STOP_ON_FAILURE)",Edge Chromium 131,,,2025-01-20 03:47:37,2025-01-20 03:47:42,4.869s,PASSED
"click(findTestObject(""Object Repository/Registro de envíos/Test cases/button_SeleccArt""), STOP_ON_FAILURE)",Edge Chromium 131,,,2025-01-20 03:47:42,2025-01-20 03:47:42,0.326s,PASSED
"click(findTestObject(""Object Repository/Registro de envíos/Test cases/span_ART_LIMP""), STOP_ON_FAILURE)",Edge Chromium 131,,,2025-01-20 03:47:42,2025-01-20 03:47:42,0.371s,PASSED
"setText(findTestObject(""Object Repository/Registro de envíos/Test cases/input_pqte_artic""), ""PRUEBA1"", STOP_ON_FAILURE)",Edge Chromium 131,,,2025-01-20 03:47:42,2025-01-20 03:47:43,0.729s,PASSED
"setText(findTestObject(""Object Repository/Registro de envíos/Test cases/input_pqte_val""), ""13"", STOP_ON_FAILURE)",Edge Chromium 131,,,2025-01-20 03:47:43,2025-01-20 03:47:44,0.685s,PASSED
"setText(findTestObject(""Object Repository/Registro de envíos/Test cases/input_pqte_larg""), ""12"", STOP_ON_FAILURE)",Edge Chromium 131,,,2025-01-20 03:47:44,2025-01-20 03:47:45,0.739s,PASSED
"setText(findTestObject(""Object Repository/Registro de envíos/Test cases/input_pqte_anch""), ""14"", STOP_ON_FAILURE)",Edge Chromium 131,,,2025-01-20 03:47:45,2025-01-20 03:47:45,0.670s,PASSED
"setText(findTestObject(""Object Repository/Registro de envíos/Test cases/input_pqte_alt""), ""15"", STOP_ON_FAILURE)",Edge Chromium 131,,,2025-01-20 03:47:45,2025-01-20 03:47:46,0.670s,PASSED
"setText(findTestObject(""Object Repository/Registro de envíos/Test cases/input_pqte_peso""), ""1"", STOP_ON_FAILURE)",Edge Chromium 131,,,2025-01-20 03:47:46,2025-01-20 03:47:47,0.672s,PASSED
"click(findTestObject(""Object Repository/Registro de envíos/Test cases/span_PuntPartid""), STOP_ON_FAILURE)",Edge Chromium 131,,,2025-01-20 03:47:47,2025-01-20 03:47:47,0.330s,PASSED
"click(findTestObject(""Object Repository/Registro de envíos/valorados/Page_Olva Courier  Datos Personales/a_ICA""))",Edge Chromium 131,,,2025-01-20 03:47:47,2025-01-20 03:47:47,0.331s,PASSED
"click(findTestObject(""Object Repository/Registro de envíos/Test cases/span_PuntLlegad""), STOP_ON_FAILURE)",Edge Chromium 131,,,2025-01-20 03:47:47,2025-01-20 03:47:53,5.602s,PASSED
"click(findTestObject(""Object Repository/Registro de envíos/Test cases/input_PuntLlegad""), STOP_ON_FAILURE)",Edge Chromium 131,,,2025-01-20 03:47:53,2025-01-20 03:47:53,0.367s,PASSED
"setText(findTestObject(""Object Repository/Registro de envíos/Test cases/input_PuntLlegad""), ""san borja"", STOP_ON_FAILURE)",Edge Chromium 131,,,2025-01-20 03:47:53,2025-01-20 03:47:54,0.927s,PASSED
"delay(4, STOP_ON_FAILURE)",Edge Chromium 131,,,2025-01-20 03:47:54,2025-01-20 03:47:58,4.002s,PASSED
"scrollToElement(findTestObject(""Object Repository/Registro de envíos/Test cases/span_LIM_SanBorj""), 0, STOP_ON_FAILURE)",Edge Chromium 131,,,2025-01-20 03:47:58,2025-01-20 03:47:59,0.338s,PASSED
"click(findTestObject(""Object Repository/Registro de envíos/Test cases/span_LIM_SanBorj""), STOP_ON_FAILURE)",Edge Chromium 131,,,2025-01-20 03:47:59,2025-01-20 03:47:59,0.407s,PASSED
"click(findTestObject(""Object Repository/Registro de envíos/Test cases/span_TipEntreg""), STOP_ON_FAILURE)",Edge Chromium 131,,,2025-01-20 03:47:59,2025-01-20 03:47:59,0.338s,PASSED
"click(findTestObject(""Object Repository/Registro de envíos/Test cases/a_EntregDomic""), STOP_ON_FAILURE)",Edge Chromium 131,,,2025-01-20 03:47:59,2025-01-20 03:48:01,1.627s,PASSED
"scrollToElement(findTestObject(""Object Repository/Registro de envíos/Test cases/input_dir_entreg""), 0, STOP_ON_FAILURE)",Edge Chromium 131,,,2025-01-20 03:48:01,2025-01-20 03:48:01,0.320s,PASSED
"setText(findTestObject(""Object Repository/Registro de envíos/Test cases/input_dir_entreg""), ""Los Eucaliptos, 555 - San Isidro, Lima"", STOP_ON_FAILURE)",Edge Chromium 131,,,2025-01-20 03:48:01,2025-01-20 03:48:02,0.788s,PASSED
"click(findTestObject(""Registro de envíos/Test cases/Girley/ClickFuera""))",Edge Chromium 131,,,2025-01-20 03:48:02,2025-01-20 03:48:04,1.950s,PASSED
"scrollToElement(findTestObject(""Object Repository/Registro de envíos/Test cases/input_dir_ref""), 0, STOP_ON_FAILURE)",Edge Chromium 131,,,2025-01-20 03:48:04,2025-01-20 03:48:04,0.324s,PASSED
"setText(findTestObject(""Object Repository/Registro de envíos/Test cases/input_dir_ref""), ""ABC"", STOP_ON_FAILURE)",Edge Chromium 131,,,2025-01-20 03:48:04,2025-01-20 03:48:05,0.666s,PASSED
delay(2),Edge Chromium 131,,,2025-01-20 03:48:05,2025-01-20 03:48:07,2.001s,PASSED
"scrollToElement(findTestObject(""Object Repository/Registro de envíos/Test cases/button_TipDocument""), 0, STOP_ON_FAILURE)",Edge Chromium 131,,,2025-01-20 03:48:07,2025-01-20 03:48:07,0.313s,PASSED
"click(findTestObject(""Object Repository/Registro de envíos/Test cases/button_TipDocument""), STOP_ON_FAILURE)",Edge Chromium 131,,,2025-01-20 03:48:07,2025-01-20 03:48:08,0.335s,PASSED
"click(findTestObject(""Object Repository/Registro de envíos/Test cases/a_DNI""), STOP_ON_FAILURE)",Edge Chromium 131,,,2025-01-20 03:48:08,2025-01-20 03:48:08,0.339s,PASSED
"setText(findTestObject(""Object Repository/Registro de envíos/Test cases/input_Consig_dni""), ""12345678"", STOP_ON_FAILURE)",Edge Chromium 131,,,2025-01-20 03:48:08,2025-01-20 03:48:09,0.692s,PASSED
"verifyElementPresent(findTestObject(""Object Repository/Registro de envíos/Test cases/div_PINTO""), 0, STOP_ON_FAILURE)",Edge Chromium 131,,,2025-01-20 03:48:09,2025-01-20 03:48:16,7.664s,PASSED
"scrollToElement(findTestObject(""Object Repository/Registro de envíos/Test cases/button_cntnuar(1)""), 0, STOP_ON_FAILURE)",Edge Chromium 131,,,2025-01-20 03:48:16,2025-01-20 03:48:17,0.316s,PASSED
"click(findTestObject(""Object Repository/Registro de envíos/Test cases/button_cntnuar(1)""), STOP_ON_FAILURE)",Edge Chromium 131,,,2025-01-20 03:48:17,2025-01-20 03:48:17,0.381s,PASSED
"verifyElementText(findTestObject(""Object Repository/Registro de envíos/Test cases/th_lima""), ""Ica"", STOP_ON_FAILURE)",Edge Chromium 131,,,2025-01-20 03:48:17,2025-01-20 03:48:34,16.754s,PASSED
"verifyElementText(findTestObject(""Object Repository/Registro de envíos/Test cases/th_EntregDomic""), ""Entrega A Domicilio"", STOP_ON_FAILURE)",Edge Chromium 131,,,2025-01-20 03:48:34,2025-01-20 03:48:34,0.298s,PASSED
"verifyElementPresent(findTestObject(""Object Repository/Registro de envíos/Test cases/th_7.30""), 0, STOP_ON_FAILURE)",Edge Chromium 131,,,2025-01-20 03:48:34,2025-01-20 03:48:34,0.308s,PASSED
"verifyElementPresent(findTestObject(""Object Repository/Registro de envíos/Test cases/th_0.00""), 0, STOP_ON_FAILURE)",Edge Chromium 131,,,2025-01-20 03:48:34,2025-01-20 03:48:35,0.294s,PASSED
"click(findTestObject(""Object Repository/Registro de envíos/Test cases/1-Principal/button_IR A PAGAR S 7.30""))",Edge Chromium 131,,,2025-01-20 03:48:35,2025-01-20 03:48:35,0.339s,PASSED
"callTestCase(findTestCase(""Registro_Envíos/1.Inicio/3.Pago_envíos/Pago_TDC""), [:], STOP_ON_FAILURE)",Edge Chromium 131,,,2025-01-20 03:48:35,2025-01-20 03:49:02,26.801s,PASSED
,,,,,,,
Test Cases/Registro_Envíos/3. Positivas/1. Paquetes/Origen provincia/2.Girley/Geo sin seleccionar/4. Dirección nueva,Edge Chromium 131,,,2025-01-20 03:49:02,2025-01-20 03:50:32,1m - 30.442s,PASSED
"callTestCase(findTestCase(""Registro_Envíos/1.Inicio/1.Principal/Principal-Home""), [:], STOP_ON_FAILURE)",Edge Chromium 131,,,2025-01-20 03:49:02,2025-01-20 03:49:06,4.393s,PASSED
"callTestCase(findTestCase(""Registro_Envíos/1.Inicio/1.Principal/Selecc_paquete""), [:], STOP_ON_FAILURE)",Edge Chromium 131,,,2025-01-20 03:49:06,2025-01-20 03:49:16,9.464s,PASSED
"callTestCase(findTestCase(""Registro_Envíos/1.Inicio/2.Login/2.Log_DNI-Colab""), [:], STOP_ON_FAILURE)",Edge Chromium 131,,,2025-01-20 03:49:16,2025-01-20 03:49:22,5.969s,PASSED
"click(findTestObject(""Object Repository/Registro de envíos/Test cases/button_SeleccArt""), STOP_ON_FAILURE)",Edge Chromium 131,,,2025-01-20 03:49:22,2025-01-20 03:49:22,0.343s,PASSED
"click(findTestObject(""Object Repository/Registro de envíos/Test cases/span_ART_LIMP""), STOP_ON_FAILURE)",Edge Chromium 131,,,2025-01-20 03:49:22,2025-01-20 03:49:23,0.472s,PASSED
"setText(findTestObject(""Object Repository/Registro de envíos/Test cases/input_pqte_artic""), ""PRUEBA1"", STOP_ON_FAILURE)",Edge Chromium 131,,,2025-01-20 03:49:23,2025-01-20 03:49:23,0.671s,PASSED
"setText(findTestObject(""Object Repository/Registro de envíos/Test cases/input_pqte_val""), ""13"", STOP_ON_FAILURE)",Edge Chromium 131,,,2025-01-20 03:49:23,2025-01-20 03:49:24,0.653s,PASSED
"setText(findTestObject(""Object Repository/Registro de envíos/Test cases/input_pqte_larg""), ""12"", STOP_ON_FAILURE)",Edge Chromium 131,,,2025-01-20 03:49:24,2025-01-20 03:49:25,0.694s,PASSED
"setText(findTestObject(""Object Repository/Registro de envíos/Test cases/input_pqte_anch""), ""14"", STOP_ON_FAILURE)",Edge Chromium 131,,,2025-01-20 03:49:25,2025-01-20 03:49:25,0.840s,PASSED
"setText(findTestObject(""Object Repository/Registro de envíos/Test cases/input_pqte_alt""), ""15"", STOP_ON_FAILURE)",Edge Chromium 131,,,2025-01-20 03:49:25,2025-01-20 03:49:26,0.665s,PASSED
"setText(findTestObject(""Object Repository/Registro de envíos/Test cases/input_pqte_peso""), ""1"", STOP_ON_FAILURE)",Edge Chromium 131,,,2025-01-20 03:49:26,2025-01-20 03:49:27,0.834s,PASSED
"click(findTestObject(""Object Repository/Registro de envíos/Test cases/span_PuntPartid""), STOP_ON_FAILURE)",Edge Chromium 131,,,2025-01-20 03:49:27,2025-01-20 03:49:27,0.345s,PASSED
"click(findTestObject(""Object Repository/Registro de envíos/valorados/Page_Olva Courier  Datos Personales/a_JAUJA""))",Edge Chromium 131,,,2025-01-20 03:49:27,2025-01-20 03:49:28,0.330s,PASSED
"click(findTestObject(""Object Repository/Registro de envíos/Test cases/span_PuntLlegad""), STOP_ON_FAILURE)",Edge Chromium 131,,,2025-01-20 03:49:28,2025-01-20 03:49:34,5.902s,PASSED
"click(findTestObject(""Object Repository/Registro de envíos/Test cases/input_PuntLlegad""), STOP_ON_FAILURE)",Edge Chromium 131,,,2025-01-20 03:49:34,2025-01-20 03:49:34,0.333s,PASSED
"setText(findTestObject(""Object Repository/Registro de envíos/Test cases/input_PuntLlegad""), ""san borja"", STOP_ON_FAILURE)",Edge Chromium 131,,,2025-01-20 03:49:34,2025-01-20 03:49:35,0.926s,PASSED
"delay(4, STOP_ON_FAILURE)",Edge Chromium 131,,,2025-01-20 03:49:35,2025-01-20 03:49:39,4.030s,PASSED
"scrollToElement(findTestObject(""Object Repository/Registro de envíos/Test cases/span_LIM_SanBorj""), 0, STOP_ON_FAILURE)",Edge Chromium 131,,,2025-01-20 03:49:39,2025-01-20 03:49:39,0.314s,PASSED
"click(findTestObject(""Object Repository/Registro de envíos/Test cases/span_LIM_SanBorj""), STOP_ON_FAILURE)",Edge Chromium 131,,,2025-01-20 03:49:39,2025-01-20 03:49:40,0.409s,PASSED
"click(findTestObject(""Object Repository/Registro de envíos/Test cases/span_TipEntreg""), STOP_ON_FAILURE)",Edge Chromium 131,,,2025-01-20 03:49:40,2025-01-20 03:49:40,0.422s,PASSED
"click(findTestObject(""Object Repository/Registro de envíos/Test cases/a_EntregDomic""), STOP_ON_FAILURE)",Edge Chromium 131,,,2025-01-20 03:49:40,2025-01-20 03:49:42,1.662s,PASSED
"scrollToElement(findTestObject(""Object Repository/Registro de envíos/Test cases/input_dir_entreg""), 0, STOP_ON_FAILURE)",Edge Chromium 131,,,2025-01-20 03:49:42,2025-01-20 03:49:42,0.333s,PASSED
"setText(findTestObject(""Object Repository/Registro de envíos/Test cases/input_dir_entreg""), ""Calle De Las Bellas Artes 122, San Borja, Lima, Lima, Perú"", STOP_ON_FAILURE)",Edge Chromium 131,,,2025-01-20 03:49:42,2025-01-20 03:49:43,1.009s,PASSED
"click(findTestObject(""Registro de envíos/Test cases/Girley/ClickFuera""))",Edge Chromium 131,,,2025-01-20 03:49:43,2025-01-20 03:49:46,2.562s,PASSED
"scrollToElement(findTestObject(""Object Repository/Registro de envíos/Test cases/input_dir_ref""), 0, STOP_ON_FAILURE)",Edge Chromium 131,,,2025-01-20 03:49:46,2025-01-20 03:49:46,0.315s,PASSED
"setText(findTestObject(""Object Repository/Registro de envíos/Test cases/input_dir_ref""), ""ABC"", STOP_ON_FAILURE)",Edge Chromium 131,,,2025-01-20 03:49:46,2025-01-20 03:49:47,0.668s,PASSED
"scrollToElement(findTestObject(""Object Repository/Registro de envíos/Test cases/button_TipDocument""), 0, STOP_ON_FAILURE)",Edge Chromium 131,,,2025-01-20 03:49:47,2025-01-20 03:49:47,0.314s,PASSED
"click(findTestObject(""Object Repository/Registro de envíos/Test cases/button_TipDocument""), STOP_ON_FAILURE)",Edge Chromium 131,,,2025-01-20 03:49:47,2025-01-20 03:49:47,0.341s,PASSED
"click(findTestObject(""Object Repository/Registro de envíos/Test cases/a_DNI""), STOP_ON_FAILURE)",Edge Chromium 131,,,2025-01-20 03:49:47,2025-01-20 03:49:48,0.348s,PASSED
"setText(findTestObject(""Object Repository/Registro de envíos/Test cases/input_Consig_dni""), ""12345678"", STOP_ON_FAILURE)",Edge Chromium 131,,,2025-01-20 03:49:48,2025-01-20 03:49:48,0.670s,PASSED
"verifyElementPresent(findTestObject(""Object Repository/Registro de envíos/Test cases/div_PINTO""), 0, STOP_ON_FAILURE)",Edge Chromium 131,,,2025-01-20 03:49:48,2025-01-20 03:49:52,3.501s,PASSED
"scrollToElement(findTestObject(""Object Repository/Registro de envíos/Test cases/button_cntnuar(1)""), 0, STOP_ON_FAILURE)",Edge Chromium 131,,,2025-01-20 03:49:52,2025-01-20 03:49:52,0.387s,PASSED
"click(findTestObject(""Object Repository/Registro de envíos/Test cases/button_cntnuar(1)""), STOP_ON_FAILURE)",Edge Chromium 131,,,2025-01-20 03:49:52,2025-01-20 03:49:52,0.415s,PASSED
"verifyElementText(findTestObject(""Object Repository/Registro de envíos/Test cases/th_lima""), ""Jauja"", STOP_ON_FAILURE)",Edge Chromium 131,,,2025-01-20 03:49:52,2025-01-20 03:50:03,10.649s,PASSED
"verifyElementText(findTestObject(""Object Repository/Registro de envíos/Test cases/th_EntregDomic""), ""Entrega A Domicilio"", STOP_ON_FAILURE)",Edge Chromium 131,,,2025-01-20 03:50:03,2025-01-20 03:50:03,0.308s,PASSED
"verifyElementPresent(findTestObject(""Object Repository/Registro de envíos/Test cases/th_7.30""), 0, STOP_ON_FAILURE)",Edge Chromium 131,,,2025-01-20 03:50:03,2025-01-20 03:50:04,0.293s,PASSED
"verifyElementPresent(findTestObject(""Object Repository/Registro de envíos/Test cases/th_0.00""), 0, STOP_ON_FAILURE)",Edge Chromium 131,,,2025-01-20 03:50:04,2025-01-20 03:50:04,0.299s,PASSED
"click(findTestObject(""Object Repository/Registro de envíos/Test cases/1-Principal/button_IR A PAGAR S 7.30""))",Edge Chromium 131,,,2025-01-20 03:50:04,2025-01-20 03:50:04,0.330s,PASSED
"callTestCase(findTestCase(""Registro_Envíos/1.Inicio/3.Pago_envíos/Pago_TDC""), [:], STOP_ON_FAILURE)",Edge Chromium 131,,,2025-01-20 03:50:04,2025-01-20 03:50:32,27.877s,PASSED
,,,,,,,
Test Cases/Registro_Envíos/3. Positivas/1. Paquetes/Origen provincia/2.Girley/Geo sin seleccionar/3. Cambio por dirección a tienda,Edge Chromium 131,,,2025-01-20 03:50:32,2025-01-20 03:52:09,1m - 37.182s,PASSED
"callTestCase(findTestCase(""Registro_Envíos/1.Inicio/1.Principal/Principal-Home""), [:], STOP_ON_FAILURE)",Edge Chromium 131,,,2025-01-20 03:50:32,2025-01-20 03:50:37,4.402s,PASSED
"callTestCase(findTestCase(""Registro_Envíos/1.Inicio/1.Principal/Selecc_paquete""), [:], STOP_ON_FAILURE)",Edge Chromium 131,,,2025-01-20 03:50:37,2025-01-20 03:50:46,8.953s,PASSED
"callTestCase(findTestCase(""Registro_Envíos/1.Inicio/2.Login/1.Login_DNI""), [:], STOP_ON_FAILURE)",Edge Chromium 131,,,2025-01-20 03:50:46,2025-01-20 03:50:50,4.682s,PASSED
"click(findTestObject(""Object Repository/Registro de envíos/Test cases/button_SeleccArt""), STOP_ON_FAILURE)",Edge Chromium 131,,,2025-01-20 03:50:50,2025-01-20 03:50:51,0.380s,PASSED
"click(findTestObject(""Object Repository/Registro de envíos/Test cases/span_ART_LIMP""), STOP_ON_FAILURE)",Edge Chromium 131,,,2025-01-20 03:50:51,2025-01-20 03:50:51,0.344s,PASSED
"setText(findTestObject(""Object Repository/Registro de envíos/Test cases/input_pqte_artic""), ""PRUEBA1"", STOP_ON_FAILURE)",Edge Chromium 131,,,2025-01-20 03:50:51,2025-01-20 03:50:52,0.809s,PASSED
"setText(findTestObject(""Object Repository/Registro de envíos/Test cases/input_pqte_val""), ""13"", STOP_ON_FAILURE)",Edge Chromium 131,,,2025-01-20 03:50:52,2025-01-20 03:50:53,0.670s,PASSED
"setText(findTestObject(""Object Repository/Registro de envíos/Test cases/input_pqte_larg""), ""12"", STOP_ON_FAILURE)",Edge Chromium 131,,,2025-01-20 03:50:53,2025-01-20 03:50:53,0.671s,PASSED
"setText(findTestObject(""Object Repository/Registro de envíos/Test cases/input_pqte_anch""), ""14"", STOP_ON_FAILURE)",Edge Chromium 131,,,2025-01-20 03:50:53,2025-01-20 03:50:54,0.667s,PASSED
"setText(findTestObject(""Object Repository/Registro de envíos/Test cases/input_pqte_alt""), ""15"", STOP_ON_FAILURE)",Edge Chromium 131,,,2025-01-20 03:50:54,2025-01-20 03:50:55,0.653s,PASSED
"setText(findTestObject(""Object Repository/Registro de envíos/Test cases/input_pqte_peso""), ""1"", STOP_ON_FAILURE)",Edge Chromium 131,,,2025-01-20 03:50:55,2025-01-20 03:50:55,0.680s,PASSED
"click(findTestObject(""Object Repository/Registro de envíos/Test cases/span_PuntPartid""), STOP_ON_FAILURE)",Edge Chromium 131,,,2025-01-20 03:50:55,2025-01-20 03:50:56,0.332s,PASSED
"click(findTestObject(""Object Repository/Registro de envíos/valorados/Page_Olva Courier  Datos Personales/span_CHEPEN""))",Edge Chromium 131,,,2025-01-20 03:50:56,2025-01-20 03:50:56,0.342s,PASSED
"click(findTestObject(""Object Repository/Registro de envíos/Test cases/span_PuntLlegad""), STOP_ON_FAILURE)",Edge Chromium 131,,,2025-01-20 03:50:56,2025-01-20 03:51:01,5.375s,PASSED
"click(findTestObject(""Object Repository/Registro de envíos/Test cases/input_PuntLlegad""), STOP_ON_FAILURE)",Edge Chromium 131,,,2025-01-20 03:51:01,2025-01-20 03:51:02,0.448s,PASSED
"setText(findTestObject(""Object Repository/Registro de envíos/Test cases/input_PuntLlegad""), ""san borja"", STOP_ON_FAILURE)",Edge Chromium 131,,,2025-01-20 03:51:02,2025-01-20 03:51:03,0.973s,PASSED
"delay(4, STOP_ON_FAILURE)",Edge Chromium 131,,,2025-01-20 03:51:03,2025-01-20 03:51:07,4.002s,PASSED
"scrollToElement(findTestObject(""Object Repository/Registro de envíos/Test cases/span_LIM_SanBorj""), 0, STOP_ON_FAILURE)",Edge Chromium 131,,,2025-01-20 03:51:07,2025-01-20 03:51:07,0.318s,PASSED
"click(findTestObject(""Object Repository/Registro de envíos/Test cases/span_LIM_SanBorj""), STOP_ON_FAILURE)",Edge Chromium 131,,,2025-01-20 03:51:07,2025-01-20 03:51:07,0.407s,PASSED
"click(findTestObject(""Object Repository/Registro de envíos/Test cases/span_TipEntreg""), STOP_ON_FAILURE)",Edge Chromium 131,,,2025-01-20 03:51:07,2025-01-20 03:51:08,0.354s,PASSED
"click(findTestObject(""Object Repository/Registro de envíos/Test cases/a_EntregDomic""), STOP_ON_FAILURE)",Edge Chromium 131,,,2025-01-20 03:51:08,2025-01-20 03:51:10,1.707s,PASSED
"scrollToElement(findTestObject(""Object Repository/Registro de envíos/Test cases/input_dir_entreg""), 0, STOP_ON_FAILURE)",Edge Chromium 131,,,2025-01-20 03:51:10,2025-01-20 03:51:10,0.312s,PASSED
"setText(findTestObject(""Object Repository/Registro de envíos/Test cases/input_dir_entreg""), ""COMANDANTE ESPINAR 659, MIRAFLORES, LIMA, LIMA, PERU"", STOP_ON_FAILURE)",Edge Chromium 131,,,2025-01-20 03:51:10,2025-01-20 03:51:11,0.865s,PASSED
delay(3),Edge Chromium 131,,,2025-01-20 03:51:11,2025-01-20 03:51:14,3.010s,PASSED
"click(findTestObject(""Registro de envíos/Test cases/Girley/ClickFuera""))",Edge Chromium 131,,,2025-01-20 03:51:14,2025-01-20 03:51:14,0.397s,PASSED
delay(2),Edge Chromium 131,,,2025-01-20 03:51:14,2025-01-20 03:51:16,2.011s,PASSED
"scrollToElement(findTestObject(""Object Repository/Registro de envíos/Test cases/input_dir_ref""), 0, STOP_ON_FAILURE)",Edge Chromium 131,,,2025-01-20 03:51:16,2025-01-20 03:51:16,0.312s,PASSED
"setText(findTestObject(""Object Repository/Registro de envíos/Test cases/input_dir_ref""), ""ABC"", STOP_ON_FAILURE)",Edge Chromium 131,,,2025-01-20 03:51:16,2025-01-20 03:51:17,0.686s,PASSED
delay(2),Edge Chromium 131,,,2025-01-20 03:51:17,2025-01-20 03:51:19,2.001s,PASSED
"scrollToElement(findTestObject(""Object Repository/Registro de envíos/Test cases/button_TipDocument""), 0, STOP_ON_FAILURE)",Edge Chromium 131,,,2025-01-20 03:51:19,2025-01-20 03:51:19,0.353s,PASSED
"click(findTestObject(""Object Repository/Registro de envíos/Test cases/button_TipDocument""), STOP_ON_FAILURE)",Edge Chromium 131,,,2025-01-20 03:51:19,2025-01-20 03:51:20,0.335s,PASSED
"click(findTestObject(""Object Repository/Registro de envíos/Test cases/a_DNI""), STOP_ON_FAILURE)",Edge Chromium 131,,,2025-01-20 03:51:20,2025-01-20 03:51:20,0.355s,PASSED
"setText(findTestObject(""Object Repository/Registro de envíos/Test cases/input_Consig_dni""), ""12345678"", STOP_ON_FAILURE)",Edge Chromium 131,,,2025-01-20 03:51:20,2025-01-20 03:51:21,0.678s,PASSED
"verifyElementPresent(findTestObject(""Object Repository/Registro de envíos/Test cases/div_PINTO""), 0, STOP_ON_FAILURE)",Edge Chromium 131,,,2025-01-20 03:51:21,2025-01-20 03:51:29,7.887s,PASSED
"scrollToElement(findTestObject(""Object Repository/Registro de envíos/Test cases/button_cntnuar(1)""), 0, STOP_ON_FAILURE)",Edge Chromium 131,,,2025-01-20 03:51:29,2025-01-20 03:51:29,0.330s,PASSED
"click(findTestObject(""Object Repository/Registro de envíos/Test cases/button_cntnuar(1)""), STOP_ON_FAILURE)",Edge Chromium 131,,,2025-01-20 03:51:29,2025-01-20 03:51:29,0.405s,PASSED
delay(6),Edge Chromium 131,,,2025-01-20 03:51:29,2025-01-20 03:51:35,6.002s,PASSED
"verifyElementText(findTestObject(""Object Repository/Registro de envíos/Test cases/th_lima""), ""Chepen"", STOP_ON_FAILURE)",Edge Chromium 131,,,2025-01-20 03:51:35,2025-01-20 03:51:41,5.224s,PASSED
"verifyElementPresent(findTestObject(""Object Repository/Registro de envíos/Test cases/th_7.30""), 0, STOP_ON_FAILURE)",Edge Chromium 131,,,2025-01-20 03:51:41,2025-01-20 03:51:41,0.298s,PASSED
"verifyElementPresent(findTestObject(""Object Repository/Registro de envíos/Test cases/th_0.00""), 0, STOP_ON_FAILURE)",Edge Chromium 131,,,2025-01-20 03:51:41,2025-01-20 03:51:41,0.294s,PASSED
"scrollToElement(findTestObject(""Object Repository/Registro de envíos/Test cases/1-Principal/button_IR A PAGAR S 7.30""), 0)",Edge Chromium 131,,,2025-01-20 03:51:41,2025-01-20 03:51:42,0.312s,PASSED
"click(findTestObject(""Object Repository/Registro de envíos/Test cases/1-Principal/button_IR A PAGAR S 7.30""))",Edge Chromium 131,,,2025-01-20 03:51:42,2025-01-20 03:51:42,0.450s,PASSED
"callTestCase(findTestCase(""Registro_Envíos/1.Inicio/3.Pago_envíos/Pago_TDC""), [:], STOP_ON_FAILURE)",Edge Chromium 131,,,2025-01-20 03:51:42,2025-01-20 03:52:09,27.366s,PASSED
,,,,,,,
Test Cases/Registro_Envíos/3. Positivas/1. Paquetes/Origen provincia/2.Girley/Geo sin seleccionar/2. Dirección callao,Edge Chromium 131,,,2025-01-20 03:52:09,2025-01-20 03:53:36,1m - 26.661s,PASSED
"callTestCase(findTestCase(""Registro_Envíos/1.Inicio/1.Principal/Principal-Home""), [:], STOP_ON_FAILURE)",Edge Chromium 131,,,2025-01-20 03:52:10,2025-01-20 03:52:14,4.504s,PASSED
"callTestCase(findTestCase(""Registro_Envíos/1.Inicio/1.Principal/Selecc_paquete""), [:], STOP_ON_FAILURE)",Edge Chromium 131,,,2025-01-20 03:52:14,2025-01-20 03:52:23,8.938s,PASSED
"callTestCase(findTestCase(""Registro_Envíos/1.Inicio/2.Login/4.LoginCE-Colab""), [:], STOP_ON_FAILURE)",Edge Chromium 131,,,2025-01-20 03:52:23,2025-01-20 03:52:25,1.827s,PASSED
"click(findTestObject(""Object Repository/Registro de envíos/Test cases/button_SeleccArt""), STOP_ON_FAILURE)",Edge Chromium 131,,,2025-01-20 03:52:25,2025-01-20 03:52:25,0.328s,PASSED
"click(findTestObject(""Object Repository/Registro de envíos/Test cases/span_ART_LIMP""), STOP_ON_FAILURE)",Edge Chromium 131,,,2025-01-20 03:52:25,2025-01-20 03:52:26,0.369s,PASSED
"setText(findTestObject(""Object Repository/Registro de envíos/Test cases/input_pqte_artic""), ""PRUEBA1"", STOP_ON_FAILURE)",Edge Chromium 131,,,2025-01-20 03:52:26,2025-01-20 03:52:26,0.720s,PASSED
"setText(findTestObject(""Object Repository/Registro de envíos/Test cases/input_pqte_val""), ""13"", STOP_ON_FAILURE)",Edge Chromium 131,,,2025-01-20 03:52:26,2025-01-20 03:52:27,0.740s,PASSED
"setText(findTestObject(""Object Repository/Registro de envíos/Test cases/input_pqte_larg""), ""12"", STOP_ON_FAILURE)",Edge Chromium 131,,,2025-01-20 03:52:27,2025-01-20 03:52:28,0.634s,PASSED
"setText(findTestObject(""Object Repository/Registro de envíos/Test cases/input_pqte_anch""), ""14"", STOP_ON_FAILURE)",Edge Chromium 131,,,2025-01-20 03:52:28,2025-01-20 03:52:28,0.694s,PASSED
"setText(findTestObject(""Object Repository/Registro de envíos/Test cases/input_pqte_alt""), ""15"", STOP_ON_FAILURE)",Edge Chromium 131,,,2025-01-20 03:52:28,2025-01-20 03:52:29,0.656s,PASSED
"setText(findTestObject(""Object Repository/Registro de envíos/Test cases/input_pqte_peso""), ""1"", STOP_ON_FAILURE)",Edge Chromium 131,,,2025-01-20 03:52:29,2025-01-20 03:52:30,0.686s,PASSED
"click(findTestObject(""Object Repository/Registro de envíos/Test cases/span_PuntPartid""), STOP_ON_FAILURE)",Edge Chromium 131,,,2025-01-20 03:52:30,2025-01-20 03:52:30,0.354s,PASSED
"click(findTestObject(""Object Repository/Registro de envíos/valorados/Page_Olva Courier  Datos Personales/a_TRUJILLO""))",Edge Chromium 131,,,2025-01-20 03:52:30,2025-01-20 03:52:30,0.367s,PASSED
"click(findTestObject(""Object Repository/Registro de envíos/Test cases/span_PuntLlegad""), STOP_ON_FAILURE)",Edge Chromium 131,,,2025-01-20 03:52:30,2025-01-20 03:52:33,2.424s,PASSED
"click(findTestObject(""Object Repository/Registro de envíos/Test cases/input_PuntLlegad""), STOP_ON_FAILURE)",Edge Chromium 131,,,2025-01-20 03:52:33,2025-01-20 03:52:33,0.354s,PASSED
"setText(findTestObject(""Object Repository/Registro de envíos/Test cases/input_PuntLlegad""), ""san borja"", STOP_ON_FAILURE)",Edge Chromium 131,,,2025-01-20 03:52:33,2025-01-20 03:52:34,0.935s,PASSED
"delay(4, STOP_ON_FAILURE)",Edge Chromium 131,,,2025-01-20 03:52:34,2025-01-20 03:52:38,4.008s,PASSED
"scrollToElement(findTestObject(""Object Repository/Registro de envíos/Test cases/span_LIM_SanBorj""), 0, STOP_ON_FAILURE)",Edge Chromium 131,,,2025-01-20 03:52:38,2025-01-20 03:52:38,0.339s,PASSED
"click(findTestObject(""Object Repository/Registro de envíos/Test cases/span_LIM_SanBorj""), STOP_ON_FAILURE)",Edge Chromium 131,,,2025-01-20 03:52:38,2025-01-20 03:52:39,0.415s,PASSED
"click(findTestObject(""Object Repository/Registro de envíos/Test cases/span_TipEntreg""), STOP_ON_FAILURE)",Edge Chromium 131,,,2025-01-20 03:52:39,2025-01-20 03:52:39,0.337s,PASSED
"click(findTestObject(""Object Repository/Registro de envíos/Test cases/a_EntregDomic""), STOP_ON_FAILURE)",Edge Chromium 131,,,2025-01-20 03:52:39,2025-01-20 03:52:41,1.644s,PASSED
"scrollToElement(findTestObject(""Object Repository/Registro de envíos/Test cases/input_dir_entreg""), 0, STOP_ON_FAILURE)",Edge Chromium 131,,,2025-01-20 03:52:41,2025-01-20 03:52:41,0.321s,PASSED
"setText(findTestObject(""Object Repository/Registro de envíos/Test cases/input_dir_entreg""), ""Jr. Atahualpa No 602, Callao, Callao"", STOP_ON_FAILURE)",Edge Chromium 131,,,2025-01-20 03:52:41,2025-01-20 03:52:42,0.821s,PASSED
"click(findTestObject(""Registro de envíos/Test cases/Girley/ClickFuera""))",Edge Chromium 131,,,2025-01-20 03:52:42,2025-01-20 03:52:44,1.850s,PASSED
"scrollToElement(findTestObject(""Object Repository/Registro de envíos/Test cases/input_dir_ref""), 0, STOP_ON_FAILURE)",Edge Chromium 131,,,2025-01-20 03:52:44,2025-01-20 03:52:44,0.321s,PASSED
"setText(findTestObject(""Object Repository/Registro de envíos/Test cases/input_dir_ref""), ""ABC"", STOP_ON_FAILURE)",Edge Chromium 131,,,2025-01-20 03:52:44,2025-01-20 03:52:45,0.666s,PASSED
"scrollToElement(findTestObject(""Object Repository/Registro de envíos/Test cases/button_TipDocument""), 0, STOP_ON_FAILURE)",Edge Chromium 131,,,2025-01-20 03:52:45,2025-01-20 03:52:45,0.305s,PASSED
"click(findTestObject(""Object Repository/Registro de envíos/Test cases/button_TipDocument""), STOP_ON_FAILURE)",Edge Chromium 131,,,2025-01-20 03:52:45,2025-01-20 03:52:45,0.340s,PASSED
"click(findTestObject(""Object Repository/Registro de envíos/Test cases/a_DNI""), STOP_ON_FAILURE)",Edge Chromium 131,,,2025-01-20 03:52:45,2025-01-20 03:52:46,0.353s,PASSED
"setText(findTestObject(""Object Repository/Registro de envíos/Test cases/input_Consig_dni""), ""12345678"", STOP_ON_FAILURE)",Edge Chromium 131,,,2025-01-20 03:52:46,2025-01-20 03:52:47,0.735s,PASSED
"verifyElementPresent(findTestObject(""Object Repository/Registro de envíos/Test cases/div_PINTO""), 0, STOP_ON_FAILURE)",Edge Chromium 131,,,2025-01-20 03:52:47,2025-01-20 03:52:55,8.601s,PASSED
"scrollToElement(findTestObject(""Object Repository/Registro de envíos/Test cases/button_cntnuar(1)""), 0, STOP_ON_FAILURE)",Edge Chromium 131,,,2025-01-20 03:52:55,2025-01-20 03:52:55,0.310s,PASSED
"click(findTestObject(""Object Repository/Registro de envíos/Test cases/button_cntnuar(1)""), STOP_ON_FAILURE)",Edge Chromium 131,,,2025-01-20 03:52:55,2025-01-20 03:52:56,0.390s,PASSED
"verifyElementText(findTestObject(""Object Repository/Registro de envíos/Test cases/th_lima""), ""Trujillo"", STOP_ON_FAILURE)",Edge Chromium 131,,,2025-01-20 03:52:56,2025-01-20 03:53:05,8.765s,PASSED
"verifyElementText(findTestObject(""Object Repository/Registro de envíos/Test cases/th_EntregDomic""), ""Entrega A Domicilio"", STOP_ON_FAILURE)",Edge Chromium 131,,,2025-01-20 03:53:05,2025-01-20 03:53:05,0.305s,PASSED
"verifyElementPresent(findTestObject(""Object Repository/Registro de envíos/Test cases/th_7.30""), 0, STOP_ON_FAILURE)",Edge Chromium 131,,,2025-01-20 03:53:05,2025-01-20 03:53:05,0.303s,PASSED
"verifyElementPresent(findTestObject(""Object Repository/Registro de envíos/Test cases/th_0.00""), 0, STOP_ON_FAILURE)",Edge Chromium 131,,,2025-01-20 03:53:05,2025-01-20 03:53:06,0.315s,PASSED
"scrollToElement(findTestObject(""Object Repository/Registro de envíos/Test cases/1-Principal/button_IR A PAGAR S 7.30""), 0)",Edge Chromium 131,,,2025-01-20 03:53:06,2025-01-20 03:53:06,0.330s,PASSED
"click(findTestObject(""Object Repository/Registro de envíos/Test cases/1-Principal/button_IR A PAGAR S 7.30""))",Edge Chromium 131,,,2025-01-20 03:53:06,2025-01-20 03:53:06,0.336s,PASSED
"callTestCase(findTestCase(""Registro_Envíos/1.Inicio/3.Pago_envíos/Pago_TDC""), [:], STOP_ON_FAILURE)",Edge Chromium 131,,,2025-01-20 03:53:06,2025-01-20 03:53:36,29.883s,PASSED
,,,,,,,
Test Cases/Registro_Envíos/3. Positivas/1. Paquetes/Origen provincia/2.Girley/Geo sin seleccionar/1.Destin_Lima,Edge Chromium 131,,,2025-01-20 03:53:36,2025-01-20 03:55:18,1m - 42.190s,FAILED
"callTestCase(findTestCase(""Registro_Envíos/1.Inicio/1.Principal/Principal-Home""), [:], STOP_ON_FAILURE)",Edge Chromium 131,,,2025-01-20 03:53:36,2025-01-20 03:53:41,4.552s,PASSED
"callTestCase(findTestCase(""Registro_Envíos/1.Inicio/1.Principal/Selecc_paquete""), [:], STOP_ON_FAILURE)",Edge Chromium 131,,,2025-01-20 03:53:41,2025-01-20 03:53:50,9.666s,PASSED
"callTestCase(findTestCase(""Registro_Envíos/1.Inicio/2.Login/3.Login_CE""), [:], STOP_ON_FAILURE)",Edge Chromium 131,,,2025-01-20 03:53:50,2025-01-20 03:53:53,2.671s,PASSED
"click(findTestObject(""Object Repository/Registro de envíos/Test cases/button_SeleccArt""), STOP_ON_FAILURE)",Edge Chromium 131,,,2025-01-20 03:53:53,2025-01-20 03:53:53,0.380s,PASSED
"click(findTestObject(""Object Repository/Registro de envíos/Test cases/span_ART_LIMP""), STOP_ON_FAILURE)",Edge Chromium 131,,,2025-01-20 03:53:53,2025-01-20 03:53:54,0.352s,PASSED
"setText(findTestObject(""Object Repository/Registro de envíos/Test cases/input_pqte_artic""), ""PRUEBA1"", STOP_ON_FAILURE)",Edge Chromium 131,,,2025-01-20 03:53:54,2025-01-20 03:53:55,0.692s,PASSED
"setText(findTestObject(""Object Repository/Registro de envíos/Test cases/input_pqte_val""), ""13"", STOP_ON_FAILURE)",Edge Chromium 131,,,2025-01-20 03:53:55,2025-01-20 03:53:55,0.658s,PASSED
"setText(findTestObject(""Object Repository/Registro de envíos/Test cases/input_pqte_larg""), ""12"", STOP_ON_FAILURE)",Edge Chromium 131,,,2025-01-20 03:53:55,2025-01-20 03:53:56,0.704s,PASSED
"setText(findTestObject(""Object Repository/Registro de envíos/Test cases/input_pqte_anch""), ""14"", STOP_ON_FAILURE)",Edge Chromium 131,,,2025-01-20 03:53:56,2025-01-20 03:53:57,0.762s,PASSED
"setText(findTestObject(""Object Repository/Registro de envíos/Test cases/input_pqte_alt""), ""15"", STOP_ON_FAILURE)",Edge Chromium 131,,,2025-01-20 03:53:57,2025-01-20 03:53:57,0.659s,PASSED
"setText(findTestObject(""Object Repository/Registro de envíos/Test cases/input_pqte_peso""), ""1"", STOP_ON_FAILURE)",Edge Chromium 131,,,2025-01-20 03:53:57,2025-01-20 03:53:58,0.668s,PASSED
"click(findTestObject(""Object Repository/Registro de envíos/Test cases/span_PuntPartid""), STOP_ON_FAILURE)",Edge Chromium 131,,,2025-01-20 03:53:58,2025-01-20 03:53:58,0.333s,PASSED
"click(findTestObject(""Object Repository/Registro de envíos/valorados/Page_Olva Courier  Datos Personales/a_CHILCA""))",Edge Chromium 131,,,2025-01-20 03:53:58,2025-01-20 03:53:59,0.366s,PASSED
"click(findTestObject(""Object Repository/Registro de envíos/Test cases/span_PuntLlegad""), STOP_ON_FAILURE)",Edge Chromium 131,,,2025-01-20 03:53:59,2025-01-20 03:54:04,5.115s,PASSED
"click(findTestObject(""Object Repository/Registro de envíos/Test cases/input_PuntLlegad""), STOP_ON_FAILURE)",Edge Chromium 131,,,2025-01-20 03:54:04,2025-01-20 03:54:04,0.354s,PASSED
"setText(findTestObject(""Object Repository/Registro de envíos/Test cases/input_PuntLlegad""), ""san borja"", STOP_ON_FAILURE)",Edge Chromium 131,,,2025-01-20 03:54:04,2025-01-20 03:54:05,0.953s,PASSED
"delay(4, STOP_ON_FAILURE)",Edge Chromium 131,,,2025-01-20 03:54:05,2025-01-20 03:54:09,4.000s,PASSED
"scrollToElement(findTestObject(""Object Repository/Registro de envíos/Test cases/span_LIM_SanBorj""), 0, STOP_ON_FAILURE)",Edge Chromium 131,,,2025-01-20 03:54:09,2025-01-20 03:54:09,0.362s,PASSED
"click(findTestObject(""Object Repository/Registro de envíos/Test cases/span_LIM_SanBorj""), STOP_ON_FAILURE)",Edge Chromium 131,,,2025-01-20 03:54:09,2025-01-20 03:54:10,0.518s,PASSED
"click(findTestObject(""Object Repository/Registro de envíos/Test cases/span_TipEntreg""), STOP_ON_FAILURE)",Edge Chromium 131,,,2025-01-20 03:54:10,2025-01-20 03:54:10,0.348s,PASSED
"click(findTestObject(""Object Repository/Registro de envíos/Test cases/a_EntregDomic""), STOP_ON_FAILURE)",Edge Chromium 131,,,2025-01-20 03:54:10,2025-01-20 03:54:12,1.743s,PASSED
"scrollToElement(findTestObject(""Object Repository/Registro de envíos/Test cases/input_dir_entreg""), 0, STOP_ON_FAILURE)",Edge Chromium 131,,,2025-01-20 03:54:12,2025-01-20 03:54:12,0.324s,PASSED
"setText(findTestObject(""Object Repository/Registro de envíos/Test cases/input_dir_entreg""), ""Calle De Las Bellas Artes 122, San Borja, Lima, Lima, Perú"", STOP_ON_FAILURE)",Edge Chromium 131,,,2025-01-20 03:54:12,2025-01-20 03:54:13,0.851s,PASSED
"click(findTestObject(""Registro de envíos/Test cases/Girley/ClickFuera""))",Edge Chromium 131,,,2025-01-20 03:54:13,2025-01-20 03:54:16,2.597s,PASSED
"scrollToElement(findTestObject(""Object Repository/Registro de envíos/Test cases/input_dir_ref""), 0, STOP_ON_FAILURE)",Edge Chromium 131,,,2025-01-20 03:54:16,2025-01-20 03:54:16,0.333s,PASSED
"setText(findTestObject(""Object Repository/Registro de envíos/Test cases/input_dir_ref""), ""ABC"", STOP_ON_FAILURE)",Edge Chromium 131,,,2025-01-20 03:54:16,2025-01-20 03:54:17,0.651s,PASSED
"scrollToElement(findTestObject(""Object Repository/Registro de envíos/Test cases/button_TipDocument""), 0, STOP_ON_FAILURE)",Edge Chromium 131,,,2025-01-20 03:54:17,2025-01-20 03:54:17,0.317s,PASSED
"click(findTestObject(""Object Repository/Registro de envíos/Test cases/button_TipDocument""), STOP_ON_FAILURE)",Edge Chromium 131,,,2025-01-20 03:54:17,2025-01-20 03:54:18,0.370s,PASSED
"click(findTestObject(""Object Repository/Registro de envíos/Test cases/a_DNI""), STOP_ON_FAILURE)",Edge Chromium 131,,,2025-01-20 03:54:18,2025-01-20 03:54:18,0.346s,PASSED
"setText(findTestObject(""Object Repository/Registro de envíos/Test cases/input_Consig_dni""), ""12345678"", STOP_ON_FAILURE)",Edge Chromium 131,,,2025-01-20 03:54:18,2025-01-20 03:54:19,0.835s,PASSED
"verifyElementPresent(findTestObject(""Object Repository/Registro de envíos/Test cases/div_PINTO""), 0, STOP_ON_FAILURE)",Edge Chromium 131,,,2025-01-20 03:54:19,2025-01-20 03:54:31,12.386s,PASSED
"scrollToElement(findTestObject(""Object Repository/Registro de envíos/Test cases/button_cntnuar(1)""), 0, STOP_ON_FAILURE)",Edge Chromium 131,,,2025-01-20 03:54:31,2025-01-20 03:54:31,0.353s,PASSED
"click(findTestObject(""Object Repository/Registro de envíos/Test cases/button_cntnuar(1)""), STOP_ON_FAILURE)",Edge Chromium 131,,,2025-01-20 03:54:31,2025-01-20 03:54:32,0.414s,PASSED
"verifyElementText(findTestObject(""Object Repository/Registro de envíos/Test cases/th_lima""), ""Lurin"", STOP_ON_FAILURE)",Edge Chromium 131,,,2025-01-20 03:54:32,2025-01-20 03:54:42,10.600s,PASSED
"verifyElementText(findTestObject(""Object Repository/Registro de envíos/Test cases/th_EntregDomic""), ""Entrega A Domicilio"", STOP_ON_FAILURE)",Edge Chromium 131,,,2025-01-20 03:54:42,2025-01-20 03:54:43,0.298s,PASSED
"verifyElementText(findTestObject(""Registro de envíos/Test cases/Girley/validac_Destino_Resum""), ""Lima - Lima - San Borja"")",Edge Chromium 131,,,2025-01-20 03:54:43,2025-01-20 03:54:43,0.323s,PASSED
"verifyElementPresent(findTestObject(""Object Repository/Registro de envíos/Test cases/th_7.30""), 0, STOP_ON_FAILURE)",Edge Chromium 131,,,2025-01-20 03:54:43,2025-01-20 03:54:43,0.292s,PASSED
"verifyElementPresent(findTestObject(""Object Repository/Registro de envíos/Test cases/th_0.00""), 0, STOP_ON_FAILURE)",Edge Chromium 131,,,2025-01-20 03:54:43,2025-01-20 03:54:44,0.290s,PASSED
"click(findTestObject(""Object Repository/Registro de envíos/Test cases/1-Principal/button_IR A PAGAR S 7.30""))",Edge Chromium 131,,,2025-01-20 03:54:44,2025-01-20 03:54:44,0.342s,PASSED
"callTestCase(findTestCase(""Registro_Envíos/1.Inicio/3.Pago_envíos/Pago_Tienda""), [:], STOP_ON_FAILURE)",Edge Chromium 131,,,2025-01-20 03:54:44,2025-01-20 03:55:18,34.278s,FAILED
,,,,,,,
Test Cases/Registro_Envíos/3. Positivas/1. Paquetes/Origen provincia/2.Girley/7. Limpiar y digitar dirección distinta a destino,Edge Chromium 131,,,2025-01-20 03:55:18,2025-01-20 03:56:43,1m - 25.128s,PASSED
"callTestCase(findTestCase(""Registro_Envíos/1.Inicio/1.Principal/Principal-Home""), [:], STOP_ON_FAILURE)",Edge Chromium 131,,,2025-01-20 03:55:18,2025-01-20 03:55:23,4.322s,PASSED
"callTestCase(findTestCase(""Registro_Envíos/1.Inicio/1.Principal/Selecc_paquete""), [:], STOP_ON_FAILURE)",Edge Chromium 131,,,2025-01-20 03:55:23,2025-01-20 03:55:31,8.651s,PASSED
"callTestCase(findTestCase(""Registro_Envíos/1.Inicio/2.Login/4.LoginCE-Colab""), [:], STOP_ON_FAILURE)",Edge Chromium 131,,,2025-01-20 03:55:31,2025-01-20 03:55:34,2.322s,PASSED
"click(findTestObject(""Object Repository/Registro de envíos/Test cases/button_SeleccArt""), STOP_ON_FAILURE)",Edge Chromium 131,,,2025-01-20 03:55:34,2025-01-20 03:55:34,0.470s,PASSED
"click(findTestObject(""Object Repository/Registro de envíos/Test cases/span_ART_LIMP""), STOP_ON_FAILURE)",Edge Chromium 131,,,2025-01-20 03:55:34,2025-01-20 03:55:35,0.376s,PASSED
"setText(findTestObject(""Object Repository/Registro de envíos/Test cases/input_pqte_artic""), ""PRUEBA1"", STOP_ON_FAILURE)",Edge Chromium 131,,,2025-01-20 03:55:35,2025-01-20 03:55:35,0.700s,PASSED
"setText(findTestObject(""Object Repository/Registro de envíos/Test cases/input_pqte_val""), ""13"", STOP_ON_FAILURE)",Edge Chromium 131,,,2025-01-20 03:55:35,2025-01-20 03:55:36,0.659s,PASSED
"setText(findTestObject(""Object Repository/Registro de envíos/Test cases/input_pqte_larg""), ""12"", STOP_ON_FAILURE)",Edge Chromium 131,,,2025-01-20 03:55:36,2025-01-20 03:55:37,0.751s,PASSED
"setText(findTestObject(""Object Repository/Registro de envíos/Test cases/input_pqte_anch""), ""14"", STOP_ON_FAILURE)",Edge Chromium 131,,,2025-01-20 03:55:37,2025-01-20 03:55:37,0.658s,PASSED
"setText(findTestObject(""Object Repository/Registro de envíos/Test cases/input_pqte_alt""), ""15"", STOP_ON_FAILURE)",Edge Chromium 131,,,2025-01-20 03:55:37,2025-01-20 03:55:38,0.653s,PASSED
"setText(findTestObject(""Object Repository/Registro de envíos/Test cases/input_pqte_peso""), ""1"", STOP_ON_FAILURE)",Edge Chromium 131,,,2025-01-20 03:55:38,2025-01-20 03:55:39,0.651s,PASSED
"click(findTestObject(""Object Repository/Registro de envíos/Test cases/span_PuntPartid""), STOP_ON_FAILURE)",Edge Chromium 131,,,2025-01-20 03:55:39,2025-01-20 03:55:39,0.354s,PASSED
"click(findTestObject(""Object Repository/Registro de envíos/valorados/Page_Olva Courier  Datos Personales/a_CUSCO""))",Edge Chromium 131,,,2025-01-20 03:55:39,2025-01-20 03:55:39,0.338s,PASSED
"click(findTestObject(""Object Repository/Registro de envíos/Test cases/span_PuntLlegad""), STOP_ON_FAILURE)",Edge Chromium 131,,,2025-01-20 03:55:39,2025-01-20 03:55:42,2.210s,PASSED
"click(findTestObject(""Object Repository/Registro de envíos/Test cases/input_PuntLlegad""), STOP_ON_FAILURE)",Edge Chromium 131,,,2025-01-20 03:55:42,2025-01-20 03:55:42,0.339s,PASSED
"setText(findTestObject(""Object Repository/Registro de envíos/Test cases/input_PuntLlegad""), ""san borja"", STOP_ON_FAILURE)",Edge Chromium 131,,,2025-01-20 03:55:42,2025-01-20 03:55:43,0.939s,PASSED
"delay(4, STOP_ON_FAILURE)",Edge Chromium 131,,,2025-01-20 03:55:43,2025-01-20 03:55:47,4.015s,PASSED
"scrollToElement(findTestObject(""Object Repository/Registro de envíos/Test cases/span_LIM_SanBorj""), 0, STOP_ON_FAILURE)",Edge Chromium 131,,,2025-01-20 03:55:47,2025-01-20 03:55:47,0.318s,PASSED
"click(findTestObject(""Object Repository/Registro de envíos/Test cases/span_LIM_SanBorj""), STOP_ON_FAILURE)",Edge Chromium 131,,,2025-01-20 03:55:47,2025-01-20 03:55:48,0.406s,PASSED
"click(findTestObject(""Object Repository/Registro de envíos/Test cases/span_TipEntreg""), STOP_ON_FAILURE)",Edge Chromium 131,,,2025-01-20 03:55:48,2025-01-20 03:55:48,0.374s,PASSED
"click(findTestObject(""Object Repository/Registro de envíos/Test cases/a_EntregDomic""), STOP_ON_FAILURE)",Edge Chromium 131,,,2025-01-20 03:55:48,2025-01-20 03:55:50,1.637s,PASSED
"scrollToElement(findTestObject(""Object Repository/Registro de envíos/Test cases/input_dir_entreg""), 0, STOP_ON_FAILURE)",Edge Chromium 131,,,2025-01-20 03:55:50,2025-01-20 03:55:50,0.358s,PASSED
"setText(findTestObject(""Object Repository/Registro de envíos/Test cases/input_dir_entreg""), ""Los Eucaliptos, 555 - San Isidro, Lima"", STOP_ON_FAILURE)",Edge Chromium 131,,,2025-01-20 03:55:50,2025-01-20 03:55:51,0.781s,PASSED
"sendKeys(findTestObject(""Object Repository/Registro de envíos/Test cases/input_dir_entreg""), Keys.chord(ENTER), STOP_ON_FAILURE)",Edge Chromium 131,,,2025-01-20 03:55:51,2025-01-20 03:55:53,1.948s,PASSED
"scrollToElement(findTestObject(""Object Repository/Registro de envíos/Test cases/input_dir_ref""), 0, STOP_ON_FAILURE)",Edge Chromium 131,,,2025-01-20 03:55:53,2025-01-20 03:55:55,2.096s,PASSED
"setText(findTestObject(""Object Repository/Registro de envíos/Test cases/input_dir_ref""), ""ABC"", STOP_ON_FAILURE)",Edge Chromium 131,,,2025-01-20 03:55:55,2025-01-20 03:55:55,0.699s,PASSED
delay(2),Edge Chromium 131,,,2025-01-20 03:55:55,2025-01-20 03:55:57,2.013s,PASSED
"click(findTestObject(""Registro de envíos/Test cases/Girley/Limpiar""))",Edge Chromium 131,,,2025-01-20 03:55:57,2025-01-20 03:55:58,0.347s,PASSED
delay(3),Edge Chromium 131,,,2025-01-20 03:55:58,2025-01-20 03:56:01,3.011s,PASSED
"setText(findTestObject(""Object Repository/Registro de envíos/Test cases/input_dir_entreg""), ""Av. Pedro De Osma 301, Lima"", STOP_ON_FAILURE)",Edge Chromium 131,,,2025-01-20 03:56:01,2025-01-20 03:56:02,0.772s,PASSED
"sendKeys(findTestObject(""Object Repository/Registro de envíos/Test cases/input_dir_entreg""), Keys.chord(ENTER), STOP_ON_FAILURE)",Edge Chromium 131,,,2025-01-20 03:56:02,2025-01-20 03:56:03,1.339s,PASSED
"scrollToElement(findTestObject(""Object Repository/Registro de envíos/Test cases/input_dir_ref""), 0, STOP_ON_FAILURE)",Edge Chromium 131,,,2025-01-20 03:56:03,2025-01-20 03:56:05,1.871s,PASSED
"setText(findTestObject(""Object Repository/Registro de envíos/Test cases/input_dir_ref""), ""ABC"", STOP_ON_FAILURE)",Edge Chromium 131,,,2025-01-20 03:56:05,2025-01-20 03:56:05,0.675s,PASSED
delay(2),Edge Chromium 131,,,2025-01-20 03:56:05,2025-01-20 03:56:07,2.009s,PASSED
"scrollToElement(findTestObject(""Registro de envíos/Test cases/Girley/validac_Destino""), 0)",Edge Chromium 131,,,2025-01-20 03:56:07,2025-01-20 03:56:08,0.322s,PASSED
delay(2),Edge Chromium 131,,,2025-01-20 03:56:08,2025-01-20 03:56:10,2.001s,PASSED
"scrollToElement(findTestObject(""Object Repository/Registro de envíos/Test cases/button_TipDocument""), 0, STOP_ON_FAILURE)",Edge Chromium 131,,,2025-01-20 03:56:10,2025-01-20 03:56:10,0.323s,PASSED
"click(findTestObject(""Object Repository/Registro de envíos/Test cases/button_TipDocument""), STOP_ON_FAILURE)",Edge Chromium 131,,,2025-01-20 03:56:10,2025-01-20 03:56:10,0.333s,PASSED
"click(findTestObject(""Object Repository/Registro de envíos/Test cases/a_DNI""), STOP_ON_FAILURE)",Edge Chromium 131,,,2025-01-20 03:56:10,2025-01-20 03:56:11,0.352s,PASSED
"setText(findTestObject(""Object Repository/Registro de envíos/Test cases/input_Consig_dni""), ""12345678"", STOP_ON_FAILURE)",Edge Chromium 131,,,2025-01-20 03:56:11,2025-01-20 03:56:11,0.675s,PASSED
"verifyElementPresent(findTestObject(""Object Repository/Registro de envíos/Test cases/div_PINTO""), 0, STOP_ON_FAILURE)",Edge Chromium 131,,,2025-01-20 03:56:11,2025-01-20 03:56:19,7.220s,PASSED
"scrollToElement(findTestObject(""Object Repository/Registro de envíos/Test cases/button_cntnuar(1)""), 0, STOP_ON_FAILURE)",Edge Chromium 131,,,2025-01-20 03:56:19,2025-01-20 03:56:19,0.322s,PASSED
"click(findTestObject(""Object Repository/Registro de envíos/Test cases/button_cntnuar(1)""), STOP_ON_FAILURE)",Edge Chromium 131,,,2025-01-20 03:56:19,2025-01-20 03:56:19,0.373s,PASSED
"verifyElementText(findTestObject(""Object Repository/Registro de envíos/Test cases/th_lima""), ""Arequipa"", STOP_ON_FAILURE)",Edge Chromium 131,,,2025-01-20 03:56:19,2025-01-20 03:56:22,2.345s,PASSED
"verifyElementText(findTestObject(""Object Repository/Registro de envíos/Test cases/th_EntregDomic""), ""Entrega A Domicilio"", STOP_ON_FAILURE)",Edge Chromium 131,,,2025-01-20 03:56:22,2025-01-20 03:56:22,0.368s,PASSED
"verifyElementPresent(findTestObject(""Object Repository/Registro de envíos/Test cases/th_7.30""), 0, STOP_ON_FAILURE)",Edge Chromium 131,,,2025-01-20 03:56:22,2025-01-20 03:56:22,0.333s,PASSED
"verifyElementPresent(findTestObject(""Object Repository/Registro de envíos/Test cases/th_0.00""), 0, STOP_ON_FAILURE)",Edge Chromium 131,,,2025-01-20 03:56:22,2025-01-20 03:56:23,0.287s,PASSED
"click(findTestObject(""Object Repository/Registro de envíos/Test cases/1-Principal/button_IR A PAGAR S 7.30""))",Edge Chromium 131,,,2025-01-20 03:56:23,2025-01-20 03:56:23,0.367s,PASSED
"callTestCase(findTestCase(""Registro_Envíos/1.Inicio/3.Pago_envíos/Pago_TDC""), [:], STOP_ON_FAILURE)",Edge Chromium 131,,,2025-01-20 03:56:23,2025-01-20 03:56:43,20.302s,PASSED
,,,,,,,
Test Cases/Registro_Envíos/3. Positivas/1. Paquetes/Origen provincia/2.Girley/6. Limpiar y digitar dirección,Edge Chromium 131,,,2025-01-20 03:56:43,2025-01-20 03:58:11,1m - 27.863s,PASSED
"callTestCase(findTestCase(""Registro_Envíos/1.Inicio/1.Principal/Principal-Home""), [:], STOP_ON_FAILURE)",Edge Chromium 131,,,2025-01-20 03:56:44,2025-01-20 03:56:48,4.405s,PASSED
"callTestCase(findTestCase(""Registro_Envíos/1.Inicio/1.Principal/Selecc_paquete""), [:], STOP_ON_FAILURE)",Edge Chromium 131,,,2025-01-20 03:56:48,2025-01-20 03:56:57,9.419s,PASSED
"callTestCase(findTestCase(""Registro_Envíos/1.Inicio/2.Login/2.Log_DNI-Colab""), [:], STOP_ON_FAILURE)",Edge Chromium 131,,,2025-01-20 03:56:57,2025-01-20 03:57:01,3.332s,PASSED
"click(findTestObject(""Object Repository/Registro de envíos/Test cases/button_SeleccArt""), STOP_ON_FAILURE)",Edge Chromium 131,,,2025-01-20 03:57:01,2025-01-20 03:57:01,0.317s,PASSED
"click(findTestObject(""Object Repository/Registro de envíos/Test cases/span_ART_LIMP""), STOP_ON_FAILURE)",Edge Chromium 131,,,2025-01-20 03:57:01,2025-01-20 03:57:01,0.396s,PASSED
"setText(findTestObject(""Object Repository/Registro de envíos/Test cases/input_pqte_artic""), ""PRUEBA1"", STOP_ON_FAILURE)",Edge Chromium 131,,,2025-01-20 03:57:01,2025-01-20 03:57:02,0.706s,PASSED
"setText(findTestObject(""Object Repository/Registro de envíos/Test cases/input_pqte_val""), ""13"", STOP_ON_FAILURE)",Edge Chromium 131,,,2025-01-20 03:57:02,2025-01-20 03:57:03,0.667s,PASSED
"setText(findTestObject(""Object Repository/Registro de envíos/Test cases/input_pqte_larg""), ""12"", STOP_ON_FAILURE)",Edge Chromium 131,,,2025-01-20 03:57:03,2025-01-20 03:57:03,0.663s,PASSED
"setText(findTestObject(""Object Repository/Registro de envíos/Test cases/input_pqte_anch""), ""14"", STOP_ON_FAILURE)",Edge Chromium 131,,,2025-01-20 03:57:03,2025-01-20 03:57:04,0.647s,PASSED
"setText(findTestObject(""Object Repository/Registro de envíos/Test cases/input_pqte_alt""), ""15"", STOP_ON_FAILURE)",Edge Chromium 131,,,2025-01-20 03:57:04,2025-01-20 03:57:05,0.660s,PASSED
"setText(findTestObject(""Object Repository/Registro de envíos/Test cases/input_pqte_peso""), ""1"", STOP_ON_FAILURE)",Edge Chromium 131,,,2025-01-20 03:57:05,2025-01-20 03:57:06,0.752s,PASSED
"click(findTestObject(""Object Repository/Registro de envíos/Test cases/span_PuntPartid""), STOP_ON_FAILURE)",Edge Chromium 131,,,2025-01-20 03:57:06,2025-01-20 03:57:06,0.336s,PASSED
"click(findTestObject(""Object Repository/Registro de envíos/valorados/Page_Olva Courier  Datos Personales/a_AREQUIPA""))",Edge Chromium 131,,,2025-01-20 03:57:06,2025-01-20 03:57:06,0.342s,PASSED
"click(findTestObject(""Object Repository/Registro de envíos/Test cases/span_PuntLlegad""), STOP_ON_FAILURE)",Edge Chromium 131,,,2025-01-20 03:57:06,2025-01-20 03:57:08,2.250s,PASSED
"click(findTestObject(""Object Repository/Registro de envíos/Test cases/input_PuntLlegad""), STOP_ON_FAILURE)",Edge Chromium 131,,,2025-01-20 03:57:08,2025-01-20 03:57:09,0.355s,PASSED
"setText(findTestObject(""Object Repository/Registro de envíos/Test cases/input_PuntLlegad""), ""san borja"", STOP_ON_FAILURE)",Edge Chromium 131,,,2025-01-20 03:57:09,2025-01-20 03:57:10,0.928s,PASSED
"delay(4, STOP_ON_FAILURE)",Edge Chromium 131,,,2025-01-20 03:57:10,2025-01-20 03:57:14,4.006s,PASSED
"scrollToElement(findTestObject(""Object Repository/Registro de envíos/Test cases/span_LIM_SanBorj""), 0, STOP_ON_FAILURE)",Edge Chromium 131,,,2025-01-20 03:57:14,2025-01-20 03:57:14,0.334s,PASSED
"click(findTestObject(""Object Repository/Registro de envíos/Test cases/span_LIM_SanBorj""), STOP_ON_FAILURE)",Edge Chromium 131,,,2025-01-20 03:57:14,2025-01-20 03:57:14,0.417s,PASSED
"click(findTestObject(""Object Repository/Registro de envíos/Test cases/span_TipEntreg""), STOP_ON_FAILURE)",Edge Chromium 131,,,2025-01-20 03:57:14,2025-01-20 03:57:15,0.352s,PASSED
"click(findTestObject(""Object Repository/Registro de envíos/Test cases/a_EntregDomic""), STOP_ON_FAILURE)",Edge Chromium 131,,,2025-01-20 03:57:15,2025-01-20 03:57:16,1.625s,PASSED
"scrollToElement(findTestObject(""Object Repository/Registro de envíos/Test cases/input_dir_entreg""), 0, STOP_ON_FAILURE)",Edge Chromium 131,,,2025-01-20 03:57:16,2025-01-20 03:57:17,0.314s,PASSED
"setText(findTestObject(""Object Repository/Registro de envíos/Test cases/input_dir_entreg""), ""Los Eucaliptos, 555 - San Isidro, Lima"", STOP_ON_FAILURE)",Edge Chromium 131,,,2025-01-20 03:57:17,2025-01-20 03:57:18,0.792s,PASSED
"sendKeys(findTestObject(""Object Repository/Registro de envíos/Test cases/input_dir_entreg""), Keys.chord(ENTER), STOP_ON_FAILURE)",Edge Chromium 131,,,2025-01-20 03:57:18,2025-01-20 03:57:20,1.965s,PASSED
"scrollToElement(findTestObject(""Object Repository/Registro de envíos/Test cases/input_dir_ref""), 0, STOP_ON_FAILURE)",Edge Chromium 131,,,2025-01-20 03:57:20,2025-01-20 03:57:22,2.026s,PASSED
"setText(findTestObject(""Object Repository/Registro de envíos/Test cases/input_dir_ref""), ""ABC"", STOP_ON_FAILURE)",Edge Chromium 131,,,2025-01-20 03:57:22,2025-01-20 03:57:22,0.667s,PASSED
delay(2),Edge Chromium 131,,,2025-01-20 03:57:22,2025-01-20 03:57:24,2.015s,PASSED
"click(findTestObject(""Registro de envíos/Test cases/Girley/Limpiar""))",Edge Chromium 131,,,2025-01-20 03:57:24,2025-01-20 03:57:25,0.334s,PASSED
delay(3),Edge Chromium 131,,,2025-01-20 03:57:25,2025-01-20 03:57:28,3.012s,PASSED
"setText(findTestObject(""Object Repository/Registro de envíos/Test cases/input_dir_entreg""), ""Los Eucaliptos, 555 - San Isidro, Lima"", STOP_ON_FAILURE)",Edge Chromium 131,,,2025-01-20 03:57:28,2025-01-20 03:57:28,0.819s,PASSED
"sendKeys(findTestObject(""Object Repository/Registro de envíos/Test cases/input_dir_entreg""), Keys.chord(ENTER), STOP_ON_FAILURE)",Edge Chromium 131,,,2025-01-20 03:57:28,2025-01-20 03:57:30,1.632s,PASSED
"scrollToElement(findTestObject(""Object Repository/Registro de envíos/Test cases/input_dir_ref""), 0, STOP_ON_FAILURE)",Edge Chromium 131,,,2025-01-20 03:57:30,2025-01-20 03:57:32,1.906s,PASSED
"setText(findTestObject(""Object Repository/Registro de envíos/Test cases/input_dir_ref""), ""ABC"", STOP_ON_FAILURE)",Edge Chromium 131,,,2025-01-20 03:57:32,2025-01-20 03:57:33,0.920s,PASSED
delay(2),Edge Chromium 131,,,2025-01-20 03:57:33,2025-01-20 03:57:35,2.005s,PASSED
"scrollToElement(findTestObject(""Registro de envíos/Test cases/Girley/validac_Destino""), 0)",Edge Chromium 131,,,2025-01-20 03:57:35,2025-01-20 03:57:35,0.312s,PASSED
delay(2),Edge Chromium 131,,,2025-01-20 03:57:35,2025-01-20 03:57:37,2.014s,PASSED
"scrollToElement(findTestObject(""Object Repository/Registro de envíos/Test cases/button_TipDocument""), 0, STOP_ON_FAILURE)",Edge Chromium 131,,,2025-01-20 03:57:37,2025-01-20 03:57:37,0.306s,PASSED
"click(findTestObject(""Object Repository/Registro de envíos/Test cases/button_TipDocument""), STOP_ON_FAILURE)",Edge Chromium 131,,,2025-01-20 03:57:37,2025-01-20 03:57:38,0.341s,PASSED
"click(findTestObject(""Object Repository/Registro de envíos/Test cases/a_DNI""), STOP_ON_FAILURE)",Edge Chromium 131,,,2025-01-20 03:57:38,2025-01-20 03:57:38,0.473s,PASSED
"setText(findTestObject(""Object Repository/Registro de envíos/Test cases/input_Consig_dni""), ""12345678"", STOP_ON_FAILURE)",Edge Chromium 131,,,2025-01-20 03:57:38,2025-01-20 03:57:39,0.700s,PASSED
"verifyElementPresent(findTestObject(""Object Repository/Registro de envíos/Test cases/div_PINTO""), 0, STOP_ON_FAILURE)",Edge Chromium 131,,,2025-01-20 03:57:39,2025-01-20 03:57:46,7.257s,PASSED
"scrollToElement(findTestObject(""Object Repository/Registro de envíos/Test cases/button_cntnuar(1)""), 0, STOP_ON_FAILURE)",Edge Chromium 131,,,2025-01-20 03:57:46,2025-01-20 03:57:47,0.315s,PASSED
"click(findTestObject(""Object Repository/Registro de envíos/Test cases/button_cntnuar(1)""), STOP_ON_FAILURE)",Edge Chromium 131,,,2025-01-20 03:57:47,2025-01-20 03:57:47,0.408s,PASSED
"verifyElementText(findTestObject(""Object Repository/Registro de envíos/Test cases/th_lima""), ""Tacna"", STOP_ON_FAILURE)",Edge Chromium 131,,,2025-01-20 03:57:47,2025-01-20 03:57:50,2.622s,PASSED
"verifyElementText(findTestObject(""Object Repository/Registro de envíos/Test cases/th_EntregDomic""), ""Entrega A Domicilio"", STOP_ON_FAILURE)",Edge Chromium 131,,,2025-01-20 03:57:50,2025-01-20 03:57:50,0.324s,PASSED
"verifyElementPresent(findTestObject(""Object Repository/Registro de envíos/Test cases/th_7.30""), 0, STOP_ON_FAILURE)",Edge Chromium 131,,,2025-01-20 03:57:50,2025-01-20 03:57:50,0.284s,PASSED
"verifyElementPresent(findTestObject(""Object Repository/Registro de envíos/Test cases/th_0.00""), 0, STOP_ON_FAILURE)",Edge Chromium 131,,,2025-01-20 03:57:50,2025-01-20 03:57:51,0.309s,PASSED
"click(findTestObject(""Object Repository/Registro de envíos/Test cases/1-Principal/button_IR A PAGAR S 7.30""))",Edge Chromium 131,,,2025-01-20 03:57:51,2025-01-20 03:57:51,0.335s,PASSED
"callTestCase(findTestCase(""Registro_Envíos/1.Inicio/3.Pago_envíos/Pago_TDC""), [:], STOP_ON_FAILURE)",Edge Chromium 131,,,2025-01-20 03:57:51,2025-01-20 03:58:11,20.412s,PASSED
,,,,,,,
Test Cases/Registro_Envíos/3. Positivas/1. Paquetes/Origen provincia/2.Girley/5. Dirección distinta al destino,Edge Chromium 131,,,2025-01-20 03:58:11,2025-01-20 03:59:34,1m - 22.737s,PASSED
"callTestCase(findTestCase(""Registro_Envíos/1.Inicio/1.Principal/Principal-Home""), [:], STOP_ON_FAILURE)",Edge Chromium 131,,,2025-01-20 03:58:11,2025-01-20 03:58:16,4.397s,PASSED
"callTestCase(findTestCase(""Registro_Envíos/1.Inicio/1.Principal/Selecc_paquete""), [:], STOP_ON_FAILURE)",Edge Chromium 131,,,2025-01-20 03:58:16,2025-01-20 03:58:24,8.455s,PASSED
"callTestCase(findTestCase(""Registro_Envíos/1.Inicio/2.Login/5.LoginRUC20""), [:], STOP_ON_FAILURE)",Edge Chromium 131,,,2025-01-20 03:58:24,2025-01-20 03:58:28,3.823s,PASSED
"click(findTestObject(""Object Repository/Registro de envíos/Test cases/button_SeleccArt""), STOP_ON_FAILURE)",Edge Chromium 131,,,2025-01-20 03:58:28,2025-01-20 03:58:28,0.348s,PASSED
"click(findTestObject(""Object Repository/Registro de envíos/Test cases/span_ART_LIMP""), STOP_ON_FAILURE)",Edge Chromium 131,,,2025-01-20 03:58:28,2025-01-20 03:58:29,0.351s,PASSED
"setText(findTestObject(""Object Repository/Registro de envíos/Test cases/input_pqte_artic""), ""PRUEBA1"", STOP_ON_FAILURE)",Edge Chromium 131,,,2025-01-20 03:58:29,2025-01-20 03:58:29,0.667s,PASSED
"setText(findTestObject(""Object Repository/Registro de envíos/Test cases/input_pqte_val""), ""13"", STOP_ON_FAILURE)",Edge Chromium 131,,,2025-01-20 03:58:29,2025-01-20 03:58:30,0.742s,PASSED
"setText(findTestObject(""Object Repository/Registro de envíos/Test cases/input_pqte_larg""), ""12"", STOP_ON_FAILURE)",Edge Chromium 131,,,2025-01-20 03:58:30,2025-01-20 03:58:31,0.671s,PASSED
"setText(findTestObject(""Object Repository/Registro de envíos/Test cases/input_pqte_anch""), ""14"", STOP_ON_FAILURE)",Edge Chromium 131,,,2025-01-20 03:58:31,2025-01-20 03:58:32,0.748s,PASSED
"setText(findTestObject(""Object Repository/Registro de envíos/Test cases/input_pqte_alt""), ""15"", STOP_ON_FAILURE)",Edge Chromium 131,,,2025-01-20 03:58:32,2025-01-20 03:58:32,0.668s,PASSED
"setText(findTestObject(""Object Repository/Registro de envíos/Test cases/input_pqte_peso""), ""1"", STOP_ON_FAILURE)",Edge Chromium 131,,,2025-01-20 03:58:32,2025-01-20 03:58:33,0.682s,PASSED
"click(findTestObject(""Object Repository/Registro de envíos/Test cases/span_PuntPartid""), STOP_ON_FAILURE)",Edge Chromium 131,,,2025-01-20 03:58:33,2025-01-20 03:58:33,0.336s,PASSED
"click(findTestObject(""Object Repository/Registro de envíos/valorados/Page_Olva Courier  Datos Personales/a_PACASMAYO""))",Edge Chromium 131,,,2025-01-20 03:58:33,2025-01-20 03:58:34,0.325s,PASSED
"click(findTestObject(""Object Repository/Registro de envíos/Test cases/span_PuntLlegad""), STOP_ON_FAILURE)",Edge Chromium 131,,,2025-01-20 03:58:34,2025-01-20 03:58:36,1.887s,PASSED
"click(findTestObject(""Object Repository/Registro de envíos/Test cases/input_PuntLlegad""), STOP_ON_FAILURE)",Edge Chromium 131,,,2025-01-20 03:58:36,2025-01-20 03:58:36,0.362s,PASSED
"setText(findTestObject(""Object Repository/Registro de envíos/Test cases/input_PuntLlegad""), ""san borja"", STOP_ON_FAILURE)",Edge Chromium 131,,,2025-01-20 03:58:36,2025-01-20 03:58:37,0.939s,PASSED
"delay(4, STOP_ON_FAILURE)",Edge Chromium 131,,,2025-01-20 03:58:37,2025-01-20 03:58:41,4.014s,PASSED
"scrollToElement(findTestObject(""Object Repository/Registro de envíos/Test cases/span_LIM_SanBorj""), 0, STOP_ON_FAILURE)",Edge Chromium 131,,,2025-01-20 03:58:41,2025-01-20 03:58:41,0.320s,PASSED
"click(findTestObject(""Object Repository/Registro de envíos/Test cases/span_LIM_SanBorj""), STOP_ON_FAILURE)",Edge Chromium 131,,,2025-01-20 03:58:41,2025-01-20 03:58:42,0.409s,PASSED
"click(findTestObject(""Object Repository/Registro de envíos/Test cases/span_TipEntreg""), STOP_ON_FAILURE)",Edge Chromium 131,,,2025-01-20 03:58:42,2025-01-20 03:58:42,0.347s,PASSED
"click(findTestObject(""Object Repository/Registro de envíos/Test cases/a_EntregDomic""), STOP_ON_FAILURE)",Edge Chromium 131,,,2025-01-20 03:58:42,2025-01-20 03:58:44,1.696s,PASSED
"scrollToElement(findTestObject(""Object Repository/Registro de envíos/Test cases/input_dir_entreg""), 0, STOP_ON_FAILURE)",Edge Chromium 131,,,2025-01-20 03:58:44,2025-01-20 03:58:44,0.307s,PASSED
"setText(findTestObject(""Object Repository/Registro de envíos/Test cases/input_dir_entreg""), ""Los Eucaliptos, 555 - San Isidro, Lima"", STOP_ON_FAILURE)",Edge Chromium 131,,,2025-01-20 03:58:44,2025-01-20 03:58:45,0.791s,PASSED
"sendKeys(findTestObject(""Object Repository/Registro de envíos/Test cases/input_dir_entreg""), Keys.chord(ENTER), STOP_ON_FAILURE)",Edge Chromium 131,,,2025-01-20 03:58:45,2025-01-20 03:58:47,2.028s,PASSED
"scrollToElement(findTestObject(""Object Repository/Registro de envíos/Test cases/input_dir_ref""), 0, STOP_ON_FAILURE)",Edge Chromium 131,,,2025-01-20 03:58:47,2025-01-20 03:58:49,2.055s,PASSED
"setText(findTestObject(""Object Repository/Registro de envíos/Test cases/input_dir_ref""), ""ABC"", STOP_ON_FAILURE)",Edge Chromium 131,,,2025-01-20 03:58:49,2025-01-20 03:58:50,0.737s,PASSED
delay(2),Edge Chromium 131,,,2025-01-20 03:58:50,2025-01-20 03:58:52,2.006s,PASSED
"scrollToElement(findTestObject(""Registro de envíos/Test cases/Girley/validac_Destino""), 0)",Edge Chromium 131,,,2025-01-20 03:58:52,2025-01-20 03:58:52,0.359s,PASSED
delay(2),Edge Chromium 131,,,2025-01-20 03:58:52,2025-01-20 03:58:54,2.001s,PASSED
"scrollToElement(findTestObject(""Object Repository/Registro de envíos/Test cases/button_TipDocument""), 0, STOP_ON_FAILURE)",Edge Chromium 131,,,2025-01-20 03:58:54,2025-01-20 03:58:54,0.316s,PASSED
"click(findTestObject(""Object Repository/Registro de envíos/Test cases/button_TipDocument""), STOP_ON_FAILURE)",Edge Chromium 131,,,2025-01-20 03:58:54,2025-01-20 03:58:55,0.354s,PASSED
"click(findTestObject(""Object Repository/Registro de envíos/Test cases/a_DNI""), STOP_ON_FAILURE)",Edge Chromium 131,,,2025-01-20 03:58:55,2025-01-20 03:58:55,0.402s,PASSED
"setText(findTestObject(""Object Repository/Registro de envíos/Test cases/input_Consig_dni""), ""12345678"", STOP_ON_FAILURE)",Edge Chromium 131,,,2025-01-20 03:58:55,2025-01-20 03:58:56,0.789s,PASSED
"verifyElementPresent(findTestObject(""Object Repository/Registro de envíos/Test cases/div_PINTO""), 0, STOP_ON_FAILURE)",Edge Chromium 131,,,2025-01-20 03:58:56,2025-01-20 03:59:08,12.203s,PASSED
"scrollToElement(findTestObject(""Object Repository/Registro de envíos/Test cases/button_cntnuar(1)""), 0, STOP_ON_FAILURE)",Edge Chromium 131,,,2025-01-20 03:59:08,2025-01-20 03:59:08,0.352s,PASSED
"click(findTestObject(""Object Repository/Registro de envíos/Test cases/button_cntnuar(1)""), STOP_ON_FAILURE)",Edge Chromium 131,,,2025-01-20 03:59:08,2025-01-20 03:59:09,0.387s,PASSED
"verifyElementText(findTestObject(""Object Repository/Registro de envíos/Test cases/th_lima""), ""Pacasmayo"", STOP_ON_FAILURE)",Edge Chromium 131,,,2025-01-20 03:59:09,2025-01-20 03:59:11,2.745s,PASSED
"verifyElementText(findTestObject(""Object Repository/Registro de envíos/Test cases/th_EntregDomic""), ""Entrega A Domicilio"", STOP_ON_FAILURE)",Edge Chromium 131,,,2025-01-20 03:59:11,2025-01-20 03:59:12,0.292s,PASSED
"verifyElementPresent(findTestObject(""Object Repository/Registro de envíos/Test cases/th_7.30""), 0, STOP_ON_FAILURE)",Edge Chromium 131,,,2025-01-20 03:59:12,2025-01-20 03:59:12,0.316s,PASSED
"verifyElementPresent(findTestObject(""Object Repository/Registro de envíos/Test cases/th_0.00""), 0, STOP_ON_FAILURE)",Edge Chromium 131,,,2025-01-20 03:59:12,2025-01-20 03:59:12,0.287s,PASSED
"click(findTestObject(""Object Repository/Registro de envíos/Test cases/1-Principal/button_IR A PAGAR S 7.30""))",Edge Chromium 131,,,2025-01-20 03:59:12,2025-01-20 03:59:13,0.335s,PASSED
"callTestCase(findTestCase(""Registro_Envíos/1.Inicio/3.Pago_envíos/Pago_TDC""), [:], STOP_ON_FAILURE)",Edge Chromium 131,,,2025-01-20 03:59:13,2025-01-20 03:59:34,21.341s,PASSED
,,,,,,,
Test Cases/Registro_Envíos/3. Positivas/1. Paquetes/Origen provincia/2.Girley/4. Dirección nueva,Edge Chromium 131,,,2025-01-20 03:59:34,2025-01-20 04:00:51,1m - 16.707s,PASSED
"callTestCase(findTestCase(""Registro_Envíos/1.Inicio/1.Principal/Principal-Home""), [:], STOP_ON_FAILURE)",Edge Chromium 131,,,2025-01-20 03:59:34,2025-01-20 03:59:39,5.048s,PASSED
"callTestCase(findTestCase(""Registro_Envíos/1.Inicio/1.Principal/Selecc_paquete""), [:], STOP_ON_FAILURE)",Edge Chromium 131,,,2025-01-20 03:59:39,2025-01-20 03:59:48,8.514s,PASSED
"callTestCase(findTestCase(""Registro_Envíos/1.Inicio/2.Login/4.LoginCE-Colab""), [:], STOP_ON_FAILURE)",Edge Chromium 131,,,2025-01-20 03:59:48,2025-01-20 03:59:50,1.832s,PASSED
"click(findTestObject(""Object Repository/Registro de envíos/Test cases/button_SeleccArt""), STOP_ON_FAILURE)",Edge Chromium 131,,,2025-01-20 03:59:50,2025-01-20 03:59:50,0.345s,PASSED
"click(findTestObject(""Object Repository/Registro de envíos/Test cases/span_ART_LIMP""), STOP_ON_FAILURE)",Edge Chromium 131,,,2025-01-20 03:59:50,2025-01-20 03:59:50,0.407s,PASSED
"setText(findTestObject(""Object Repository/Registro de envíos/Test cases/input_pqte_artic""), ""PRUEBA1"", STOP_ON_FAILURE)",Edge Chromium 131,,,2025-01-20 03:59:50,2025-01-20 03:59:51,0.684s,PASSED
"setText(findTestObject(""Object Repository/Registro de envíos/Test cases/input_pqte_val""), ""13"", STOP_ON_FAILURE)",Edge Chromium 131,,,2025-01-20 03:59:51,2025-01-20 03:59:52,0.838s,PASSED
"setText(findTestObject(""Object Repository/Registro de envíos/Test cases/input_pqte_larg""), ""12"", STOP_ON_FAILURE)",Edge Chromium 131,,,2025-01-20 03:59:52,2025-01-20 03:59:53,0.707s,PASSED
"setText(findTestObject(""Object Repository/Registro de envíos/Test cases/input_pqte_anch""), ""14"", STOP_ON_FAILURE)",Edge Chromium 131,,,2025-01-20 03:59:53,2025-01-20 03:59:53,0.669s,PASSED
"setText(findTestObject(""Object Repository/Registro de envíos/Test cases/input_pqte_alt""), ""15"", STOP_ON_FAILURE)",Edge Chromium 131,,,2025-01-20 03:59:53,2025-01-20 03:59:54,0.669s,PASSED
"setText(findTestObject(""Object Repository/Registro de envíos/Test cases/input_pqte_peso""), ""1"", STOP_ON_FAILURE)",Edge Chromium 131,,,2025-01-20 03:59:54,2025-01-20 03:59:55,0.796s,PASSED
"click(findTestObject(""Object Repository/Registro de envíos/Test cases/span_PuntPartid""), STOP_ON_FAILURE)",Edge Chromium 131,,,2025-01-20 03:59:55,2025-01-20 03:59:55,0.352s,PASSED
"click(findTestObject(""Object Repository/Registro de envíos/valorados/Page_Olva Courier  Datos Personales/a_ICA""))",Edge Chromium 131,,,2025-01-20 03:59:55,2025-01-20 03:59:55,0.361s,PASSED
"click(findTestObject(""Object Repository/Registro de envíos/Test cases/span_PuntLlegad""), STOP_ON_FAILURE)",Edge Chromium 131,,,2025-01-20 03:59:55,2025-01-20 03:59:57,1.763s,PASSED
"click(findTestObject(""Object Repository/Registro de envíos/Test cases/input_PuntLlegad""), STOP_ON_FAILURE)",Edge Chromium 131,,,2025-01-20 03:59:57,2025-01-20 03:59:58,0.422s,PASSED
"setText(findTestObject(""Object Repository/Registro de envíos/Test cases/input_PuntLlegad""), ""san borja"", STOP_ON_FAILURE)",Edge Chromium 131,,,2025-01-20 03:59:58,2025-01-20 03:59:59,0.940s,PASSED
"delay(4, STOP_ON_FAILURE)",Edge Chromium 131,,,2025-01-20 03:59:59,2025-01-20 04:00:03,4.002s,PASSED
"scrollToElement(findTestObject(""Object Repository/Registro de envíos/Test cases/span_LIM_SanBorj""), 0, STOP_ON_FAILURE)",Edge Chromium 131,,,2025-01-20 04:00:03,2025-01-20 04:00:03,0.323s,PASSED
"click(findTestObject(""Object Repository/Registro de envíos/Test cases/span_LIM_SanBorj""), STOP_ON_FAILURE)",Edge Chromium 131,,,2025-01-20 04:00:03,2025-01-20 04:00:03,0.430s,PASSED
"click(findTestObject(""Object Repository/Registro de envíos/Test cases/span_TipEntreg""), STOP_ON_FAILURE)",Edge Chromium 131,,,2025-01-20 04:00:03,2025-01-20 04:00:04,0.350s,PASSED
"click(findTestObject(""Object Repository/Registro de envíos/Test cases/a_EntregDomic""), STOP_ON_FAILURE)",Edge Chromium 131,,,2025-01-20 04:00:04,2025-01-20 04:00:05,1.662s,PASSED
"scrollToElement(findTestObject(""Object Repository/Registro de envíos/Test cases/input_dir_entreg""), 0, STOP_ON_FAILURE)",Edge Chromium 131,,,2025-01-20 04:00:05,2025-01-20 04:00:06,0.315s,PASSED
"setText(findTestObject(""Object Repository/Registro de envíos/Test cases/input_dir_entreg""), ""Calle De Las Bellas Artes 122, San Borja, Lima, Lima, Perú"", STOP_ON_FAILURE)",Edge Chromium 131,,,2025-01-20 04:00:06,2025-01-20 04:00:06,0.846s,PASSED
"sendKeys(findTestObject(""Object Repository/Registro de envíos/Test cases/input_dir_entreg""), Keys.chord(ENTER), STOP_ON_FAILURE)",Edge Chromium 131,,,2025-01-20 04:00:06,2025-01-20 04:00:09,2.588s,PASSED
"scrollToElement(findTestObject(""Object Repository/Registro de envíos/Test cases/input_dir_ref""), 0, STOP_ON_FAILURE)",Edge Chromium 131,,,2025-01-20 04:00:09,2025-01-20 04:00:11,2.225s,PASSED
"setText(findTestObject(""Object Repository/Registro de envíos/Test cases/input_dir_ref""), ""ABC"", STOP_ON_FAILURE)",Edge Chromium 131,,,2025-01-20 04:00:11,2025-01-20 04:00:12,0.700s,PASSED
"scrollToElement(findTestObject(""Object Repository/Registro de envíos/Test cases/button_TipDocument""), 0, STOP_ON_FAILURE)",Edge Chromium 131,,,2025-01-20 04:00:12,2025-01-20 04:00:12,0.311s,PASSED
"click(findTestObject(""Object Repository/Registro de envíos/Test cases/button_TipDocument""), STOP_ON_FAILURE)",Edge Chromium 131,,,2025-01-20 04:00:12,2025-01-20 04:00:13,0.352s,PASSED
"click(findTestObject(""Object Repository/Registro de envíos/Test cases/a_DNI""), STOP_ON_FAILURE)",Edge Chromium 131,,,2025-01-20 04:00:13,2025-01-20 04:00:13,0.352s,PASSED
"setText(findTestObject(""Object Repository/Registro de envíos/Test cases/input_Consig_dni""), ""12345678"", STOP_ON_FAILURE)",Edge Chromium 131,,,2025-01-20 04:00:13,2025-01-20 04:00:14,0.691s,PASSED
"verifyElementPresent(findTestObject(""Object Repository/Registro de envíos/Test cases/div_PINTO""), 0, STOP_ON_FAILURE)",Edge Chromium 131,,,2025-01-20 04:00:14,2025-01-20 04:00:25,11.528s,PASSED
"scrollToElement(findTestObject(""Object Repository/Registro de envíos/Test cases/button_cntnuar(1)""), 0, STOP_ON_FAILURE)",Edge Chromium 131,,,2025-01-20 04:00:25,2025-01-20 04:00:25,0.313s,PASSED
"click(findTestObject(""Object Repository/Registro de envíos/Test cases/button_cntnuar(1)""), STOP_ON_FAILURE)",Edge Chromium 131,,,2025-01-20 04:00:25,2025-01-20 04:00:26,0.368s,PASSED
"verifyElementText(findTestObject(""Object Repository/Registro de envíos/Test cases/th_lima""), ""Ica"", STOP_ON_FAILURE)",Edge Chromium 131,,,2025-01-20 04:00:26,2025-01-20 04:00:29,2.742s,PASSED
"verifyElementText(findTestObject(""Object Repository/Registro de envíos/Test cases/th_EntregDomic""), ""Entrega A Domicilio"", STOP_ON_FAILURE)",Edge Chromium 131,,,2025-01-20 04:00:29,2025-01-20 04:00:29,0.311s,PASSED
"verifyElementPresent(findTestObject(""Object Repository/Registro de envíos/Test cases/th_7.30""), 0, STOP_ON_FAILURE)",Edge Chromium 131,,,2025-01-20 04:00:29,2025-01-20 04:00:29,0.352s,PASSED
"verifyElementPresent(findTestObject(""Object Repository/Registro de envíos/Test cases/th_0.00""), 0, STOP_ON_FAILURE)",Edge Chromium 131,,,2025-01-20 04:00:29,2025-01-20 04:00:30,0.307s,PASSED
"click(findTestObject(""Object Repository/Registro de envíos/Test cases/1-Principal/button_IR A PAGAR S 7.30""))",Edge Chromium 131,,,2025-01-20 04:00:30,2025-01-20 04:00:30,0.335s,PASSED
"callTestCase(findTestCase(""Registro_Envíos/1.Inicio/3.Pago_envíos/Pago_TDC""), [:], STOP_ON_FAILURE)",Edge Chromium 131,,,2025-01-20 04:00:30,2025-01-20 04:00:51,20.819s,PASSED
,,,,,,,
Test Cases/Registro_Envíos/3. Positivas/1. Paquetes/Origen provincia/2.Girley/3. Cambio por dirección a tienda,Edge Chromium 131,,,2025-01-20 04:00:51,2025-01-20 04:02:09,1m - 18.489s,PASSED
"callTestCase(findTestCase(""Registro_Envíos/1.Inicio/1.Principal/Principal-Home""), [:], STOP_ON_FAILURE)",Edge Chromium 131,,,2025-01-20 04:00:51,2025-01-20 04:00:55,4.354s,PASSED
"callTestCase(findTestCase(""Registro_Envíos/1.Inicio/1.Principal/Selecc_paquete""), [:], STOP_ON_FAILURE)",Edge Chromium 131,,,2025-01-20 04:00:55,2025-01-20 04:01:04,8.472s,PASSED
"callTestCase(findTestCase(""Registro_Envíos/1.Inicio/2.Login/6.LoginRUC10""), [:], STOP_ON_FAILURE)",Edge Chromium 131,,,2025-01-20 04:01:04,2025-01-20 04:01:07,3.085s,PASSED
"click(findTestObject(""Object Repository/Registro de envíos/Test cases/button_SeleccArt""), STOP_ON_FAILURE)",Edge Chromium 131,,,2025-01-20 04:01:07,2025-01-20 04:01:07,0.324s,PASSED
"click(findTestObject(""Object Repository/Registro de envíos/Test cases/span_ART_LIMP""), STOP_ON_FAILURE)",Edge Chromium 131,,,2025-01-20 04:01:07,2025-01-20 04:01:07,0.343s,PASSED
"setText(findTestObject(""Object Repository/Registro de envíos/Test cases/input_pqte_artic""), ""PRUEBA1"", STOP_ON_FAILURE)",Edge Chromium 131,,,2025-01-20 04:01:07,2025-01-20 04:01:08,0.831s,PASSED
"setText(findTestObject(""Object Repository/Registro de envíos/Test cases/input_pqte_val""), ""13"", STOP_ON_FAILURE)",Edge Chromium 131,,,2025-01-20 04:01:08,2025-01-20 04:01:09,0.649s,PASSED
"setText(findTestObject(""Object Repository/Registro de envíos/Test cases/input_pqte_larg""), ""12"", STOP_ON_FAILURE)",Edge Chromium 131,,,2025-01-20 04:01:09,2025-01-20 04:01:10,0.670s,PASSED
"setText(findTestObject(""Object Repository/Registro de envíos/Test cases/input_pqte_anch""), ""14"", STOP_ON_FAILURE)",Edge Chromium 131,,,2025-01-20 04:01:10,2025-01-20 04:01:10,0.671s,PASSED
"setText(findTestObject(""Object Repository/Registro de envíos/Test cases/input_pqte_alt""), ""15"", STOP_ON_FAILURE)",Edge Chromium 131,,,2025-01-20 04:01:10,2025-01-20 04:01:11,0.653s,PASSED
"setText(findTestObject(""Object Repository/Registro de envíos/Test cases/input_pqte_peso""), ""1"", STOP_ON_FAILURE)",Edge Chromium 131,,,2025-01-20 04:01:11,2025-01-20 04:01:12,0.641s,PASSED
"click(findTestObject(""Object Repository/Registro de envíos/Test cases/span_PuntPartid""), STOP_ON_FAILURE)",Edge Chromium 131,,,2025-01-20 04:01:12,2025-01-20 04:01:12,0.419s,PASSED
"click(findTestObject(""Object Repository/Registro de envíos/valorados/Page_Olva Courier  Datos Personales/a_JAUJA""))",Edge Chromium 131,,,2025-01-20 04:01:12,2025-01-20 04:01:12,0.333s,PASSED
"click(findTestObject(""Object Repository/Registro de envíos/Test cases/span_PuntLlegad""), STOP_ON_FAILURE)",Edge Chromium 131,,,2025-01-20 04:01:12,2025-01-20 04:01:14,1.774s,PASSED
"click(findTestObject(""Object Repository/Registro de envíos/Test cases/input_PuntLlegad""), STOP_ON_FAILURE)",Edge Chromium 131,,,2025-01-20 04:01:14,2025-01-20 04:01:15,0.496s,PASSED
"setText(findTestObject(""Object Repository/Registro de envíos/Test cases/input_PuntLlegad""), ""san borja"", STOP_ON_FAILURE)",Edge Chromium 131,,,2025-01-20 04:01:15,2025-01-20 04:01:16,1.055s,PASSED
"delay(4, STOP_ON_FAILURE)",Edge Chromium 131,,,2025-01-20 04:01:16,2025-01-20 04:01:20,4.010s,PASSED
"scrollToElement(findTestObject(""Object Repository/Registro de envíos/Test cases/span_LIM_SanBorj""), 0, STOP_ON_FAILURE)",Edge Chromium 131,,,2025-01-20 04:01:20,2025-01-20 04:01:20,0.365s,PASSED
"click(findTestObject(""Object Repository/Registro de envíos/Test cases/span_LIM_SanBorj""), STOP_ON_FAILURE)",Edge Chromium 131,,,2025-01-20 04:01:20,2025-01-20 04:01:20,0.415s,PASSED
"click(findTestObject(""Object Repository/Registro de envíos/Test cases/span_TipEntreg""), STOP_ON_FAILURE)",Edge Chromium 131,,,2025-01-20 04:01:20,2025-01-20 04:01:21,0.506s,PASSED
"click(findTestObject(""Object Repository/Registro de envíos/Test cases/a_EntregDomic""), STOP_ON_FAILURE)",Edge Chromium 131,,,2025-01-20 04:01:21,2025-01-20 04:01:23,1.668s,PASSED
"scrollToElement(findTestObject(""Object Repository/Registro de envíos/Test cases/input_dir_entreg""), 0, STOP_ON_FAILURE)",Edge Chromium 131,,,2025-01-20 04:01:23,2025-01-20 04:01:23,0.369s,PASSED
"setText(findTestObject(""Object Repository/Registro de envíos/Test cases/input_dir_entreg""), ""Comandante espinar 659, miraflores"", STOP_ON_FAILURE)",Edge Chromium 131,,,2025-01-20 04:01:23,2025-01-20 04:01:24,1.001s,PASSED
delay(2),Edge Chromium 131,,,2025-01-20 04:01:24,2025-01-20 04:01:26,2.008s,PASSED
"sendKeys(findTestObject(""Object Repository/Registro de envíos/Test cases/input_dir_entreg""), Keys.chord(ENTER), STOP_ON_FAILURE)",Edge Chromium 131,,,2025-01-20 04:01:26,2025-01-20 04:01:26,0.332s,PASSED
delay(3),Edge Chromium 131,,,2025-01-20 04:01:26,2025-01-20 04:01:29,3.015s,PASSED
"scrollToElement(findTestObject(""Registro de envíos/Test cases/Girley/validac_Destino""), 0)",Edge Chromium 131,,,2025-01-20 04:01:29,2025-01-20 04:01:30,0.622s,PASSED
"verifyElementText(findTestObject(""Registro de envíos/Test cases/Girley/validac_Destino""), ""LIMA - LIMA - MIRAFLORES"")",Edge Chromium 131,,,2025-01-20 04:01:30,2025-01-20 04:01:30,0.301s,PASSED
delay(2),Edge Chromium 131,,,2025-01-20 04:01:30,2025-01-20 04:01:32,2.005s,PASSED
"scrollToElement(findTestObject(""Object Repository/Registro de envíos/Test cases/button_TipDocument""), 0, STOP_ON_FAILURE)",Edge Chromium 131,,,2025-01-20 04:01:32,2025-01-20 04:01:33,0.352s,PASSED
"click(findTestObject(""Object Repository/Registro de envíos/Test cases/button_TipDocument""), STOP_ON_FAILURE)",Edge Chromium 131,,,2025-01-20 04:01:33,2025-01-20 04:01:33,0.412s,PASSED
"click(findTestObject(""Object Repository/Registro de envíos/Test cases/a_DNI""), STOP_ON_FAILURE)",Edge Chromium 131,,,2025-01-20 04:01:33,2025-01-20 04:01:33,0.333s,PASSED
"setText(findTestObject(""Object Repository/Registro de envíos/Test cases/input_Consig_dni""), ""12345678"", STOP_ON_FAILURE)",Edge Chromium 131,,,2025-01-20 04:01:33,2025-01-20 04:01:34,0.685s,PASSED
"verifyElementPresent(findTestObject(""Object Repository/Registro de envíos/Test cases/div_PINTO""), 0, STOP_ON_FAILURE)",Edge Chromium 131,,,2025-01-20 04:01:34,2025-01-20 04:01:41,7.422s,PASSED
"scrollToElement(findTestObject(""Object Repository/Registro de envíos/Test cases/button_cntnuar(1)""), 0, STOP_ON_FAILURE)",Edge Chromium 131,,,2025-01-20 04:01:41,2025-01-20 04:01:42,0.321s,PASSED
"click(findTestObject(""Object Repository/Registro de envíos/Test cases/button_cntnuar(1)""), STOP_ON_FAILURE)",Edge Chromium 131,,,2025-01-20 04:01:42,2025-01-20 04:01:42,0.343s,PASSED
"verifyElementText(findTestObject(""Object Repository/Registro de envíos/Test cases/th_lima""), ""Jauja"", STOP_ON_FAILURE)",Edge Chromium 131,,,2025-01-20 04:01:42,2025-01-20 04:01:44,1.580s,PASSED
"verifyElementText(findTestObject(""Object Repository/Registro de envíos/Test cases/th_EntregDomic""), ""Recojo En Tienda"", STOP_ON_FAILURE)",Edge Chromium 131,,,2025-01-20 04:01:44,2025-01-20 04:01:44,0.301s,PASSED
"verifyElementText(findTestObject(""Registro de envíos/Test cases/Girley/validac_Destino_Resum""), ""Lima - Lima - Miraflores"", STOP_ON_FAILURE)",Edge Chromium 131,,,2025-01-20 04:01:44,2025-01-20 04:01:44,0.314s,PASSED
"verifyElementPresent(findTestObject(""Object Repository/Registro de envíos/Test cases/th_7.30""), 0, STOP_ON_FAILURE)",Edge Chromium 131,,,2025-01-20 04:01:44,2025-01-20 04:01:45,0.307s,PASSED
"verifyElementPresent(findTestObject(""Object Repository/Registro de envíos/Test cases/th_0.00""), 0, STOP_ON_FAILURE)",Edge Chromium 131,,,2025-01-20 04:01:45,2025-01-20 04:01:45,0.294s,PASSED
"click(findTestObject(""Object Repository/Registro de envíos/Test cases/1-Principal/button_IR A PAGAR S 7.30""))",Edge Chromium 131,,,2025-01-20 04:01:45,2025-01-20 04:01:45,0.333s,PASSED
"verifyElementPresent(findTestObject(""Object Repository/Registro de envíos/Test cases/Girley/div_INGRESA TU CLAVE DE SEGURIDAD          _f716a0""), 0)",Edge Chromium 131,,,2025-01-20 04:01:45,2025-01-20 04:01:46,0.314s,PASSED
"verifyElementText(findTestObject(""Object Repository/Registro de envíos/Test cases/Girley/b_INGRESA TU CLAVE DE SEGURIDAD""), ""INGRESA TU CLAVE DE SEGURIDAD"")",Edge Chromium 131,,,2025-01-20 04:01:46,2025-01-20 04:01:46,0.316s,PASSED
"setText(findTestObject(""Object Repository/Registro de envíos/Test cases/Girley/input_Tienes envos con recojo en tienda, se_b85f5d""), ""1"")",Edge Chromium 131,,,2025-01-20 04:01:46,2025-01-20 04:01:47,0.711s,PASSED
"setText(findTestObject(""Object Repository/Registro de envíos/Test cases/Girley/input_Tienes envos con recojo en tienda, se_af5936""), ""2"")",Edge Chromium 131,,,2025-01-20 04:01:47,2025-01-20 04:01:47,0.659s,PASSED
"setText(findTestObject(""Object Repository/Registro de envíos/Test cases/Girley/input_Tienes envos con recojo en tienda, se_653975""), ""3"")",Edge Chromium 131,,,2025-01-20 04:01:47,2025-01-20 04:01:48,0.889s,PASSED
"setText(findTestObject(""Object Repository/Registro de envíos/Test cases/Girley/input_Tienes envos con recojo en tienda, se_8615a0""), ""4"")",Edge Chromium 131,,,2025-01-20 04:01:48,2025-01-20 04:01:49,0.640s,PASSED
"click(findTestObject(""Object Repository/Registro de envíos/Test cases/Girley/b_Aceptar""))",Edge Chromium 131,,,2025-01-20 04:01:49,2025-01-20 04:01:49,0.343s,PASSED
"callTestCase(findTestCase(""Registro_Envíos/1.Inicio/3.Pago_envíos/Pago_TDC""), [:], STOP_ON_FAILURE)",Edge Chromium 131,,,2025-01-20 04:01:49,2025-01-20 04:02:09,20.091s,PASSED
,,,,,,,
Test Cases/Registro_Envíos/3. Positivas/1. Paquetes/Origen provincia/2.Girley/2.Direccion_callao,Edge Chromium 131,,,2025-01-20 04:02:09,2025-01-20 04:03:24,1m - 14.734s,PASSED
"callTestCase(findTestCase(""Registro_Envíos/1.Inicio/1.Principal/Principal-Home""), [:], STOP_ON_FAILURE)",Edge Chromium 131,,,2025-01-20 04:02:09,2025-01-20 04:02:14,4.363s,PASSED
"callTestCase(findTestCase(""Registro_Envíos/1.Inicio/1.Principal/Selecc_paquete""), [:], STOP_ON_FAILURE)",Edge Chromium 131,,,2025-01-20 04:02:14,2025-01-20 04:02:22,8.426s,PASSED
"callTestCase(findTestCase(""Registro_Envíos/1.Inicio/2.Login/2.Log_DNI-Colab""), [:], STOP_ON_FAILURE)",Edge Chromium 131,,,2025-01-20 04:02:22,2025-01-20 04:02:25,3.215s,PASSED
"click(findTestObject(""Object Repository/Registro de envíos/Test cases/button_SeleccArt""), STOP_ON_FAILURE)",Edge Chromium 131,,,2025-01-20 04:02:25,2025-01-20 04:02:26,0.315s,PASSED
"click(findTestObject(""Object Repository/Registro de envíos/Test cases/span_ART_LIMP""), STOP_ON_FAILURE)",Edge Chromium 131,,,2025-01-20 04:02:26,2025-01-20 04:02:26,0.435s,PASSED
"setText(findTestObject(""Object Repository/Registro de envíos/Test cases/input_pqte_artic""), ""PRUEBA1"", STOP_ON_FAILURE)",Edge Chromium 131,,,2025-01-20 04:02:26,2025-01-20 04:02:27,0.701s,PASSED
"setText(findTestObject(""Object Repository/Registro de envíos/Test cases/input_pqte_val""), ""13"", STOP_ON_FAILURE)",Edge Chromium 131,,,2025-01-20 04:02:27,2025-01-20 04:02:27,0.663s,PASSED
"setText(findTestObject(""Object Repository/Registro de envíos/Test cases/input_pqte_larg""), ""12"", STOP_ON_FAILURE)",Edge Chromium 131,,,2025-01-20 04:02:27,2025-01-20 04:02:28,0.675s,PASSED
"setText(findTestObject(""Object Repository/Registro de envíos/Test cases/input_pqte_anch""), ""14"", STOP_ON_FAILURE)",Edge Chromium 131,,,2025-01-20 04:02:28,2025-01-20 04:02:29,0.664s,PASSED
"setText(findTestObject(""Object Repository/Registro de envíos/Test cases/input_pqte_alt""), ""15"", STOP_ON_FAILURE)",Edge Chromium 131,,,2025-01-20 04:02:29,2025-01-20 04:02:29,0.666s,PASSED
"setText(findTestObject(""Object Repository/Registro de envíos/Test cases/input_pqte_peso""), ""1"", STOP_ON_FAILURE)",Edge Chromium 131,,,2025-01-20 04:02:29,2025-01-20 04:02:30,0.676s,PASSED
"click(findTestObject(""Object Repository/Registro de envíos/Test cases/span_PuntPartid""), STOP_ON_FAILURE)",Edge Chromium 131,,,2025-01-20 04:02:30,2025-01-20 04:02:31,0.352s,PASSED
"click(findTestObject(""Object Repository/Registro de envíos/valorados/Page_Olva Courier  Datos Personales/span_CHEPEN""))",Edge Chromium 131,,,2025-01-20 04:02:31,2025-01-20 04:02:31,0.342s,PASSED
"click(findTestObject(""Object Repository/Registro de envíos/Test cases/span_PuntLlegad""), STOP_ON_FAILURE)",Edge Chromium 131,,,2025-01-20 04:02:31,2025-01-20 04:02:33,2.425s,PASSED
"click(findTestObject(""Object Repository/Registro de envíos/Test cases/input_PuntLlegad""), STOP_ON_FAILURE)",Edge Chromium 131,,,2025-01-20 04:02:33,2025-01-20 04:02:34,0.390s,PASSED
"setText(findTestObject(""Object Repository/Registro de envíos/Test cases/input_PuntLlegad""), ""san borja"", STOP_ON_FAILURE)",Edge Chromium 131,,,2025-01-20 04:02:34,2025-01-20 04:02:35,1.028s,PASSED
"delay(4, STOP_ON_FAILURE)",Edge Chromium 131,,,2025-01-20 04:02:35,2025-01-20 04:02:39,4.002s,PASSED
"scrollToElement(findTestObject(""Object Repository/Registro de envíos/Test cases/span_LIM_SanBorj""), 0, STOP_ON_FAILURE)",Edge Chromium 131,,,2025-01-20 04:02:39,2025-01-20 04:02:39,0.352s,PASSED
"click(findTestObject(""Object Repository/Registro de envíos/Test cases/span_LIM_SanBorj""), STOP_ON_FAILURE)",Edge Chromium 131,,,2025-01-20 04:02:39,2025-01-20 04:02:39,0.411s,PASSED
"click(findTestObject(""Object Repository/Registro de envíos/Test cases/span_TipEntreg""), STOP_ON_FAILURE)",Edge Chromium 131,,,2025-01-20 04:02:39,2025-01-20 04:02:40,0.338s,PASSED
"click(findTestObject(""Object Repository/Registro de envíos/Test cases/a_EntregDomic""), STOP_ON_FAILURE)",Edge Chromium 131,,,2025-01-20 04:02:40,2025-01-20 04:02:41,1.680s,PASSED
"scrollToElement(findTestObject(""Object Repository/Registro de envíos/Test cases/input_dir_entreg""), 0, STOP_ON_FAILURE)",Edge Chromium 131,,,2025-01-20 04:02:41,2025-01-20 04:02:42,0.315s,PASSED
"setText(findTestObject(""Object Repository/Registro de envíos/Test cases/input_dir_entreg""), ""Jr. Atahualpa No 602, Callao, Callao"", STOP_ON_FAILURE)",Edge Chromium 131,,,2025-01-20 04:02:42,2025-01-20 04:02:43,0.781s,PASSED
"sendKeys(findTestObject(""Object Repository/Registro de envíos/Test cases/input_dir_entreg""), Keys.chord(ENTER), STOP_ON_FAILURE)",Edge Chromium 131,,,2025-01-20 04:02:43,2025-01-20 04:02:44,1.811s,PASSED
"scrollToElement(findTestObject(""Object Repository/Registro de envíos/Test cases/input_dir_ref""), 0, STOP_ON_FAILURE)",Edge Chromium 131,,,2025-01-20 04:02:44,2025-01-20 04:02:46,2.086s,PASSED
"setText(findTestObject(""Object Repository/Registro de envíos/Test cases/input_dir_ref""), ""ABC"", STOP_ON_FAILURE)",Edge Chromium 131,,,2025-01-20 04:02:46,2025-01-20 04:02:47,0.662s,PASSED
"scrollToElement(findTestObject(""Object Repository/Registro de envíos/Test cases/button_TipDocument""), 0, STOP_ON_FAILURE)",Edge Chromium 131,,,2025-01-20 04:02:47,2025-01-20 04:02:47,0.315s,PASSED
"click(findTestObject(""Object Repository/Registro de envíos/Test cases/button_TipDocument""), STOP_ON_FAILURE)",Edge Chromium 131,,,2025-01-20 04:02:47,2025-01-20 04:02:48,0.334s,PASSED
"click(findTestObject(""Object Repository/Registro de envíos/Test cases/a_DNI""), STOP_ON_FAILURE)",Edge Chromium 131,,,2025-01-20 04:02:48,2025-01-20 04:02:48,0.366s,PASSED
"setText(findTestObject(""Object Repository/Registro de envíos/Test cases/input_Consig_dni""), ""12345678"", STOP_ON_FAILURE)",Edge Chromium 131,,,2025-01-20 04:02:48,2025-01-20 04:02:49,0.732s,PASSED
"verifyElementPresent(findTestObject(""Object Repository/Registro de envíos/Test cases/div_PINTO""), 0, STOP_ON_FAILURE)",Edge Chromium 131,,,2025-01-20 04:02:49,2025-01-20 04:02:56,7.206s,PASSED
"scrollToElement(findTestObject(""Object Repository/Registro de envíos/Test cases/button_cntnuar(1)""), 0, STOP_ON_FAILURE)",Edge Chromium 131,,,2025-01-20 04:02:56,2025-01-20 04:02:56,0.345s,PASSED
"click(findTestObject(""Object Repository/Registro de envíos/Test cases/button_cntnuar(1)""), STOP_ON_FAILURE)",Edge Chromium 131,,,2025-01-20 04:02:56,2025-01-20 04:02:57,0.402s,PASSED
"verifyElementText(findTestObject(""Object Repository/Registro de envíos/Test cases/th_lima""), ""Chepen"", STOP_ON_FAILURE)",Edge Chromium 131,,,2025-01-20 04:02:57,2025-01-20 04:03:00,3.074s,PASSED
"verifyElementText(findTestObject(""Object Repository/Registro de envíos/Test cases/th_EntregDomic""), ""Entrega A Domicilio"", STOP_ON_FAILURE)",Edge Chromium 131,,,2025-01-20 04:03:00,2025-01-20 04:03:00,0.313s,PASSED
"verifyElementPresent(findTestObject(""Object Repository/Registro de envíos/Test cases/th_7.30""), 0, STOP_ON_FAILURE)",Edge Chromium 131,,,2025-01-20 04:03:00,2025-01-20 04:03:01,0.311s,PASSED
"verifyElementPresent(findTestObject(""Object Repository/Registro de envíos/Test cases/th_0.00""), 0, STOP_ON_FAILURE)",Edge Chromium 131,,,2025-01-20 04:03:01,2025-01-20 04:03:01,0.313s,PASSED
"click(findTestObject(""Object Repository/Registro de envíos/Test cases/1-Principal/button_IR A PAGAR S 7.30""))",Edge Chromium 131,,,2025-01-20 04:03:01,2025-01-20 04:03:01,0.347s,PASSED
"callTestCase(findTestCase(""Registro_Envíos/1.Inicio/3.Pago_envíos/Pago_TDC""), [:], STOP_ON_FAILURE)",Edge Chromium 131,,,2025-01-20 04:03:01,2025-01-20 04:03:24,22.763s,PASSED
,,,,,,,
Test Cases/Registro_Envíos/3. Positivas/1. Paquetes/Origen provincia/2.Girley/1.Destin_Lima,Edge Chromium 131,,,2025-01-20 04:03:24,2025-01-20 04:04:35,1m - 11.178s,PASSED
"callTestCase(findTestCase(""Registro_Envíos/1.Inicio/1.Principal/Principal-Home""), [:], STOP_ON_FAILURE)",Edge Chromium 131,,,2025-01-20 04:03:24,2025-01-20 04:03:28,4.397s,PASSED
"callTestCase(findTestCase(""Registro_Envíos/1.Inicio/1.Principal/Selecc_paquete""), [:], STOP_ON_FAILURE)",Edge Chromium 131,,,2025-01-20 04:03:28,2025-01-20 04:03:38,9.083s,PASSED
"callTestCase(findTestCase(""Registro_Envíos/1.Inicio/2.Login/1.Login_DNI""), [:], STOP_ON_FAILURE)",Edge Chromium 131,,,2025-01-20 04:03:38,2025-01-20 04:03:41,3.471s,PASSED
"click(findTestObject(""Object Repository/Registro de envíos/Test cases/button_SeleccArt""), STOP_ON_FAILURE)",Edge Chromium 131,,,2025-01-20 04:03:41,2025-01-20 04:03:41,0.325s,PASSED
"click(findTestObject(""Object Repository/Registro de envíos/Test cases/span_ART_LIMP""), STOP_ON_FAILURE)",Edge Chromium 131,,,2025-01-20 04:03:41,2025-01-20 04:03:42,0.349s,PASSED
"setText(findTestObject(""Object Repository/Registro de envíos/Test cases/input_pqte_artic""), ""PRUEBA1"", STOP_ON_FAILURE)",Edge Chromium 131,,,2025-01-20 04:03:42,2025-01-20 04:03:42,0.773s,PASSED
"setText(findTestObject(""Object Repository/Registro de envíos/Test cases/input_pqte_val""), ""13"", STOP_ON_FAILURE)",Edge Chromium 131,,,2025-01-20 04:03:42,2025-01-20 04:03:43,0.674s,PASSED
"setText(findTestObject(""Object Repository/Registro de envíos/Test cases/input_pqte_larg""), ""12"", STOP_ON_FAILURE)",Edge Chromium 131,,,2025-01-20 04:03:43,2025-01-20 04:03:44,0.668s,PASSED
"setText(findTestObject(""Object Repository/Registro de envíos/Test cases/input_pqte_anch""), ""14"", STOP_ON_FAILURE)",Edge Chromium 131,,,2025-01-20 04:03:44,2025-01-20 04:03:44,0.657s,PASSED
"setText(findTestObject(""Object Repository/Registro de envíos/Test cases/input_pqte_alt""), ""15"", STOP_ON_FAILURE)",Edge Chromium 131,,,2025-01-20 04:03:44,2025-01-20 04:03:45,0.706s,PASSED
"setText(findTestObject(""Object Repository/Registro de envíos/Test cases/input_pqte_peso""), ""1"", STOP_ON_FAILURE)",Edge Chromium 131,,,2025-01-20 04:03:45,2025-01-20 04:03:46,0.676s,PASSED
"click(findTestObject(""Object Repository/Registro de envíos/Test cases/span_PuntPartid""), STOP_ON_FAILURE)",Edge Chromium 131,,,2025-01-20 04:03:46,2025-01-20 04:03:46,0.352s,PASSED
"click(findTestObject(""Object Repository/Registro de envíos/valorados/Page_Olva Courier  Datos Personales/a_TRUJILLO""))",Edge Chromium 131,,,2025-01-20 04:03:46,2025-01-20 04:03:47,0.354s,PASSED
"click(findTestObject(""Object Repository/Registro de envíos/Test cases/span_PuntLlegad""), STOP_ON_FAILURE)",Edge Chromium 131,,,2025-01-20 04:03:47,2025-01-20 04:03:49,1.966s,PASSED
"click(findTestObject(""Object Repository/Registro de envíos/Test cases/input_PuntLlegad""), STOP_ON_FAILURE)",Edge Chromium 131,,,2025-01-20 04:03:49,2025-01-20 04:03:49,0.394s,PASSED
"setText(findTestObject(""Object Repository/Registro de envíos/Test cases/input_PuntLlegad""), ""san borja"", STOP_ON_FAILURE)",Edge Chromium 131,,,2025-01-20 04:03:49,2025-01-20 04:03:50,0.983s,PASSED
"delay(4, STOP_ON_FAILURE)",Edge Chromium 131,,,2025-01-20 04:03:50,2025-01-20 04:03:54,4.013s,PASSED
"scrollToElement(findTestObject(""Object Repository/Registro de envíos/Test cases/span_LIM_SanBorj""), 0, STOP_ON_FAILURE)",Edge Chromium 131,,,2025-01-20 04:03:54,2025-01-20 04:03:54,0.310s,PASSED
"click(findTestObject(""Object Repository/Registro de envíos/Test cases/span_LIM_SanBorj""), STOP_ON_FAILURE)",Edge Chromium 131,,,2025-01-20 04:03:54,2025-01-20 04:03:55,0.408s,PASSED
"click(findTestObject(""Object Repository/Registro de envíos/Test cases/span_TipEntreg""), STOP_ON_FAILURE)",Edge Chromium 131,,,2025-01-20 04:03:55,2025-01-20 04:03:55,0.352s,PASSED
"click(findTestObject(""Object Repository/Registro de envíos/Test cases/a_EntregDomic""), STOP_ON_FAILURE)",Edge Chromium 131,,,2025-01-20 04:03:55,2025-01-20 04:03:57,1.582s,PASSED
"scrollToElement(findTestObject(""Object Repository/Registro de envíos/Test cases/input_dir_entreg""), 0, STOP_ON_FAILURE)",Edge Chromium 131,,,2025-01-20 04:03:57,2025-01-20 04:03:57,0.351s,PASSED
"setText(findTestObject(""Object Repository/Registro de envíos/Test cases/input_dir_entreg""), ""Calle De Las Bellas Artes 122, San Borja, Lima, Lima, Perú"", STOP_ON_FAILURE)",Edge Chromium 131,,,2025-01-20 04:03:57,2025-01-20 04:03:58,0.870s,PASSED
"sendKeys(findTestObject(""Object Repository/Registro de envíos/Test cases/input_dir_entreg""), Keys.chord(ENTER), STOP_ON_FAILURE)",Edge Chromium 131,,,2025-01-20 04:03:58,2025-01-20 04:04:01,2.694s,PASSED
"scrollToElement(findTestObject(""Object Repository/Registro de envíos/Test cases/input_dir_ref""), 0, STOP_ON_FAILURE)",Edge Chromium 131,,,2025-01-20 04:04:01,2025-01-20 04:04:03,2.129s,PASSED
"setText(findTestObject(""Object Repository/Registro de envíos/Test cases/input_dir_ref""), ""ABC"", STOP_ON_FAILURE)",Edge Chromium 131,,,2025-01-20 04:04:03,2025-01-20 04:04:03,0.799s,PASSED
"scrollToElement(findTestObject(""Object Repository/Registro de envíos/Test cases/button_TipDocument""), 0, STOP_ON_FAILURE)",Edge Chromium 131,,,2025-01-20 04:04:03,2025-01-20 04:04:04,0.311s,PASSED
"click(findTestObject(""Object Repository/Registro de envíos/Test cases/button_TipDocument""), STOP_ON_FAILURE)",Edge Chromium 131,,,2025-01-20 04:04:04,2025-01-20 04:04:04,0.333s,PASSED
"click(findTestObject(""Object Repository/Registro de envíos/Test cases/a_DNI""), STOP_ON_FAILURE)",Edge Chromium 131,,,2025-01-20 04:04:04,2025-01-20 04:04:04,0.353s,PASSED
"setText(findTestObject(""Object Repository/Registro de envíos/Test cases/input_Consig_dni""), ""12345678"", STOP_ON_FAILURE)",Edge Chromium 131,,,2025-01-20 04:04:04,2025-01-20 04:04:05,0.696s,PASSED
"verifyElementPresent(findTestObject(""Object Repository/Registro de envíos/Test cases/div_PINTO""), 0, STOP_ON_FAILURE)",Edge Chromium 131,,,2025-01-20 04:04:05,2025-01-20 04:04:08,3.214s,PASSED
"scrollToElement(findTestObject(""Object Repository/Registro de envíos/Test cases/button_cntnuar(1)""), 0, STOP_ON_FAILURE)",Edge Chromium 131,,,2025-01-20 04:04:08,2025-01-20 04:04:09,0.295s,PASSED
"click(findTestObject(""Object Repository/Registro de envíos/Test cases/button_cntnuar(1)""), STOP_ON_FAILURE)",Edge Chromium 131,,,2025-01-20 04:04:09,2025-01-20 04:04:09,0.367s,PASSED
"verifyElementText(findTestObject(""Object Repository/Registro de envíos/Test cases/th_EntregDomic""), ""Entrega A Domicilio"", STOP_ON_FAILURE)",Edge Chromium 131,,,2025-01-20 04:04:09,2025-01-20 04:04:13,4.132s,PASSED
"verifyElementPresent(findTestObject(""Object Repository/Registro de envíos/Test cases/th_7.30""), 0, STOP_ON_FAILURE)",Edge Chromium 131,,,2025-01-20 04:04:13,2025-01-20 04:04:13,0.295s,PASSED
"verifyElementPresent(findTestObject(""Object Repository/Registro de envíos/Test cases/th_0.00""), 0, STOP_ON_FAILURE)",Edge Chromium 131,,,2025-01-20 04:04:13,2025-01-20 04:04:14,0.296s,PASSED
"click(findTestObject(""Object Repository/Registro de envíos/Test cases/1-Principal/button_IR A PAGAR S 7.30""))",Edge Chromium 131,,,2025-01-20 04:04:14,2025-01-20 04:04:14,0.379s,PASSED
"callTestCase(findTestCase(""Registro_Envíos/1.Inicio/3.Pago_envíos/Pago_TDC""), [:], STOP_ON_FAILURE)",Edge Chromium 131,,,2025-01-20 04:04:14,2025-01-20 04:04:35,21.024s,PASSED
,,,,,,,
"Test Cases/Registro_Envíos/3. Positivas/1. Paquetes/Origen provincia/3. Destinos D, DO y O/1.Destino_D",Edge Chromium 131,,,2025-01-20 04:04:35,2025-01-20 04:05:45,1m - 9.594s,PASSED
"callTestCase(findTestCase(""Registro_Envíos/1.Inicio/1.Principal/Principal-Home""), [:], STOP_ON_FAILURE)",Edge Chromium 131,,,2025-01-20 04:04:35,2025-01-20 04:04:40,5.046s,PASSED
"callTestCase(findTestCase(""Registro_Envíos/1.Inicio/1.Principal/Selecc_paquete""), [:], STOP_ON_FAILURE)",Edge Chromium 131,,,2025-01-20 04:04:40,2025-01-20 04:04:49,8.488s,PASSED
"callTestCase(findTestCase(""Registro_Envíos/1.Inicio/2.Login/3.Login_CE""), [:], STOP_ON_FAILURE)",Edge Chromium 131,,,2025-01-20 04:04:49,2025-01-20 04:04:51,1.753s,PASSED
"click(findTestObject(""Object Repository/span_Seleccionar artculo""))",Edge Chromium 131,,,2025-01-20 04:04:51,2025-01-20 04:04:51,0.328s,PASSED
"click(findTestObject(""Object Repository/a_CAJA""))",Edge Chromium 131,,,2025-01-20 04:04:51,2025-01-20 04:04:51,0.351s,PASSED
"setText(findTestObject(""Object Repository/Registro de envíos/Test cases/input_pqte_artic""), ""PRUEBA1"", STOP_ON_FAILURE)",Edge Chromium 131,,,2025-01-20 04:04:51,2025-01-20 04:04:52,0.692s,PASSED
"setText(findTestObject(""Object Repository/Registro de envíos/Test cases/input_pqte_val""), ""13"", STOP_ON_FAILURE)",Edge Chromium 131,,,2025-01-20 04:04:52,2025-01-20 04:04:53,0.877s,PASSED
"setText(findTestObject(""Object Repository/Registro de envíos/Test cases/input_pqte_larg""), ""12"", STOP_ON_FAILURE)",Edge Chromium 131,,,2025-01-20 04:04:53,2025-01-20 04:04:53,0.647s,PASSED
"setText(findTestObject(""Object Repository/Registro de envíos/Test cases/input_pqte_anch""), ""14"", STOP_ON_FAILURE)",Edge Chromium 131,,,2025-01-20 04:04:53,2025-01-20 04:04:54,0.824s,PASSED
"setText(findTestObject(""Object Repository/Registro de envíos/Test cases/input_pqte_alt""), ""15"", STOP_ON_FAILURE)",Edge Chromium 131,,,2025-01-20 04:04:54,2025-01-20 04:04:55,0.661s,PASSED
"setText(findTestObject(""Object Repository/Registro de envíos/Test cases/input_pqte_peso""), ""1"", STOP_ON_FAILURE)",Edge Chromium 131,,,2025-01-20 04:04:55,2025-01-20 04:04:56,0.662s,PASSED
"click(findTestObject(""Object Repository/Registro de envíos/valorados/Page_Olva Courier  Datos Personales/button_Ingrese el punto de partida""))",Edge Chromium 131,,,2025-01-20 04:04:56,2025-01-20 04:04:56,0.399s,PASSED
"click(findTestObject(""Object Repository/Registro de envíos/valorados/Page_Olva Courier  Datos Personales/a_TRUJILLO""))",Edge Chromium 131,,,2025-01-20 04:04:56,2025-01-20 04:04:56,0.396s,PASSED
"delay(3, STOP_ON_FAILURE)",Edge Chromium 131,,,2025-01-20 04:04:56,2025-01-20 04:04:59,3.020s,PASSED
"click(findTestObject(""Object Repository/Registro de envíos/Test cases/span_PuntLlegad""), STOP_ON_FAILURE)",Edge Chromium 131,,,2025-01-20 04:04:59,2025-01-20 04:05:00,0.479s,PASSED
"click(findTestObject(""Object Repository/Registro de envíos/Test cases/input_PuntLlegad""), STOP_ON_FAILURE)",Edge Chromium 131,,,2025-01-20 04:05:00,2025-01-20 04:05:00,0.364s,PASSED
"setText(findTestObject(""Object Repository/Registro de envíos/Test cases/input_PuntLlegad""), ""aramango"", STOP_ON_FAILURE)",Edge Chromium 131,,,2025-01-20 04:05:00,2025-01-20 04:05:01,0.970s,PASSED
"scrollToElement(findTestObject(""Object Repository/span_AMAZONAS - BAGUA - ARAMANGO""), 0)",Edge Chromium 131,,,2025-01-20 04:05:01,2025-01-20 04:05:02,0.362s,PASSED
"click(findTestObject(""Object Repository/span_AMAZONAS - BAGUA - ARAMANGO""))",Edge Chromium 131,,,2025-01-20 04:05:02,2025-01-20 04:05:03,1.869s,PASSED
"setText(findTestObject(""Registro de envíos/Test cases/input_dir_entreg""), ""ARAMANGO DIRECCIÓN DE PRUEBa"")",Edge Chromium 131,,,2025-01-20 04:05:03,2025-01-20 04:05:04,0.788s,PASSED
"click(findTestObject(""Object Repository/span_Entrega a domicilio""))",Edge Chromium 131,,,2025-01-20 04:05:04,2025-01-20 04:05:05,0.357s,PASSED
"click(findTestObject(""Registro de envíos/Test cases/Girley/a_Recojo en tienda""))",Edge Chromium 131,,,2025-01-20 04:05:05,2025-01-20 04:05:05,0.337s,PASSED
"click(findTestObject(""D, O, DO/button_Acept_D""))",Edge Chromium 131,,,2025-01-20 04:05:05,2025-01-20 04:05:05,0.424s,PASSED
"click(findTestObject(""Object Repository/span_Entrega a domicilio""))",Edge Chromium 131,,,2025-01-20 04:05:05,2025-01-20 04:05:06,0.357s,PASSED
"click(findTestObject(""Registro de envíos/Test cases/a_EntregDomic""))",Edge Chromium 131,,,2025-01-20 04:05:06,2025-01-20 04:05:06,0.328s,PASSED
"setText(findTestObject(""Registro de envíos/Test cases/input_dir_entreg""), ""ARAMANGO DIRECCIÓN DE PRUEBa"")",Edge Chromium 131,,,2025-01-20 04:05:06,2025-01-20 04:05:07,0.748s,PASSED
"setText(findTestObject(""Registro de envíos/Test cases/input_dir_ref""), ""PRUEBa"")",Edge Chromium 131,,,2025-01-20 04:05:07,2025-01-20 04:05:07,0.701s,PASSED
"scrollToElement(findTestObject(""Object Repository/Registro de envíos/Test cases/button_TipDocument""), 0, STOP_ON_FAILURE)",Edge Chromium 131,,,2025-01-20 04:05:07,2025-01-20 04:05:08,0.302s,PASSED
"click(findTestObject(""Object Repository/Registro de envíos/Test cases/button_TipDocument""), STOP_ON_FAILURE)",Edge Chromium 131,,,2025-01-20 04:05:08,2025-01-20 04:05:08,0.327s,PASSED
"click(findTestObject(""Object Repository/span_CARN EXT""))",Edge Chromium 131,,,2025-01-20 04:05:08,2025-01-20 04:05:09,0.599s,PASSED
"setText(findTestObject(""Difuminado/input_CARN EXT_txt_consignado_dni""), ""003680378"")",Edge Chromium 131,,,2025-01-20 04:05:09,2025-01-20 04:05:10,0.816s,PASSED
"click(findTestObject(""Registro de envíos/Test cases/button_cntnuar(1)""))",Edge Chromium 131,,,2025-01-20 04:05:10,2025-01-20 04:05:10,0.472s,PASSED
"click(findTestObject(""Object Repository/a_AGREGAR ENVOS""))",Edge Chromium 131,,,2025-01-20 04:05:10,2025-01-20 04:05:12,2.293s,PASSED
"click(findTestObject(""Difuminado/img_Envo de cajas o paquetescon un peso mxi_37770f""))",Edge Chromium 131,,,2025-01-20 04:05:12,2025-01-20 04:05:13,0.558s,PASSED
"click(findTestObject(""Registro de envíos/Test cases/button_cntnuar""))",Edge Chromium 131,,,2025-01-20 04:05:13,2025-01-20 04:05:14,0.681s,PASSED
delay(5),Edge Chromium 131,,,2025-01-20 04:05:14,2025-01-20 04:05:19,5.001s,PASSED
"setText(findTestObject(""Difuminado/input_Qu Envas_input_descripcion""), ""PRUEBA"")",Edge Chromium 131,,,2025-01-20 04:05:19,2025-01-20 04:05:19,0.686s,PASSED
"setText(findTestObject(""Difuminado/input_Qu Envas_input_valor""), ""12"")",Edge Chromium 131,,,2025-01-20 04:05:19,2025-01-20 04:05:20,0.649s,PASSED
"click(findTestObject(""Difuminado/span_Ingrese el punto de llegada""))",Edge Chromium 131,,,2025-01-20 04:05:20,2025-01-20 04:05:20,0.420s,PASSED
"setText(findTestObject(""Registro de envíos/cargo adjunto/Page_Olva Courier  Datos Personales/input_Ingrese el punto de llegada_form-control""), ""punta negra"")",Edge Chromium 131,,,2025-01-20 04:05:20,2025-01-20 04:05:21,1.023s,PASSED
"click(findTestObject(""Object Repository/a_LIMA - LIMA - PUNTA NEGRA""))",Edge Chromium 131,,,2025-01-20 04:05:21,2025-01-20 04:05:23,2.048s,PASSED
"setText(findTestObject(""Registro de envíos/Test cases/input_dir_entreg""), ""PUNTA NEGRa"")",Edge Chromium 131,,,2025-01-20 04:05:23,2025-01-20 04:05:24,0.947s,PASSED
"setText(findTestObject(""Registro de envíos/Test cases/input_dir_ref""), ""PRUEBa"")",Edge Chromium 131,,,2025-01-20 04:05:24,2025-01-20 04:05:26,1.532s,PASSED
"click(findTestObject(""Object Repository/span_Entrega a domicilio""))",Edge Chromium 131,,,2025-01-20 04:05:26,2025-01-20 04:05:26,0.348s,PASSED
"click(findTestObject(""Difuminado/a_Recojo en tienda""))",Edge Chromium 131,,,2025-01-20 04:05:26,2025-01-20 04:05:27,0.348s,PASSED
"verifyElementPresent(findTestObject(""Object Repository/div_No se encontr oficinas en el destino se_5eeb82""), 0)",Edge Chromium 131,,,2025-01-20 04:05:27,2025-01-20 04:05:27,0.316s,PASSED
"verifyElementText(findTestObject(""Object Repository/p_No se encontr oficinas en el destino sele_1183e7""), ""No se encontró oficinas en el destino seleccionado."")",Edge Chromium 131,,,2025-01-20 04:05:27,2025-01-20 04:05:27,0.333s,PASSED
"click(findTestObject(""D, O, DO/button_Acept_D""))",Edge Chromium 131,,,2025-01-20 04:05:27,2025-01-20 04:05:28,0.349s,PASSED
"scrollToElement(findTestObject(""Object Repository/Registro de envíos/Test cases/button_TipDocument""), 0, STOP_ON_FAILURE)",Edge Chromium 131,,,2025-01-20 04:05:28,2025-01-20 04:05:28,0.319s,PASSED
"click(findTestObject(""Object Repository/Registro de envíos/Test cases/button_TipDocument""), STOP_ON_FAILURE)",Edge Chromium 131,,,2025-01-20 04:05:28,2025-01-20 04:05:28,0.354s,PASSED
"click(findTestObject(""Object Repository/a_RUC""))",Edge Chromium 131,,,2025-01-20 04:05:28,2025-01-20 04:05:29,0.340s,PASSED
"setText(findTestObject(""Difuminado/input_CARN EXT_txt_consignado_dni""), ""12345678909"")",Edge Chromium 131,,,2025-01-20 04:05:29,2025-01-20 04:05:29,0.692s,PASSED
"click(findTestObject(""Registro de envíos/Test cases/button_cntnuar(1)""))",Edge Chromium 131,,,2025-01-20 04:05:29,2025-01-20 04:05:30,0.550s,PASSED
"scrollToElement(findTestObject(""Object Repository/button_IR A PAGAR S 33.79""), 0)",Edge Chromium 131,,,2025-01-20 04:05:30,2025-01-20 04:05:33,3.347s,PASSED
"click(findTestObject(""Object Repository/button_IR A PAGAR S 33.79""))",Edge Chromium 131,,,2025-01-20 04:05:33,2025-01-20 04:05:34,0.527s,PASSED
"callTestCase(findTestCase(""Registro_Envíos/1.Inicio/3.Pago_envíos/Pago_Efectivo""), [:], STOP_ON_FAILURE)",Edge Chromium 131,,,2025-01-20 04:05:34,2025-01-20 04:05:45,11.054s,PASSED
,,,,,,,
"Test Cases/Registro_Envíos/3. Positivas/1. Paquetes/Origen provincia/3. Destinos D, DO y O/2.Destino_O",Edge Chromium 131,,,2025-01-20 04:05:45,2025-01-20 04:07:03,1m - 17.930s,PASSED
"callTestCase(findTestCase(""Registro_Envíos/1.Inicio/1.Principal/Principal-Home""), [:], STOP_ON_FAILURE)",Edge Chromium 131,,,2025-01-20 04:05:45,2025-01-20 04:05:49,4.411s,PASSED
"callTestCase(findTestCase(""Registro_Envíos/1.Inicio/1.Principal/Selecc_paquete""), [:], STOP_ON_FAILURE)",Edge Chromium 131,,,2025-01-20 04:05:49,2025-01-20 04:05:58,8.576s,PASSED
"callTestCase(findTestCase(""Registro_Envíos/1.Inicio/2.Login/3.Login_CE""), [:], STOP_ON_FAILURE)",Edge Chromium 131,,,2025-01-20 04:05:58,2025-01-20 04:06:00,1.717s,PASSED
"click(findTestObject(""Object Repository/span_Seleccionar artculo""))",Edge Chromium 131,,,2025-01-20 04:06:00,2025-01-20 04:06:00,0.341s,PASSED
"click(findTestObject(""Object Repository/a_CAJA""))",Edge Chromium 131,,,2025-01-20 04:06:00,2025-01-20 04:06:00,0.338s,PASSED
"setText(findTestObject(""Object Repository/Registro de envíos/Test cases/input_pqte_artic""), ""PRUEBA1"", STOP_ON_FAILURE)",Edge Chromium 131,,,2025-01-20 04:06:00,2025-01-20 04:06:01,0.699s,PASSED
"setText(findTestObject(""Object Repository/Registro de envíos/Test cases/input_pqte_val""), ""13"", STOP_ON_FAILURE)",Edge Chromium 131,,,2025-01-20 04:06:01,2025-01-20 04:06:02,0.685s,PASSED
"setText(findTestObject(""Object Repository/Registro de envíos/Test cases/input_pqte_larg""), ""12"", STOP_ON_FAILURE)",Edge Chromium 131,,,2025-01-20 04:06:02,2025-01-20 04:06:02,0.680s,PASSED
"setText(findTestObject(""Object Repository/Registro de envíos/Test cases/input_pqte_anch""), ""14"", STOP_ON_FAILURE)",Edge Chromium 131,,,2025-01-20 04:06:02,2025-01-20 04:06:03,0.667s,PASSED
"setText(findTestObject(""Object Repository/Registro de envíos/Test cases/input_pqte_alt""), ""15"", STOP_ON_FAILURE)",Edge Chromium 131,,,2025-01-20 04:06:03,2025-01-20 04:06:04,0.668s,PASSED
"setText(findTestObject(""Object Repository/Registro de envíos/Test cases/input_pqte_peso""), ""1"", STOP_ON_FAILURE)",Edge Chromium 131,,,2025-01-20 04:06:04,2025-01-20 04:06:04,0.643s,PASSED
"delay(3, STOP_ON_FAILURE)",Edge Chromium 131,,,2025-01-20 04:06:04,2025-01-20 04:06:07,3.007s,PASSED
"click(findTestObject(""Object Repository/Registro de envíos/valorados/Page_Olva Courier  Datos Personales/button_Ingrese el punto de partida""))",Edge Chromium 131,,,2025-01-20 04:06:07,2025-01-20 04:06:08,0.368s,PASSED
"click(findTestObject(""Object Repository/Registro de envíos/valorados/Page_Olva Courier  Datos Personales/span_CHEPEN""))",Edge Chromium 131,,,2025-01-20 04:06:08,2025-01-20 04:06:08,0.400s,PASSED
"click(findTestObject(""Object Repository/Registro de envíos/Test cases/span_PuntLlegad""), STOP_ON_FAILURE)",Edge Chromium 131,,,2025-01-20 04:06:08,2025-01-20 04:06:10,2.028s,PASSED
"click(findTestObject(""Object Repository/Registro de envíos/Test cases/input_PuntLlegad""), STOP_ON_FAILURE)",Edge Chromium 131,,,2025-01-20 04:06:10,2025-01-20 04:06:10,0.346s,PASSED
"setText(findTestObject(""Object Repository/Registro de envíos/Test cases/input_PuntLlegad""), ""aramango"", STOP_ON_FAILURE)",Edge Chromium 131,,,2025-01-20 04:06:10,2025-01-20 04:06:11,0.920s,PASSED
"scrollToElement(findTestObject(""Object Repository/span_AMAZONAS - BAGUA - ARAMANGO""), 0)",Edge Chromium 131,,,2025-01-20 04:06:11,2025-01-20 04:06:12,0.331s,PASSED
"click(findTestObject(""Object Repository/span_AMAZONAS - BAGUA - ARAMANGO""))",Edge Chromium 131,,,2025-01-20 04:06:12,2025-01-20 04:06:14,1.848s,PASSED
"setText(findTestObject(""Registro de envíos/Test cases/input_dir_entreg""), ""ARAMANGO DIRECCIÓN DE PRUEBa"")",Edge Chromium 131,,,2025-01-20 04:06:14,2025-01-20 04:06:14,0.753s,PASSED
"click(findTestObject(""Object Repository/span_Entrega a domicilio""))",Edge Chromium 131,,,2025-01-20 04:06:14,2025-01-20 04:06:15,0.340s,PASSED
"click(findTestObject(""Registro de envíos/Test cases/Girley/a_Recojo en tienda""))",Edge Chromium 131,,,2025-01-20 04:06:15,2025-01-20 04:06:15,0.349s,PASSED
"click(findTestObject(""D, O, DO/button_Acept_D""))",Edge Chromium 131,,,2025-01-20 04:06:15,2025-01-20 04:06:15,0.461s,PASSED
"click(findTestObject(""Object Repository/span_Entrega a domicilio""))",Edge Chromium 131,,,2025-01-20 04:06:15,2025-01-20 04:06:16,0.463s,PASSED
"click(findTestObject(""Registro de envíos/Test cases/a_EntregDomic""))",Edge Chromium 131,,,2025-01-20 04:06:16,2025-01-20 04:06:16,0.345s,PASSED
"setText(findTestObject(""Registro de envíos/Test cases/input_dir_entreg""), ""ARAMANGO DIRECCIÓN DE PRUEBa"")",Edge Chromium 131,,,2025-01-20 04:06:16,2025-01-20 04:06:17,0.749s,PASSED
"setText(findTestObject(""Registro de envíos/Test cases/input_dir_ref""), ""PRUEBa"")",Edge Chromium 131,,,2025-01-20 04:06:17,2025-01-20 04:06:18,0.658s,PASSED
"scrollToElement(findTestObject(""Object Repository/Registro de envíos/Test cases/button_TipDocument""), 0, STOP_ON_FAILURE)",Edge Chromium 131,,,2025-01-20 04:06:18,2025-01-20 04:06:18,0.329s,PASSED
"click(findTestObject(""Object Repository/Registro de envíos/Test cases/button_TipDocument""), STOP_ON_FAILURE)",Edge Chromium 131,,,2025-01-20 04:06:18,2025-01-20 04:06:18,0.341s,PASSED
"click(findTestObject(""Object Repository/span_CARN EXT""))",Edge Chromium 131,,,2025-01-20 04:06:18,2025-01-20 04:06:19,0.347s,PASSED
"setText(findTestObject(""Difuminado/input_CARN EXT_txt_consignado_dni""), ""003680378"")",Edge Chromium 131,,,2025-01-20 04:06:19,2025-01-20 04:06:19,0.696s,PASSED
"click(findTestObject(""Registro de envíos/Test cases/button_cntnuar(1)""))",Edge Chromium 131,,,2025-01-20 04:06:19,2025-01-20 04:06:20,0.320s,PASSED
"click(findTestObject(""Object Repository/a_AGREGAR ENVOS""))",Edge Chromium 131,,,2025-01-20 04:06:20,2025-01-20 04:06:22,2.406s,PASSED
"click(findTestObject(""Difuminado/img_Envo de cajas o paquetescon un peso mxi_37770f""))",Edge Chromium 131,,,2025-01-20 04:06:22,2025-01-20 04:06:23,0.552s,PASSED
"click(findTestObject(""Registro de envíos/Test cases/button_cntnuar""))",Edge Chromium 131,,,2025-01-20 04:06:23,2025-01-20 04:06:23,0.697s,PASSED
delay(5),Edge Chromium 131,,,2025-01-20 04:06:23,2025-01-20 04:06:28,5.004s,PASSED
"setText(findTestObject(""Difuminado/input_Qu Envas_input_descripcion""), ""PRUEBA"")",Edge Chromium 131,,,2025-01-20 04:06:28,2025-01-20 04:06:29,0.668s,PASSED
"setText(findTestObject(""Difuminado/input_Qu Envas_input_valor""), ""12"")",Edge Chromium 131,,,2025-01-20 04:06:29,2025-01-20 04:06:30,0.663s,PASSED
"click(findTestObject(""Difuminado/span_Ingrese el punto de llegada""))",Edge Chromium 131,,,2025-01-20 04:06:30,2025-01-20 04:06:30,0.401s,PASSED
"setText(findTestObject(""Registro de envíos/cargo adjunto/Page_Olva Courier  Datos Personales/input_Ingrese el punto de llegada_form-control""), ""viru"")",Edge Chromium 131,,,2025-01-20 04:06:30,2025-01-20 04:06:31,0.812s,PASSED
"click(findTestObject(""D, O, DO/a_LA LIBERTAD - VIRU - VIRU""))",Edge Chromium 131,,,2025-01-20 04:06:31,2025-01-20 04:06:31,0.420s,PASSED
"click(findTestObject(""D, O, DO/button_Recojo en tienda""))",Edge Chromium 131,,,2025-01-20 04:06:31,2025-01-20 04:06:32,0.357s,PASSED
"click(findTestObject(""D, O, DO/a_Entrega a domicilio""))",Edge Chromium 131,,,2025-01-20 04:06:32,2025-01-20 04:06:32,0.373s,PASSED
"verifyElementPresent(findTestObject(""D, O, DO/div_No se encontr la opcin de entregas a domicilio en el destino seleccionado.                                Aceptar""), 0)",Edge Chromium 131,,,2025-01-20 04:06:32,2025-01-20 04:06:32,0.303s,PASSED
"verifyElementText(findTestObject(""D, O, DO/p_No se encontr la opcin de entregas a domicilio en el destino seleccionado""), ""No se encontró la opción de entregas a domicilio en el destino seleccionado."")",Edge Chromium 131,,,2025-01-20 04:06:32,2025-01-20 04:06:33,0.313s,PASSED
"scrollToElement(findTestObject(""D, O, DO/button_Acept_O""), 0)",Edge Chromium 131,,,2025-01-20 04:06:33,2025-01-20 04:06:33,0.310s,PASSED
"click(findTestObject(""D, O, DO/button_Acept_O""))",Edge Chromium 131,,,2025-01-20 04:06:33,2025-01-20 04:06:33,0.412s,PASSED
"click(findTestObject(""D, O, DO/button_Recojo en tienda""))",Edge Chromium 131,,,2025-01-20 04:06:33,2025-01-20 04:06:34,0.354s,PASSED
"click(findTestObject(""Difuminado/a_Recojo en tienda""))",Edge Chromium 131,,,2025-01-20 04:06:34,2025-01-20 04:06:34,0.419s,PASSED
"click(findTestObject(""D, O, DO/span_Tienda""))",Edge Chromium 131,,,2025-01-20 04:06:34,2025-01-20 04:06:35,0.337s,PASSED
"click(findTestObject(""D, O, DO/span_VIRU - TIENDA VIRU - VIRU - AV PANAMERICANA NORTE NRO 381""))",Edge Chromium 131,,,2025-01-20 04:06:35,2025-01-20 04:06:35,0.377s,PASSED
"scrollToElement(findTestObject(""Object Repository/Registro de envíos/Test cases/button_TipDocument""), 0, STOP_ON_FAILURE)",Edge Chromium 131,,,2025-01-20 04:06:35,2025-01-20 04:06:35,0.320s,PASSED
"click(findTestObject(""Object Repository/Registro de envíos/Test cases/button_TipDocument""), STOP_ON_FAILURE)",Edge Chromium 131,,,2025-01-20 04:06:35,2025-01-20 04:06:36,0.338s,PASSED
"click(findTestObject(""Object Repository/a_RUC""))",Edge Chromium 131,,,2025-01-20 04:06:36,2025-01-20 04:06:36,0.339s,PASSED
"setText(findTestObject(""Difuminado/input_CARN EXT_txt_consignado_dni""), ""12345678909"")",Edge Chromium 131,,,2025-01-20 04:06:36,2025-01-20 04:06:37,0.769s,PASSED
"click(findTestObject(""Registro de envíos/Test cases/button_cntnuar(1)""))",Edge Chromium 131,,,2025-01-20 04:06:37,2025-01-20 04:06:37,0.436s,PASSED
"scrollToElement(findTestObject(""Object Repository/button_IR A PAGAR S 33.79""), 0)",Edge Chromium 131,,,2025-01-20 04:06:37,2025-01-20 04:06:39,1.415s,PASSED
"click(findTestObject(""Object Repository/button_IR A PAGAR S 33.79""))",Edge Chromium 131,,,2025-01-20 04:06:39,2025-01-20 04:06:39,0.358s,PASSED
"setText(findTestObject(""Object Repository/Difuminado/input_Tienes envos con recojo en tienda, se_b85f5d""), ""1"")",Edge Chromium 131,,,2025-01-20 04:06:39,2025-01-20 04:06:40,0.657s,PASSED
"setText(findTestObject(""Object Repository/Difuminado/input_Tienes envos con recojo en tienda, se_af5936""), ""2"")",Edge Chromium 131,,,2025-01-20 04:06:40,2025-01-20 04:06:40,0.653s,PASSED
"setText(findTestObject(""Object Repository/Difuminado/input_Tienes envos con recojo en tienda, se_653975""), ""3"")",Edge Chromium 131,,,2025-01-20 04:06:40,2025-01-20 04:06:41,0.829s,PASSED
"setText(findTestObject(""Object Repository/Difuminado/input_Tienes envos con recojo en tienda, se_8615a0""), ""4"")",Edge Chromium 131,,,2025-01-20 04:06:41,2025-01-20 04:06:42,0.718s,PASSED
"click(findTestObject(""Object Repository/Difuminado/b_Aceptar""))",Edge Chromium 131,,,2025-01-20 04:06:42,2025-01-20 04:06:42,0.336s,PASSED
"callTestCase(findTestCase(""Registro_Envíos/1.Inicio/3.Pago_envíos/Pago_TDC""), [:], STOP_ON_FAILURE)",Edge Chromium 131,,,2025-01-20 04:06:42,2025-01-20 04:07:03,20.592s,PASSED
,,,,,,,
"Test Cases/Registro_Envíos/3. Positivas/1. Paquetes/Origen provincia/3. Destinos D, DO y O/3.Destino_DO",Edge Chromium 131,,,2025-01-20 04:07:03,2025-01-20 04:08:09,1m - 6.127s,PASSED
"callTestCase(findTestCase(""Registro_Envíos/1.Inicio/1.Principal/Principal-Home""), [:], STOP_ON_FAILURE)",Edge Chromium 131,,,2025-01-20 04:07:03,2025-01-20 04:07:07,4.385s,PASSED
"callTestCase(findTestCase(""Registro_Envíos/1.Inicio/1.Principal/Selecc_paquete""), [:], STOP_ON_FAILURE)",Edge Chromium 131,,,2025-01-20 04:07:07,2025-01-20 04:07:16,9.007s,PASSED
"callTestCase(findTestCase(""Registro_Envíos/1.Inicio/2.Login/5.LoginRUC20""), [:], STOP_ON_FAILURE)",Edge Chromium 131,,,2025-01-20 04:07:16,2025-01-20 04:07:20,3.580s,PASSED
"click(findTestObject(""Object Repository/span_Seleccionar artculo""))",Edge Chromium 131,,,2025-01-20 04:07:20,2025-01-20 04:07:20,0.357s,PASSED
"click(findTestObject(""Object Repository/a_CAJA""))",Edge Chromium 131,,,2025-01-20 04:07:20,2025-01-20 04:07:20,0.371s,PASSED
"setText(findTestObject(""Object Repository/Registro de envíos/Test cases/input_pqte_artic""), ""PRUEBA1"", STOP_ON_FAILURE)",Edge Chromium 131,,,2025-01-20 04:07:20,2025-01-20 04:07:21,0.690s,PASSED
"setText(findTestObject(""Object Repository/Registro de envíos/Test cases/input_pqte_val""), ""13"", STOP_ON_FAILURE)",Edge Chromium 131,,,2025-01-20 04:07:21,2025-01-20 04:07:22,0.665s,PASSED
"setText(findTestObject(""Object Repository/Registro de envíos/Test cases/input_pqte_larg""), ""12"", STOP_ON_FAILURE)",Edge Chromium 131,,,2025-01-20 04:07:22,2025-01-20 04:07:23,0.669s,PASSED
"setText(findTestObject(""Object Repository/Registro de envíos/Test cases/input_pqte_anch""), ""14"", STOP_ON_FAILURE)",Edge Chromium 131,,,2025-01-20 04:07:23,2025-01-20 04:07:23,0.684s,PASSED
"setText(findTestObject(""Object Repository/Registro de envíos/Test cases/input_pqte_alt""), ""15"", STOP_ON_FAILURE)",Edge Chromium 131,,,2025-01-20 04:07:23,2025-01-20 04:07:24,0.672s,PASSED
"setText(findTestObject(""Object Repository/Registro de envíos/Test cases/input_pqte_peso""), ""1"", STOP_ON_FAILURE)",Edge Chromium 131,,,2025-01-20 04:07:24,2025-01-20 04:07:25,0.666s,PASSED
delay(2),Edge Chromium 131,,,2025-01-20 04:07:25,2025-01-20 04:07:27,2.017s,PASSED
"click(findTestObject(""Object Repository/Registro de envíos/valorados/Page_Olva Courier  Datos Personales/button_Ingrese el punto de partida""))",Edge Chromium 131,,,2025-01-20 04:07:27,2025-01-20 04:07:27,0.346s,PASSED
"click(findTestObject(""Object Repository/Registro de envíos/valorados/Page_Olva Courier  Datos Personales/a_TRUJILLO""))",Edge Chromium 131,,,2025-01-20 04:07:27,2025-01-20 04:07:27,0.364s,PASSED
"click(findTestObject(""Object Repository/Difuminado/span_Ingrese el punto de llegada""))",Edge Chromium 131,,,2025-01-20 04:07:27,2025-01-20 04:07:31,3.407s,PASSED
"click(findTestObject(""D, O, DO/span_AMAZONAS - BAGUA - BAGUA""))",Edge Chromium 131,,,2025-01-20 04:07:31,2025-01-20 04:07:31,0.571s,PASSED
delay(2),Edge Chromium 131,,,2025-01-20 04:07:31,2025-01-20 04:07:33,2.010s,PASSED
"scrollToElement(findTestObject(""Object Repository/Difuminado/span_Tipo de entrega""), 0)",Edge Chromium 131,,,2025-01-20 04:07:33,2025-01-20 04:07:34,0.319s,PASSED
"click(findTestObject(""Object Repository/Difuminado/span_Tipo de entrega""))",Edge Chromium 131,,,2025-01-20 04:07:34,2025-01-20 04:07:34,0.341s,PASSED
"click(findTestObject(""Object Repository/Difuminado/a_Recojo en tienda""))",Edge Chromium 131,,,2025-01-20 04:07:34,2025-01-20 04:07:34,0.336s,PASSED
"click(findTestObject(""Object Repository/Difuminado/span_Tienda""))",Edge Chromium 131,,,2025-01-20 04:07:34,2025-01-20 04:07:35,1.208s,PASSED
"click(findTestObject(""D, O, DO/span_BAGUA CHICA - BAGUA - PJ ALFONSO UGARTE NRO 171 BAGUA CHICA""))",Edge Chromium 131,,,2025-01-20 04:07:35,2025-01-20 04:07:36,0.348s,PASSED
delay(2),Edge Chromium 131,,,2025-01-20 04:07:36,2025-01-20 04:07:38,2.014s,PASSED
"click(findTestObject(""Object Repository/Difuminado/button_Tipo De Documento""))",Edge Chromium 131,,,2025-01-20 04:07:38,2025-01-20 04:07:38,0.447s,PASSED
"click(findTestObject(""Object Repository/Difuminado/a_DNI""))",Edge Chromium 131,,,2025-01-20 04:07:38,2025-01-20 04:07:39,0.383s,PASSED
"setText(findTestObject(""Object Repository/Difuminado/input_CARN EXT_txt_consignado_dni""), ""12345678"")",Edge Chromium 131,,,2025-01-20 04:07:39,2025-01-20 04:07:39,0.677s,PASSED
delay(3),Edge Chromium 131,,,2025-01-20 04:07:39,2025-01-20 04:07:42,3.012s,PASSED
"verifyElementNotChecked(findTestObject(""Object Repository/Difuminado/span_QAQA""), 0)",Edge Chromium 131,,,2025-01-20 04:07:42,2025-01-20 04:07:46,3.796s,PASSED
"click(findTestObject(""Object Repository/Difuminado/button_CONTINUAR (1)""))",Edge Chromium 131,,,2025-01-20 04:07:46,2025-01-20 04:07:46,0.345s,PASSED
"click(findTestObject(""Object Repository/Difuminado/button_IR A PAGAR S 7.30""))",Edge Chromium 131,,,2025-01-20 04:07:46,2025-01-20 04:07:49,2.657s,PASSED
"setText(findTestObject(""Object Repository/Difuminado/input_Tienes envos con recojo en tienda, se_b85f5d""), ""1"")",Edge Chromium 131,,,2025-01-20 04:07:49,2025-01-20 04:07:50,0.690s,PASSED
"setText(findTestObject(""Object Repository/Difuminado/input_Tienes envos con recojo en tienda, se_af5936""), ""2"")",Edge Chromium 131,,,2025-01-20 04:07:50,2025-01-20 04:07:50,0.661s,PASSED
"setText(findTestObject(""Object Repository/Difuminado/input_Tienes envos con recojo en tienda, se_653975""), ""3"")",Edge Chromium 131,,,2025-01-20 04:07:50,2025-01-20 04:07:51,0.649s,PASSED
"setText(findTestObject(""Object Repository/Difuminado/input_Tienes envos con recojo en tienda, se_8615a0""), ""4"")",Edge Chromium 131,,,2025-01-20 04:07:51,2025-01-20 04:07:52,0.689s,PASSED
"click(findTestObject(""Object Repository/Difuminado/b_Aceptar""))",Edge Chromium 131,,,2025-01-20 04:07:52,2025-01-20 04:07:52,0.335s,PASSED
"callTestCase(findTestCase(""Registro_Envíos/1.Inicio/3.Pago_envíos/Pago_Efectivo""), [:], STOP_ON_FAILURE)",Edge Chromium 131,,,2025-01-20 04:07:52,2025-01-20 04:08:09,16.616s,PASSED
,,,,,,,
Test Cases/Registro_Envíos/3. Positivas/2. Sobres/Origen Lima/2.Girley/Geo sin seleccionar/6. Limpiar y digitar dirección,Edge Chromium 131,,,2025-01-20 04:08:09,2025-01-20 04:09:41,1m - 32.064s,PASSED
"callTestCase(findTestCase(""Registro_Envíos/1.Inicio/1.Principal/Principal-Home""), [:], STOP_ON_FAILURE)",Edge Chromium 131,,,2025-01-20 04:08:09,2025-01-20 04:08:14,4.956s,PASSED
"callTestCase(findTestCase(""Registro_Envíos/1.Inicio/1.Principal/Selecc_sobre""), [:], STOP_ON_FAILURE)",Edge Chromium 131,,,2025-01-20 04:08:14,2025-01-20 04:08:21,7.563s,PASSED
"callTestCase(findTestCase(""Registro_Envíos/1.Inicio/2.Login/6.LoginRUC10""), [:], STOP_ON_FAILURE)",Edge Chromium 131,,,2025-01-20 04:08:21,2025-01-20 04:08:26,4.420s,PASSED
"setText(findTestObject(""Registro de envíos/Test cases/Girley/input_Qu Envas_input_descripcion""), ""GHJK"")",Edge Chromium 131,,,2025-01-20 04:08:26,2025-01-20 04:08:27,0.668s,PASSED
"setText(findTestObject(""Registro de envíos/Test cases/Girley/input_Qu Envas_input_valor""), ""12"")",Edge Chromium 131,,,2025-01-20 04:08:27,2025-01-20 04:08:27,0.654s,PASSED
"click(findTestObject(""Object Repository/Registro de envíos/Test cases/span_PuntPartid""), STOP_ON_FAILURE)",Edge Chromium 131,,,2025-01-20 04:08:27,2025-01-20 04:08:28,0.356s,PASSED
"click(findTestObject(""Object Repository/Registro de envíos/Test cases/a_LIMA""), STOP_ON_FAILURE)",Edge Chromium 131,,,2025-01-20 04:08:28,2025-01-20 04:08:28,0.351s,PASSED
"click(findTestObject(""Object Repository/Registro de envíos/Test cases/span_PuntLlegad""), STOP_ON_FAILURE)",Edge Chromium 131,,,2025-01-20 04:08:28,2025-01-20 04:08:30,2.553s,PASSED
"click(findTestObject(""Object Repository/Registro de envíos/Test cases/input_PuntLlegad""), STOP_ON_FAILURE)",Edge Chromium 131,,,2025-01-20 04:08:30,2025-01-20 04:08:31,0.351s,PASSED
"setText(findTestObject(""Object Repository/Registro de envíos/Test cases/input_PuntLlegad""), ""san borja"", STOP_ON_FAILURE)",Edge Chromium 131,,,2025-01-20 04:08:31,2025-01-20 04:08:32,0.941s,PASSED
"delay(4, STOP_ON_FAILURE)",Edge Chromium 131,,,2025-01-20 04:08:32,2025-01-20 04:08:36,4.013s,PASSED
"scrollToElement(findTestObject(""Object Repository/Registro de envíos/Test cases/span_LIM_SanBorj""), 0, STOP_ON_FAILURE)",Edge Chromium 131,,,2025-01-20 04:08:36,2025-01-20 04:08:36,0.318s,PASSED
"click(findTestObject(""Object Repository/Registro de envíos/Test cases/span_LIM_SanBorj""), STOP_ON_FAILURE)",Edge Chromium 131,,,2025-01-20 04:08:36,2025-01-20 04:08:37,0.543s,PASSED
"click(findTestObject(""Object Repository/Registro de envíos/Test cases/span_TipEntreg""), STOP_ON_FAILURE)",Edge Chromium 131,,,2025-01-20 04:08:37,2025-01-20 04:08:37,0.357s,PASSED
"click(findTestObject(""Object Repository/Registro de envíos/Test cases/a_EntregDomic""), STOP_ON_FAILURE)",Edge Chromium 131,,,2025-01-20 04:08:37,2025-01-20 04:08:39,1.661s,PASSED
"scrollToElement(findTestObject(""Object Repository/Registro de envíos/Test cases/input_dir_entreg""), 0, STOP_ON_FAILURE)",Edge Chromium 131,,,2025-01-20 04:08:39,2025-01-20 04:08:39,0.332s,PASSED
"setText(findTestObject(""Object Repository/Registro de envíos/Test cases/input_dir_entreg""), ""Los Eucaliptos, 555 - San Isidro, Lima"", STOP_ON_FAILURE)",Edge Chromium 131,,,2025-01-20 04:08:39,2025-01-20 04:08:40,0.813s,PASSED
"click(findTestObject(""Registro de envíos/Test cases/Girley/ClickFuera""))",Edge Chromium 131,,,2025-01-20 04:08:40,2025-01-20 04:08:42,1.901s,PASSED
"scrollToElement(findTestObject(""Object Repository/Registro de envíos/Test cases/input_dir_ref""), 0, STOP_ON_FAILURE)",Edge Chromium 131,,,2025-01-20 04:08:42,2025-01-20 04:08:42,0.329s,PASSED
"setText(findTestObject(""Object Repository/Registro de envíos/Test cases/input_dir_ref""), ""ABC"", STOP_ON_FAILURE)",Edge Chromium 131,,,2025-01-20 04:08:42,2025-01-20 04:08:43,0.669s,PASSED
delay(2),Edge Chromium 131,,,2025-01-20 04:08:43,2025-01-20 04:08:45,2.010s,PASSED
"click(findTestObject(""Registro de envíos/Test cases/Girley/Limpiar""))",Edge Chromium 131,,,2025-01-20 04:08:45,2025-01-20 04:08:45,0.342s,PASSED
delay(3),Edge Chromium 131,,,2025-01-20 04:08:45,2025-01-20 04:08:48,3.012s,PASSED
"setText(findTestObject(""Object Repository/Registro de envíos/Test cases/input_dir_entreg""), ""Los Eucaliptos, 555 - San Isidro, Lima"", STOP_ON_FAILURE)",Edge Chromium 131,,,2025-01-20 04:08:48,2025-01-20 04:08:49,0.804s,PASSED
"click(findTestObject(""Registro de envíos/Test cases/Girley/ClickFuera""))",Edge Chromium 131,,,2025-01-20 04:08:49,2025-01-20 04:08:50,1.511s,PASSED
"scrollToElement(findTestObject(""Object Repository/Registro de envíos/Test cases/input_dir_ref""), 0, STOP_ON_FAILURE)",Edge Chromium 131,,,2025-01-20 04:08:50,2025-01-20 04:08:51,0.311s,PASSED
"setText(findTestObject(""Object Repository/Registro de envíos/Test cases/input_dir_ref""), ""ABC"", STOP_ON_FAILURE)",Edge Chromium 131,,,2025-01-20 04:08:51,2025-01-20 04:08:51,0.674s,PASSED
delay(2),Edge Chromium 131,,,2025-01-20 04:08:51,2025-01-20 04:08:53,2.002s,PASSED
"scrollToElement(findTestObject(""Registro de envíos/Test cases/Girley/validac_Destino""), 0)",Edge Chromium 131,,,2025-01-20 04:08:53,2025-01-20 04:08:54,0.319s,PASSED
delay(2),Edge Chromium 131,,,2025-01-20 04:08:54,2025-01-20 04:08:56,2.011s,PASSED
"scrollToElement(findTestObject(""Object Repository/Registro de envíos/Test cases/button_TipDocument""), 0, STOP_ON_FAILURE)",Edge Chromium 131,,,2025-01-20 04:08:56,2025-01-20 04:08:56,0.361s,PASSED
"click(findTestObject(""Object Repository/Registro de envíos/Test cases/button_TipDocument""), STOP_ON_FAILURE)",Edge Chromium 131,,,2025-01-20 04:08:56,2025-01-20 04:08:56,0.382s,PASSED
"click(findTestObject(""Object Repository/Registro de envíos/Test cases/a_DNI""), STOP_ON_FAILURE)",Edge Chromium 131,,,2025-01-20 04:08:56,2025-01-20 04:08:57,0.355s,PASSED
"setText(findTestObject(""Object Repository/Registro de envíos/Test cases/input_Consig_dni""), ""12345678"", STOP_ON_FAILURE)",Edge Chromium 131,,,2025-01-20 04:08:57,2025-01-20 04:08:57,0.690s,PASSED
"verifyElementPresent(findTestObject(""Object Repository/Registro de envíos/Test cases/div_PINTO""), 0, STOP_ON_FAILURE)",Edge Chromium 131,,,2025-01-20 04:08:57,2025-01-20 04:09:01,3.157s,PASSED
"scrollToElement(findTestObject(""Object Repository/Registro de envíos/Test cases/button_cntnuar(1)""), 0, STOP_ON_FAILURE)",Edge Chromium 131,,,2025-01-20 04:09:01,2025-01-20 04:09:01,0.317s,PASSED
"click(findTestObject(""Object Repository/Registro de envíos/Test cases/button_cntnuar(1)""), STOP_ON_FAILURE)",Edge Chromium 131,,,2025-01-20 04:09:01,2025-01-20 04:09:01,0.476s,PASSED
"verifyElementText(findTestObject(""Object Repository/Registro de envíos/Test cases/th_lima""), ""Lima"", STOP_ON_FAILURE)",Edge Chromium 131,,,2025-01-20 04:09:01,2025-01-20 04:09:13,11.402s,PASSED
"verifyElementText(findTestObject(""Object Repository/Registro de envíos/Test cases/th_EntregDomic""), ""Entrega A Domicilio"", STOP_ON_FAILURE)",Edge Chromium 131,,,2025-01-20 04:09:13,2025-01-20 04:09:13,0.324s,PASSED
"verifyElementPresent(findTestObject(""Object Repository/Registro de envíos/Test cases/th_7.30""), 0, STOP_ON_FAILURE)",Edge Chromium 131,,,2025-01-20 04:09:13,2025-01-20 04:09:13,0.314s,PASSED
"verifyElementPresent(findTestObject(""Object Repository/Registro de envíos/Test cases/th_0.00""), 0, STOP_ON_FAILURE)",Edge Chromium 131,,,2025-01-20 04:09:13,2025-01-20 04:09:14,0.292s,PASSED
"scrollToElement(findTestObject(""Object Repository/Registro de envíos/Test cases/1-Principal/button_IR A PAGAR S 7.30""), 0)",Edge Chromium 131,,,2025-01-20 04:09:14,2025-01-20 04:09:14,0.325s,PASSED
"click(findTestObject(""Object Repository/Registro de envíos/Test cases/1-Principal/button_IR A PAGAR S 7.30""))",Edge Chromium 131,,,2025-01-20 04:09:14,2025-01-20 04:09:14,0.338s,PASSED
"callTestCase(findTestCase(""Registro_Envíos/1.Inicio/3.Pago_envíos/Pago_TDC""), [:], STOP_ON_FAILURE)",Edge Chromium 131,,,2025-01-20 04:09:14,2025-01-20 04:09:41,26.403s,PASSED
,,,,,,,
Test Cases/Registro_Envíos/3. Positivas/2. Sobres/Origen Lima/2.Girley/Geo sin seleccionar/5. Dirección distinta al destino,Edge Chromium 131,,,2025-01-20 04:09:41,2025-01-20 04:11:01,1m - 19.871s,PASSED
"callTestCase(findTestCase(""Registro_Envíos/1.Inicio/1.Principal/Principal-Home""), [:], STOP_ON_FAILURE)",Edge Chromium 131,,,2025-01-20 04:09:41,2025-01-20 04:09:45,4.368s,PASSED
"callTestCase(findTestCase(""Registro_Envíos/1.Inicio/1.Principal/Selecc_sobre""), [:], STOP_ON_FAILURE)",Edge Chromium 131,,,2025-01-20 04:09:45,2025-01-20 04:09:53,7.709s,PASSED
"callTestCase(findTestCase(""Registro_Envíos/1.Inicio/2.Login/5.LoginRUC20""), [:], STOP_ON_FAILURE)",Edge Chromium 131,,,2025-01-20 04:09:53,2025-01-20 04:09:58,4.454s,PASSED
"setText(findTestObject(""Registro de envíos/Test cases/Girley/input_Qu Envas_input_descripcion""), ""GHJK"")",Edge Chromium 131,,,2025-01-20 04:09:58,2025-01-20 04:09:58,0.691s,PASSED
"setText(findTestObject(""Registro de envíos/Test cases/Girley/input_Qu Envas_input_valor""), ""12"")",Edge Chromium 131,,,2025-01-20 04:09:58,2025-01-20 04:09:59,0.657s,PASSED
"click(findTestObject(""Object Repository/Registro de envíos/Test cases/span_PuntPartid""), STOP_ON_FAILURE)",Edge Chromium 131,,,2025-01-20 04:09:59,2025-01-20 04:09:59,0.357s,PASSED
"click(findTestObject(""Object Repository/Registro de envíos/Test cases/a_LIMA""), STOP_ON_FAILURE)",Edge Chromium 131,,,2025-01-20 04:09:59,2025-01-20 04:10:00,0.359s,PASSED
"click(findTestObject(""Object Repository/Registro de envíos/Test cases/span_PuntLlegad""), STOP_ON_FAILURE)",Edge Chromium 131,,,2025-01-20 04:10:00,2025-01-20 04:10:02,2.244s,PASSED
"click(findTestObject(""Object Repository/Registro de envíos/Test cases/input_PuntLlegad""), STOP_ON_FAILURE)",Edge Chromium 131,,,2025-01-20 04:10:02,2025-01-20 04:10:02,0.367s,PASSED
"setText(findTestObject(""Object Repository/Registro de envíos/Test cases/input_PuntLlegad""), ""san borja"", STOP_ON_FAILURE)",Edge Chromium 131,,,2025-01-20 04:10:02,2025-01-20 04:10:03,0.934s,PASSED
"delay(4, STOP_ON_FAILURE)",Edge Chromium 131,,,2025-01-20 04:10:03,2025-01-20 04:10:07,4.015s,PASSED
"scrollToElement(findTestObject(""Object Repository/Registro de envíos/Test cases/span_LIM_SanBorj""), 0, STOP_ON_FAILURE)",Edge Chromium 131,,,2025-01-20 04:10:07,2025-01-20 04:10:07,0.316s,PASSED
"click(findTestObject(""Object Repository/Registro de envíos/Test cases/span_LIM_SanBorj""), STOP_ON_FAILURE)",Edge Chromium 131,,,2025-01-20 04:10:07,2025-01-20 04:10:08,0.416s,PASSED
"click(findTestObject(""Object Repository/Registro de envíos/Test cases/span_TipEntreg""), STOP_ON_FAILURE)",Edge Chromium 131,,,2025-01-20 04:10:08,2025-01-20 04:10:08,0.347s,PASSED
"click(findTestObject(""Object Repository/Registro de envíos/Test cases/a_EntregDomic""), STOP_ON_FAILURE)",Edge Chromium 131,,,2025-01-20 04:10:08,2025-01-20 04:10:10,1.620s,PASSED
"scrollToElement(findTestObject(""Object Repository/Registro de envíos/Test cases/input_dir_entreg""), 0, STOP_ON_FAILURE)",Edge Chromium 131,,,2025-01-20 04:10:10,2025-01-20 04:10:10,0.363s,PASSED
"setText(findTestObject(""Object Repository/Registro de envíos/Test cases/input_dir_entreg""), ""Los Eucaliptos, 555 - San Isidro, Lima"", STOP_ON_FAILURE)",Edge Chromium 131,,,2025-01-20 04:10:10,2025-01-20 04:10:11,0.865s,PASSED
"click(findTestObject(""Registro de envíos/Test cases/Girley/ClickFuera""))",Edge Chromium 131,,,2025-01-20 04:10:11,2025-01-20 04:10:13,2.006s,PASSED
"scrollToElement(findTestObject(""Object Repository/Registro de envíos/Test cases/input_dir_ref""), 0, STOP_ON_FAILURE)",Edge Chromium 131,,,2025-01-20 04:10:13,2025-01-20 04:10:13,0.336s,PASSED
"setText(findTestObject(""Object Repository/Registro de envíos/Test cases/input_dir_ref""), ""ABC"", STOP_ON_FAILURE)",Edge Chromium 131,,,2025-01-20 04:10:13,2025-01-20 04:10:14,0.679s,PASSED
delay(2),Edge Chromium 131,,,2025-01-20 04:10:14,2025-01-20 04:10:16,2.013s,PASSED
"scrollToElement(findTestObject(""Object Repository/Registro de envíos/Test cases/button_TipDocument""), 0, STOP_ON_FAILURE)",Edge Chromium 131,,,2025-01-20 04:10:16,2025-01-20 04:10:16,0.311s,PASSED
"click(findTestObject(""Object Repository/Registro de envíos/Test cases/button_TipDocument""), STOP_ON_FAILURE)",Edge Chromium 131,,,2025-01-20 04:10:16,2025-01-20 04:10:17,0.337s,PASSED
"click(findTestObject(""Object Repository/Registro de envíos/Test cases/a_DNI""), STOP_ON_FAILURE)",Edge Chromium 131,,,2025-01-20 04:10:17,2025-01-20 04:10:17,0.415s,PASSED
"setText(findTestObject(""Object Repository/Registro de envíos/Test cases/input_Consig_dni""), ""12345678"", STOP_ON_FAILURE)",Edge Chromium 131,,,2025-01-20 04:10:17,2025-01-20 04:10:18,0.654s,PASSED
"verifyElementPresent(findTestObject(""Object Repository/Registro de envíos/Test cases/div_PINTO""), 0, STOP_ON_FAILURE)",Edge Chromium 131,,,2025-01-20 04:10:18,2025-01-20 04:10:26,7.996s,PASSED
"scrollToElement(findTestObject(""Object Repository/Registro de envíos/Test cases/button_cntnuar(1)""), 0, STOP_ON_FAILURE)",Edge Chromium 131,,,2025-01-20 04:10:26,2025-01-20 04:10:26,0.328s,PASSED
"click(findTestObject(""Object Repository/Registro de envíos/Test cases/button_cntnuar(1)""), STOP_ON_FAILURE)",Edge Chromium 131,,,2025-01-20 04:10:26,2025-01-20 04:10:27,0.387s,PASSED
"verifyElementText(findTestObject(""Object Repository/Registro de envíos/Test cases/th_lima""), ""Lima"", STOP_ON_FAILURE)",Edge Chromium 131,,,2025-01-20 04:10:27,2025-01-20 04:10:35,8.154s,PASSED
"verifyElementText(findTestObject(""Object Repository/Registro de envíos/Test cases/th_EntregDomic""), ""Entrega A Domicilio"", STOP_ON_FAILURE)",Edge Chromium 131,,,2025-01-20 04:10:35,2025-01-20 04:10:35,0.390s,PASSED
"verifyElementPresent(findTestObject(""Object Repository/Registro de envíos/Test cases/th_7.30""), 0, STOP_ON_FAILURE)",Edge Chromium 131,,,2025-01-20 04:10:35,2025-01-20 04:10:35,0.296s,PASSED
"verifyElementPresent(findTestObject(""Object Repository/Registro de envíos/Test cases/th_0.00""), 0, STOP_ON_FAILURE)",Edge Chromium 131,,,2025-01-20 04:10:35,2025-01-20 04:10:36,0.300s,PASSED
"click(findTestObject(""Object Repository/Registro de envíos/Test cases/1-Principal/button_IR A PAGAR S 7.30""))",Edge Chromium 131,,,2025-01-20 04:10:36,2025-01-20 04:10:36,0.328s,PASSED
"callTestCase(findTestCase(""Registro_Envíos/1.Inicio/3.Pago_envíos/Pago_TDC""), [:], STOP_ON_FAILURE)",Edge Chromium 131,,,2025-01-20 04:10:36,2025-01-20 04:11:01,24.721s,PASSED
,,,,,,,
Test Cases/Registro_Envíos/3. Positivas/2. Sobres/Origen Lima/2.Girley/Geo sin seleccionar/4. Dirección nueva,Edge Chromium 131,,,2025-01-20 04:11:01,2025-01-20 04:12:15,1m - 14.153s,PASSED
"callTestCase(findTestCase(""Registro_Envíos/1.Inicio/1.Principal/Principal-Home""), [:], STOP_ON_FAILURE)",Edge Chromium 131,,,2025-01-20 04:11:01,2025-01-20 04:11:05,4.465s,PASSED
"callTestCase(findTestCase(""Registro_Envíos/1.Inicio/1.Principal/Selecc_sobre""), [:], STOP_ON_FAILURE)",Edge Chromium 131,,,2025-01-20 04:11:05,2025-01-20 04:11:13,7.652s,PASSED
"callTestCase(findTestCase(""Registro_Envíos/1.Inicio/2.Login/1.Login_DNI""), [:], STOP_ON_FAILURE)",Edge Chromium 131,,,2025-01-20 04:11:13,2025-01-20 04:11:17,3.910s,PASSED
"setText(findTestObject(""Registro de envíos/valorados/Page_Olva Courier  Datos Personales/input_Qu Envas_input_descripcion""), ""GHJK"")",Edge Chromium 131,,,2025-01-20 04:11:17,2025-01-20 04:11:18,0.688s,PASSED
"setText(findTestObject(""Registro de envíos/valorados/Page_Olva Courier  Datos Personales/input_Qu Envas_input_valor""), ""12"")",Edge Chromium 131,,,2025-01-20 04:11:18,2025-01-20 04:11:18,0.637s,PASSED
"click(findTestObject(""Object Repository/Registro de envíos/Test cases/span_PuntPartid""), STOP_ON_FAILURE)",Edge Chromium 131,,,2025-01-20 04:11:18,2025-01-20 04:11:19,0.356s,PASSED
"click(findTestObject(""Object Repository/Registro de envíos/Test cases/a_LIMA""), STOP_ON_FAILURE)",Edge Chromium 131,,,2025-01-20 04:11:19,2025-01-20 04:11:19,0.349s,PASSED
"click(findTestObject(""Object Repository/Registro de envíos/Test cases/span_PuntLlegad""), STOP_ON_FAILURE)",Edge Chromium 131,,,2025-01-20 04:11:19,2025-01-20 04:11:22,2.806s,PASSED
"delay(3, STOP_ON_FAILURE)",Edge Chromium 131,,,2025-01-20 04:11:22,2025-01-20 04:11:25,3.007s,PASSED
"click(findTestObject(""Object Repository/Registro de envíos/Test cases/input_PuntLlegad""), STOP_ON_FAILURE)",Edge Chromium 131,,,2025-01-20 04:11:25,2025-01-20 04:11:25,0.343s,PASSED
"setText(findTestObject(""Object Repository/Registro de envíos/Test cases/input_PuntLlegad""), ""san borja"", STOP_ON_FAILURE)",Edge Chromium 131,,,2025-01-20 04:11:25,2025-01-20 04:11:26,0.950s,PASSED
"delay(4, STOP_ON_FAILURE)",Edge Chromium 131,,,2025-01-20 04:11:26,2025-01-20 04:11:30,4.012s,PASSED
"scrollToElement(findTestObject(""Object Repository/Registro de envíos/Test cases/span_LIM_SanBorj""), 0, STOP_ON_FAILURE)",Edge Chromium 131,,,2025-01-20 04:11:30,2025-01-20 04:11:30,0.330s,PASSED
"click(findTestObject(""Object Repository/Registro de envíos/Test cases/span_LIM_SanBorj""), STOP_ON_FAILURE)",Edge Chromium 131,,,2025-01-20 04:11:30,2025-01-20 04:11:31,0.415s,PASSED
"click(findTestObject(""Object Repository/Registro de envíos/Test cases/span_TipEntreg""), STOP_ON_FAILURE)",Edge Chromium 131,,,2025-01-20 04:11:31,2025-01-20 04:11:31,0.352s,PASSED
"click(findTestObject(""Object Repository/Registro de envíos/Test cases/a_EntregDomic""), STOP_ON_FAILURE)",Edge Chromium 131,,,2025-01-20 04:11:31,2025-01-20 04:11:33,1.629s,PASSED
"scrollToElement(findTestObject(""Object Repository/Registro de envíos/Test cases/input_dir_entreg""), 0, STOP_ON_FAILURE)",Edge Chromium 131,,,2025-01-20 04:11:33,2025-01-20 04:11:33,0.320s,PASSED
"setText(findTestObject(""Object Repository/Registro de envíos/Test cases/input_dir_entreg""), ""Calle De Las Bellas Artes 122, San Borja, Lima, Lima, Perú"", STOP_ON_FAILURE)",Edge Chromium 131,,,2025-01-20 04:11:33,2025-01-20 04:11:34,0.893s,PASSED
"click(findTestObject(""Registro de envíos/Test cases/Girley/ClickFuera""))",Edge Chromium 131,,,2025-01-20 04:11:34,2025-01-20 04:11:37,2.579s,PASSED
"scrollToElement(findTestObject(""Object Repository/Registro de envíos/Test cases/input_dir_ref""), 0, STOP_ON_FAILURE)",Edge Chromium 131,,,2025-01-20 04:11:37,2025-01-20 04:11:37,0.316s,PASSED
"setText(findTestObject(""Object Repository/Registro de envíos/Test cases/input_dir_ref""), ""ABC"", STOP_ON_FAILURE)",Edge Chromium 131,,,2025-01-20 04:11:37,2025-01-20 04:11:38,0.806s,PASSED
"scrollToElement(findTestObject(""Object Repository/Registro de envíos/Test cases/button_TipDocument""), 0, STOP_ON_FAILURE)",Edge Chromium 131,,,2025-01-20 04:11:38,2025-01-20 04:11:38,0.331s,PASSED
"click(findTestObject(""Object Repository/Registro de envíos/Test cases/button_TipDocument""), STOP_ON_FAILURE)",Edge Chromium 131,,,2025-01-20 04:11:38,2025-01-20 04:11:38,0.346s,PASSED
"click(findTestObject(""Object Repository/Registro de envíos/Test cases/a_DNI""), STOP_ON_FAILURE)",Edge Chromium 131,,,2025-01-20 04:11:38,2025-01-20 04:11:39,0.352s,PASSED
"setText(findTestObject(""Object Repository/Registro de envíos/Test cases/input_Consig_dni""), ""12345678"", STOP_ON_FAILURE)",Edge Chromium 131,,,2025-01-20 04:11:39,2025-01-20 04:11:39,0.701s,PASSED
"verifyElementPresent(findTestObject(""Object Repository/Registro de envíos/Test cases/div_PINTO""), 0, STOP_ON_FAILURE)",Edge Chromium 131,,,2025-01-20 04:11:39,2025-01-20 04:11:48,8.667s,PASSED
"scrollToElement(findTestObject(""Object Repository/Registro de envíos/Test cases/button_cntnuar(1)""), 0, STOP_ON_FAILURE)",Edge Chromium 131,,,2025-01-20 04:11:48,2025-01-20 04:11:48,0.312s,PASSED
"click(findTestObject(""Object Repository/Registro de envíos/Test cases/button_cntnuar(1)""), STOP_ON_FAILURE)",Edge Chromium 131,,,2025-01-20 04:11:48,2025-01-20 04:11:49,0.393s,PASSED
"verifyElementText(findTestObject(""Object Repository/Registro de envíos/Test cases/th_lima""), ""Lima"", STOP_ON_FAILURE)",Edge Chromium 131,,,2025-01-20 04:11:49,2025-01-20 04:11:52,3.076s,PASSED
"verifyElementText(findTestObject(""Object Repository/Registro de envíos/Test cases/th_EntregDomic""), ""Entrega A Domicilio"", STOP_ON_FAILURE)",Edge Chromium 131,,,2025-01-20 04:11:52,2025-01-20 04:11:52,0.310s,PASSED
"verifyElementPresent(findTestObject(""Object Repository/Registro de envíos/Test cases/th_7.30""), 0, STOP_ON_FAILURE)",Edge Chromium 131,,,2025-01-20 04:11:52,2025-01-20 04:11:52,0.311s,PASSED
"verifyElementPresent(findTestObject(""Object Repository/Registro de envíos/Test cases/th_0.00""), 0, STOP_ON_FAILURE)",Edge Chromium 131,,,2025-01-20 04:11:52,2025-01-20 04:11:53,0.297s,PASSED
"click(findTestObject(""Object Repository/Registro de envíos/Test cases/1-Principal/button_IR A PAGAR S 7.30""))",Edge Chromium 131,,,2025-01-20 04:11:53,2025-01-20 04:11:53,0.333s,PASSED
"callTestCase(findTestCase(""Registro_Envíos/1.Inicio/3.Pago_envíos/Pago_TDC""), [:], STOP_ON_FAILURE)",Edge Chromium 131,,,2025-01-20 04:11:53,2025-01-20 04:12:15,21.773s,PASSED
,,,,,,,
Test Cases/Registro_Envíos/3. Positivas/2. Sobres/Origen Lima/2.Girley/Geo sin seleccionar/3. Cambio por dirección a tienda,Edge Chromium 131,,,2025-01-20 04:12:15,2025-01-20 04:13:27,1m - 11.852s,PASSED
"callTestCase(findTestCase(""Registro_Envíos/1.Inicio/1.Principal/Principal-Home""), [:], STOP_ON_FAILURE)",Edge Chromium 131,,,2025-01-20 04:12:15,2025-01-20 04:12:19,4.355s,PASSED
"callTestCase(findTestCase(""Registro_Envíos/1.Inicio/1.Principal/Selecc_sobre""), [:], STOP_ON_FAILURE)",Edge Chromium 131,,,2025-01-20 04:12:19,2025-01-20 04:12:27,8.066s,PASSED
"callTestCase(findTestCase(""Registro_Envíos/1.Inicio/2.Login/1.Login_DNI""), [:], STOP_ON_FAILURE)",Edge Chromium 131,,,2025-01-20 04:12:27,2025-01-20 04:12:32,4.248s,PASSED
"setText(findTestObject(""Registro de envíos/valorados/Page_Olva Courier  Datos Personales/input_Qu Envas_input_descripcion""), ""GHJK"")",Edge Chromium 131,,,2025-01-20 04:12:32,2025-01-20 04:12:32,0.670s,PASSED
"setText(findTestObject(""Registro de envíos/valorados/Page_Olva Courier  Datos Personales/input_Qu Envas_input_valor""), ""12"")",Edge Chromium 131,,,2025-01-20 04:12:32,2025-01-20 04:12:33,0.705s,PASSED
"click(findTestObject(""Object Repository/Registro de envíos/Test cases/span_PuntPartid""), STOP_ON_FAILURE)",Edge Chromium 131,,,2025-01-20 04:12:33,2025-01-20 04:12:33,0.345s,PASSED
"click(findTestObject(""Object Repository/Registro de envíos/Test cases/a_LIMA""), STOP_ON_FAILURE)",Edge Chromium 131,,,2025-01-20 04:12:33,2025-01-20 04:12:34,0.356s,PASSED
"click(findTestObject(""Object Repository/Registro de envíos/Test cases/span_PuntLlegad""), STOP_ON_FAILURE)",Edge Chromium 131,,,2025-01-20 04:12:34,2025-01-20 04:12:36,2.133s,PASSED
"click(findTestObject(""Object Repository/Registro de envíos/Test cases/input_PuntLlegad""), STOP_ON_FAILURE)",Edge Chromium 131,,,2025-01-20 04:12:36,2025-01-20 04:12:36,0.451s,PASSED
"setText(findTestObject(""Object Repository/Registro de envíos/Test cases/input_PuntLlegad""), ""san borja"", STOP_ON_FAILURE)",Edge Chromium 131,,,2025-01-20 04:12:36,2025-01-20 04:12:37,0.970s,PASSED
"delay(4, STOP_ON_FAILURE)",Edge Chromium 131,,,2025-01-20 04:12:37,2025-01-20 04:12:41,4.011s,PASSED
"scrollToElement(findTestObject(""Object Repository/Registro de envíos/Test cases/span_LIM_SanBorj""), 0, STOP_ON_FAILURE)",Edge Chromium 131,,,2025-01-20 04:12:41,2025-01-20 04:12:42,0.329s,PASSED
"click(findTestObject(""Object Repository/Registro de envíos/Test cases/span_LIM_SanBorj""), STOP_ON_FAILURE)",Edge Chromium 131,,,2025-01-20 04:12:42,2025-01-20 04:12:42,0.412s,PASSED
"click(findTestObject(""Object Repository/Registro de envíos/Test cases/span_TipEntreg""), STOP_ON_FAILURE)",Edge Chromium 131,,,2025-01-20 04:12:42,2025-01-20 04:12:42,0.352s,PASSED
"click(findTestObject(""Object Repository/Registro de envíos/Test cases/a_EntregDomic""), STOP_ON_FAILURE)",Edge Chromium 131,,,2025-01-20 04:12:42,2025-01-20 04:12:44,1.648s,PASSED
"scrollToElement(findTestObject(""Object Repository/Registro de envíos/Test cases/input_dir_entreg""), 0, STOP_ON_FAILURE)",Edge Chromium 131,,,2025-01-20 04:12:44,2025-01-20 04:12:44,0.307s,PASSED
"setText(findTestObject(""Object Repository/Registro de envíos/Test cases/input_dir_entreg""), ""COMANDANTE ESPINAR 659, MIRAFLORES, LIMA, LIMA, PERU"", STOP_ON_FAILURE)",Edge Chromium 131,,,2025-01-20 04:12:44,2025-01-20 04:12:45,0.883s,PASSED
delay(3),Edge Chromium 131,,,2025-01-20 04:12:45,2025-01-20 04:12:48,3.003s,PASSED
"click(findTestObject(""Registro de envíos/Test cases/Girley/ClickFuera""))",Edge Chromium 131,,,2025-01-20 04:12:48,2025-01-20 04:12:49,0.353s,PASSED
delay(2),Edge Chromium 131,,,2025-01-20 04:12:49,2025-01-20 04:12:51,2.008s,PASSED
"scrollToElement(findTestObject(""Object Repository/Registro de envíos/Test cases/input_dir_ref""), 0, STOP_ON_FAILURE)",Edge Chromium 131,,,2025-01-20 04:12:51,2025-01-20 04:12:51,0.332s,PASSED
"setText(findTestObject(""Object Repository/Registro de envíos/Test cases/input_dir_ref""), ""ABC"", STOP_ON_FAILURE)",Edge Chromium 131,,,2025-01-20 04:12:51,2025-01-20 04:12:52,0.671s,PASSED
delay(2),Edge Chromium 131,,,2025-01-20 04:12:52,2025-01-20 04:12:54,2.008s,PASSED
"scrollToElement(findTestObject(""Object Repository/Registro de envíos/Test cases/button_TipDocument""), 0, STOP_ON_FAILURE)",Edge Chromium 131,,,2025-01-20 04:12:54,2025-01-20 04:12:54,0.325s,PASSED
"click(findTestObject(""Object Repository/Registro de envíos/Test cases/button_TipDocument""), STOP_ON_FAILURE)",Edge Chromium 131,,,2025-01-20 04:12:54,2025-01-20 04:12:54,0.339s,PASSED
"click(findTestObject(""Object Repository/Registro de envíos/Test cases/a_DNI""), STOP_ON_FAILURE)",Edge Chromium 131,,,2025-01-20 04:12:54,2025-01-20 04:12:55,0.369s,PASSED
"setText(findTestObject(""Object Repository/Registro de envíos/Test cases/input_Consig_dni""), ""12345678"", STOP_ON_FAILURE)",Edge Chromium 131,,,2025-01-20 04:12:55,2025-01-20 04:12:55,0.692s,PASSED
"verifyElementPresent(findTestObject(""Object Repository/Registro de envíos/Test cases/div_PINTO""), 0, STOP_ON_FAILURE)",Edge Chromium 131,,,2025-01-20 04:12:55,2025-01-20 04:13:03,7.177s,PASSED
"scrollToElement(findTestObject(""Object Repository/Registro de envíos/Test cases/button_cntnuar(1)""), 0, STOP_ON_FAILURE)",Edge Chromium 131,,,2025-01-20 04:13:03,2025-01-20 04:13:03,0.310s,PASSED
"click(findTestObject(""Object Repository/Registro de envíos/Test cases/button_cntnuar(1)""), STOP_ON_FAILURE)",Edge Chromium 131,,,2025-01-20 04:13:03,2025-01-20 04:13:03,0.372s,PASSED
delay(6),Edge Chromium 131,,,2025-01-20 04:13:03,2025-01-20 04:13:09,6.008s,PASSED
"verifyElementText(findTestObject(""Object Repository/Registro de envíos/Test cases/th_lima""), ""Lima"", STOP_ON_FAILURE)",Edge Chromium 131,,,2025-01-20 04:13:09,2025-01-20 04:13:10,0.312s,PASSED
"verifyElementPresent(findTestObject(""Object Repository/Registro de envíos/Test cases/th_7.30""), 0, STOP_ON_FAILURE)",Edge Chromium 131,,,2025-01-20 04:13:10,2025-01-20 04:13:10,0.299s,PASSED
"verifyElementPresent(findTestObject(""Object Repository/Registro de envíos/Test cases/th_0.00""), 0, STOP_ON_FAILURE)",Edge Chromium 131,,,2025-01-20 04:13:10,2025-01-20 04:13:10,0.292s,PASSED
"scrollToElement(findTestObject(""Object Repository/Registro de envíos/Test cases/1-Principal/button_IR A PAGAR S 7.30""), 0)",Edge Chromium 131,,,2025-01-20 04:13:10,2025-01-20 04:13:10,0.315s,PASSED
"click(findTestObject(""Object Repository/Registro de envíos/Test cases/1-Principal/button_IR A PAGAR S 7.30""))",Edge Chromium 131,,,2025-01-20 04:13:10,2025-01-20 04:13:11,0.332s,PASSED
"callTestCase(findTestCase(""Registro_Envíos/1.Inicio/3.Pago_envíos/Pago_Tienda""), [:], STOP_ON_FAILURE)",Edge Chromium 131,,,2025-01-20 04:13:11,2025-01-20 04:13:27,15.949s,PASSED
,,,,,,,
Test Cases/Registro_Envíos/3. Positivas/2. Sobres/Origen Lima/2.Girley/Geo sin seleccionar/2. Dirección callao,Edge Chromium 131,,,2025-01-20 04:13:27,2025-01-20 04:14:33,1m - 6.726s,PASSED
"callTestCase(findTestCase(""Registro_Envíos/1.Inicio/1.Principal/Principal-Home""), [:], STOP_ON_FAILURE)",Edge Chromium 131,,,2025-01-20 04:13:27,2025-01-20 04:13:31,4.454s,PASSED
"callTestCase(findTestCase(""Registro_Envíos/1.Inicio/1.Principal/Selecc_sobre""), [:], STOP_ON_FAILURE)",Edge Chromium 131,,,2025-01-20 04:13:31,2025-01-20 04:13:39,7.186s,PASSED
"callTestCase(findTestCase(""Registro_Envíos/1.Inicio/2.Login/4.LoginCE-Colab""), [:], STOP_ON_FAILURE)",Edge Chromium 131,,,2025-01-20 04:13:39,2025-01-20 04:13:41,2.060s,PASSED
"setText(findTestObject(""Registro de envíos/valorados/Page_Olva Courier  Datos Personales/input_Qu Envas_input_descripcion""), ""GHJK"")",Edge Chromium 131,,,2025-01-20 04:13:41,2025-01-20 04:13:41,0.852s,PASSED
"setText(findTestObject(""Registro de envíos/valorados/Page_Olva Courier  Datos Personales/input_Qu Envas_input_valor""), ""12"")",Edge Chromium 131,,,2025-01-20 04:13:41,2025-01-20 04:13:42,0.739s,PASSED
"click(findTestObject(""Object Repository/Registro de envíos/Test cases/span_PuntPartid""), STOP_ON_FAILURE)",Edge Chromium 131,,,2025-01-20 04:13:42,2025-01-20 04:13:43,0.351s,PASSED
"click(findTestObject(""Object Repository/Registro de envíos/Test cases/a_LIMA""), STOP_ON_FAILURE)",Edge Chromium 131,,,2025-01-20 04:13:43,2025-01-20 04:13:43,0.333s,PASSED
"delay(3, STOP_ON_FAILURE)",Edge Chromium 131,,,2025-01-20 04:13:43,2025-01-20 04:13:46,3.003s,PASSED
"verifyElementPresent(findTestObject(""Object Repository/Registro de envíos/Test cases/div_PROMCOLAB""), 0, STOP_ON_FAILURE)",Edge Chromium 131,,,2025-01-20 04:13:46,2025-01-20 04:13:46,0.302s,PASSED
"click(findTestObject(""Object Repository/Registro de envíos/Test cases/span_""), STOP_ON_FAILURE)",Edge Chromium 131,,,2025-01-20 04:13:46,2025-01-20 04:13:47,0.354s,PASSED
"delay(3, STOP_ON_FAILURE)",Edge Chromium 131,,,2025-01-20 04:13:47,2025-01-20 04:13:50,3.007s,PASSED
"click(findTestObject(""Object Repository/Registro de envíos/Test cases/span_PuntLlegad""), STOP_ON_FAILURE)",Edge Chromium 131,,,2025-01-20 04:13:50,2025-01-20 04:13:50,0.449s,PASSED
"click(findTestObject(""Object Repository/Registro de envíos/Test cases/input_PuntLlegad""), STOP_ON_FAILURE)",Edge Chromium 131,,,2025-01-20 04:13:50,2025-01-20 04:13:50,0.357s,PASSED
"setText(findTestObject(""Object Repository/Registro de envíos/Test cases/input_PuntLlegad""), ""san borja"", STOP_ON_FAILURE)",Edge Chromium 131,,,2025-01-20 04:13:50,2025-01-20 04:13:51,0.927s,PASSED
"delay(4, STOP_ON_FAILURE)",Edge Chromium 131,,,2025-01-20 04:13:51,2025-01-20 04:13:55,4.006s,PASSED
"scrollToElement(findTestObject(""Object Repository/Registro de envíos/Test cases/span_LIM_SanBorj""), 0, STOP_ON_FAILURE)",Edge Chromium 131,,,2025-01-20 04:13:55,2025-01-20 04:13:56,0.340s,PASSED
"click(findTestObject(""Object Repository/Registro de envíos/Test cases/span_LIM_SanBorj""), STOP_ON_FAILURE)",Edge Chromium 131,,,2025-01-20 04:13:56,2025-01-20 04:13:56,0.451s,PASSED
"click(findTestObject(""Object Repository/Registro de envíos/Test cases/span_TipEntreg""), STOP_ON_FAILURE)",Edge Chromium 131,,,2025-01-20 04:13:56,2025-01-20 04:13:56,0.356s,PASSED
"click(findTestObject(""Object Repository/Registro de envíos/Test cases/a_EntregDomic""), STOP_ON_FAILURE)",Edge Chromium 131,,,2025-01-20 04:13:56,2025-01-20 04:13:58,1.681s,PASSED
"scrollToElement(findTestObject(""Object Repository/Registro de envíos/Test cases/input_dir_entreg""), 0, STOP_ON_FAILURE)",Edge Chromium 131,,,2025-01-20 04:13:58,2025-01-20 04:13:58,0.368s,PASSED
"setText(findTestObject(""Object Repository/Registro de envíos/Test cases/input_dir_entreg""), ""Jr. Atahualpa No 602, Callao, Callao"", STOP_ON_FAILURE)",Edge Chromium 131,,,2025-01-20 04:13:58,2025-01-20 04:13:59,0.788s,PASSED
"click(findTestObject(""Registro de envíos/Test cases/Girley/ClickFuera""))",Edge Chromium 131,,,2025-01-20 04:13:59,2025-01-20 04:14:01,2.177s,PASSED
"scrollToElement(findTestObject(""Object Repository/Registro de envíos/Test cases/input_dir_ref""), 0, STOP_ON_FAILURE)",Edge Chromium 131,,,2025-01-20 04:14:01,2025-01-20 04:14:02,0.327s,PASSED
"setText(findTestObject(""Object Repository/Registro de envíos/Test cases/input_dir_ref""), ""ABC"", STOP_ON_FAILURE)",Edge Chromium 131,,,2025-01-20 04:14:02,2025-01-20 04:14:02,0.735s,PASSED
"scrollToElement(findTestObject(""Object Repository/Registro de envíos/Test cases/button_TipDocument""), 0, STOP_ON_FAILURE)",Edge Chromium 131,,,2025-01-20 04:14:02,2025-01-20 04:14:03,0.310s,PASSED
"click(findTestObject(""Object Repository/Registro de envíos/Test cases/button_TipDocument""), STOP_ON_FAILURE)",Edge Chromium 131,,,2025-01-20 04:14:03,2025-01-20 04:14:03,0.331s,PASSED
"click(findTestObject(""Object Repository/Registro de envíos/Test cases/a_DNI""), STOP_ON_FAILURE)",Edge Chromium 131,,,2025-01-20 04:14:03,2025-01-20 04:14:03,0.348s,PASSED
"setText(findTestObject(""Object Repository/Registro de envíos/Test cases/input_Consig_dni""), ""12345678"", STOP_ON_FAILURE)",Edge Chromium 131,,,2025-01-20 04:14:03,2025-01-20 04:14:04,0.686s,PASSED
"verifyElementPresent(findTestObject(""Object Repository/Registro de envíos/Test cases/div_PINTO""), 0, STOP_ON_FAILURE)",Edge Chromium 131,,,2025-01-20 04:14:04,2025-01-20 04:14:07,2.987s,PASSED
"scrollToElement(findTestObject(""Object Repository/Registro de envíos/Test cases/button_cntnuar(1)""), 0, STOP_ON_FAILURE)",Edge Chromium 131,,,2025-01-20 04:14:07,2025-01-20 04:14:07,0.328s,PASSED
"click(findTestObject(""Object Repository/Registro de envíos/Test cases/button_cntnuar(1)""), STOP_ON_FAILURE)",Edge Chromium 131,,,2025-01-20 04:14:07,2025-01-20 04:14:08,0.411s,PASSED
"verifyElementText(findTestObject(""Object Repository/Registro de envíos/Test cases/th_lima""), ""Lima"", STOP_ON_FAILURE)",Edge Chromium 131,,,2025-01-20 04:14:08,2025-01-20 04:14:11,3.351s,PASSED
"verifyElementText(findTestObject(""Object Repository/Registro de envíos/Test cases/th_EntregDomic""), ""Entrega A Domicilio"", STOP_ON_FAILURE)",Edge Chromium 131,,,2025-01-20 04:14:11,2025-01-20 04:14:12,0.346s,PASSED
"verifyElementPresent(findTestObject(""Object Repository/Registro de envíos/Test cases/th_7.30""), 0, STOP_ON_FAILURE)",Edge Chromium 131,,,2025-01-20 04:14:12,2025-01-20 04:14:12,0.314s,PASSED
"verifyElementPresent(findTestObject(""Object Repository/Registro de envíos/Test cases/th_0.00""), 0, STOP_ON_FAILURE)",Edge Chromium 131,,,2025-01-20 04:14:12,2025-01-20 04:14:12,0.290s,PASSED
"click(findTestObject(""Object Repository/Registro de envíos/Test cases/1-Principal/button_IR A PAGAR S 7.30""))",Edge Chromium 131,,,2025-01-20 04:14:12,2025-01-20 04:14:13,0.354s,PASSED
"callTestCase(findTestCase(""Registro_Envíos/1.Inicio/3.Pago_envíos/Pago_TDC""), [:], STOP_ON_FAILURE)",Edge Chromium 131,,,2025-01-20 04:14:13,2025-01-20 04:14:33,20.915s,PASSED
,,,,,,,
Test Cases/Registro_Envíos/3. Positivas/2. Sobres/Origen Lima/2.Girley/Geo sin seleccionar/1.Destin_Lima,Edge Chromium 131,,,2025-01-20 04:14:33,2025-01-20 04:15:38,1m - 4.757s,PASSED
"callTestCase(findTestCase(""Registro_Envíos/1.Inicio/1.Principal/Principal-Home""), [:], STOP_ON_FAILURE)",Edge Chromium 131,,,2025-01-20 04:14:34,2025-01-20 04:14:39,4.933s,PASSED
"callTestCase(findTestCase(""Registro_Envíos/1.Inicio/1.Principal/Selecc_sobre""), [:], STOP_ON_FAILURE)",Edge Chromium 131,,,2025-01-20 04:14:39,2025-01-20 04:14:46,7.823s,PASSED
"callTestCase(findTestCase(""Registro_Envíos/1.Inicio/2.Login/3.Login_CE""), [:], STOP_ON_FAILURE)",Edge Chromium 131,,,2025-01-20 04:14:46,2025-01-20 04:14:48,1.819s,PASSED
"setText(findTestObject(""Registro de envíos/valorados/Page_Olva Courier  Datos Personales/input_Qu Envas_input_descripcion""), ""GHJK"")",Edge Chromium 131,,,2025-01-20 04:14:48,2025-01-20 04:14:49,0.657s,PASSED
"setText(findTestObject(""Registro de envíos/valorados/Page_Olva Courier  Datos Personales/input_Qu Envas_input_valor""), ""12"")",Edge Chromium 131,,,2025-01-20 04:14:49,2025-01-20 04:14:50,0.759s,PASSED
"click(findTestObject(""Object Repository/Registro de envíos/Test cases/span_PuntPartid""), STOP_ON_FAILURE)",Edge Chromium 131,,,2025-01-20 04:14:50,2025-01-20 04:14:50,0.349s,PASSED
"click(findTestObject(""Object Repository/Registro de envíos/Test cases/a_LIMA""), STOP_ON_FAILURE)",Edge Chromium 131,,,2025-01-20 04:14:50,2025-01-20 04:14:50,0.351s,PASSED
"click(findTestObject(""Object Repository/Registro de envíos/Test cases/span_PuntLlegad""), STOP_ON_FAILURE)",Edge Chromium 131,,,2025-01-20 04:14:50,2025-01-20 04:14:52,1.944s,PASSED
"click(findTestObject(""Object Repository/Registro de envíos/Test cases/input_PuntLlegad""), STOP_ON_FAILURE)",Edge Chromium 131,,,2025-01-20 04:14:52,2025-01-20 04:14:53,0.365s,PASSED
"setText(findTestObject(""Object Repository/Registro de envíos/Test cases/input_PuntLlegad""), ""san borja"", STOP_ON_FAILURE)",Edge Chromium 131,,,2025-01-20 04:14:53,2025-01-20 04:14:54,0.928s,PASSED
"delay(4, STOP_ON_FAILURE)",Edge Chromium 131,,,2025-01-20 04:14:54,2025-01-20 04:14:58,4.003s,PASSED
"scrollToElement(findTestObject(""Object Repository/Registro de envíos/Test cases/span_LIM_SanBorj""), 0, STOP_ON_FAILURE)",Edge Chromium 131,,,2025-01-20 04:14:58,2025-01-20 04:14:58,0.335s,PASSED
"click(findTestObject(""Object Repository/Registro de envíos/Test cases/span_LIM_SanBorj""), STOP_ON_FAILURE)",Edge Chromium 131,,,2025-01-20 04:14:58,2025-01-20 04:14:58,0.399s,PASSED
"click(findTestObject(""Object Repository/Registro de envíos/Test cases/span_TipEntreg""), STOP_ON_FAILURE)",Edge Chromium 131,,,2025-01-20 04:14:58,2025-01-20 04:14:59,0.410s,PASSED
"click(findTestObject(""Object Repository/Registro de envíos/Test cases/a_EntregDomic""), STOP_ON_FAILURE)",Edge Chromium 131,,,2025-01-20 04:14:59,2025-01-20 04:15:00,1.608s,PASSED
"scrollToElement(findTestObject(""Object Repository/Registro de envíos/Test cases/input_dir_entreg""), 0, STOP_ON_FAILURE)",Edge Chromium 131,,,2025-01-20 04:15:00,2025-01-20 04:15:01,0.330s,PASSED
"setText(findTestObject(""Object Repository/Registro de envíos/Test cases/input_dir_entreg""), ""Calle De Las Bellas Artes 122, San Borja, Lima, Lima, Perú"", STOP_ON_FAILURE)",Edge Chromium 131,,,2025-01-20 04:15:01,2025-01-20 04:15:01,0.859s,PASSED
"click(findTestObject(""Registro de envíos/Test cases/Girley/ClickFuera""))",Edge Chromium 131,,,2025-01-20 04:15:01,2025-01-20 04:15:04,2.579s,PASSED
"scrollToElement(findTestObject(""Object Repository/Registro de envíos/Test cases/input_dir_ref""), 0, STOP_ON_FAILURE)",Edge Chromium 131,,,2025-01-20 04:15:04,2025-01-20 04:15:04,0.330s,PASSED
"setText(findTestObject(""Object Repository/Registro de envíos/Test cases/input_dir_ref""), ""ABC"", STOP_ON_FAILURE)",Edge Chromium 131,,,2025-01-20 04:15:04,2025-01-20 04:15:05,0.667s,PASSED
"scrollToElement(findTestObject(""Object Repository/Registro de envíos/Test cases/button_TipDocument""), 0, STOP_ON_FAILURE)",Edge Chromium 131,,,2025-01-20 04:15:05,2025-01-20 04:15:05,0.315s,PASSED
"click(findTestObject(""Object Repository/Registro de envíos/Test cases/button_TipDocument""), STOP_ON_FAILURE)",Edge Chromium 131,,,2025-01-20 04:15:05,2025-01-20 04:15:06,0.398s,PASSED
"click(findTestObject(""Object Repository/Registro de envíos/Test cases/a_DNI""), STOP_ON_FAILURE)",Edge Chromium 131,,,2025-01-20 04:15:06,2025-01-20 04:15:06,0.352s,PASSED
"setText(findTestObject(""Object Repository/Registro de envíos/Test cases/input_Consig_dni""), ""12345678"", STOP_ON_FAILURE)",Edge Chromium 131,,,2025-01-20 04:15:06,2025-01-20 04:15:07,0.675s,PASSED
"verifyElementPresent(findTestObject(""Object Repository/Registro de envíos/Test cases/div_PINTO""), 0, STOP_ON_FAILURE)",Edge Chromium 131,,,2025-01-20 04:15:07,2025-01-20 04:15:10,2.786s,PASSED
"scrollToElement(findTestObject(""Object Repository/Registro de envíos/Test cases/button_cntnuar(1)""), 0, STOP_ON_FAILURE)",Edge Chromium 131,,,2025-01-20 04:15:10,2025-01-20 04:15:10,0.330s,PASSED
"click(findTestObject(""Object Repository/Registro de envíos/Test cases/button_cntnuar(1)""), STOP_ON_FAILURE)",Edge Chromium 131,,,2025-01-20 04:15:10,2025-01-20 04:15:10,0.367s,PASSED
"verifyElementText(findTestObject(""Object Repository/Registro de envíos/Test cases/th_lima""), ""Lima"", STOP_ON_FAILURE)",Edge Chromium 131,,,2025-01-20 04:15:10,2025-01-20 04:15:15,4.722s,PASSED
"verifyElementText(findTestObject(""Object Repository/Registro de envíos/Test cases/th_EntregDomic""), ""Entrega A Domicilio"", STOP_ON_FAILURE)",Edge Chromium 131,,,2025-01-20 04:15:15,2025-01-20 04:15:15,0.292s,PASSED
"verifyElementText(findTestObject(""Registro de envíos/Test cases/Girley/validac_Destino_Resum""), ""Lima - Lima - San Borja"")",Edge Chromium 131,,,2025-01-20 04:15:15,2025-01-20 04:15:16,0.353s,PASSED
"verifyElementPresent(findTestObject(""Object Repository/Registro de envíos/Test cases/th_7.30""), 0, STOP_ON_FAILURE)",Edge Chromium 131,,,2025-01-20 04:15:16,2025-01-20 04:15:16,0.295s,PASSED
"verifyElementPresent(findTestObject(""Object Repository/Registro de envíos/Test cases/th_0.00""), 0, STOP_ON_FAILURE)",Edge Chromium 131,,,2025-01-20 04:15:16,2025-01-20 04:15:16,0.297s,PASSED
"click(findTestObject(""Object Repository/Registro de envíos/Test cases/1-Principal/button_IR A PAGAR S 7.30""))",Edge Chromium 131,,,2025-01-20 04:15:16,2025-01-20 04:15:17,0.387s,PASSED
"callTestCase(findTestCase(""Registro_Envíos/1.Inicio/3.Pago_envíos/Pago_Tienda""), [:], STOP_ON_FAILURE)",Edge Chromium 131,,,2025-01-20 04:15:17,2025-01-20 04:15:38,21.605s,PASSED
,,,,,,,
Test Cases/Registro_Envíos/3. Positivas/2. Sobres/Origen Lima/2.Girley/7. Limpiar y digitar dirección distinta a destino,Edge Chromium 131,,,2025-01-20 04:15:38,2025-01-20 04:17:13,1m - 34.616s,PASSED
"callTestCase(findTestCase(""Registro_Envíos/1.Inicio/1.Principal/Principal-Home""), [:], STOP_ON_FAILURE)",Edge Chromium 131,,,2025-01-20 04:15:38,2025-01-20 04:15:43,4.952s,PASSED
"callTestCase(findTestCase(""Registro_Envíos/1.Inicio/1.Principal/Selecc_sobre""), [:], STOP_ON_FAILURE)",Edge Chromium 131,,,2025-01-20 04:15:43,2025-01-20 04:15:51,7.804s,PASSED
"callTestCase(findTestCase(""Registro_Envíos/1.Inicio/2.Login/4.LoginCE-Colab""), [:], STOP_ON_FAILURE)",Edge Chromium 131,,,2025-01-20 04:15:51,2025-01-20 04:15:53,2.049s,PASSED
"setText(findTestObject(""Registro de envíos/Test cases/Girley/input_Qu Envas_input_descripcion""), ""GHJK"")",Edge Chromium 131,,,2025-01-20 04:15:53,2025-01-20 04:15:54,0.619s,PASSED
"setText(findTestObject(""Registro de envíos/Test cases/Girley/input_Qu Envas_input_valor""), ""12"")",Edge Chromium 131,,,2025-01-20 04:15:54,2025-01-20 04:15:54,0.642s,PASSED
"click(findTestObject(""Object Repository/Registro de envíos/Test cases/span_PuntPartid""), STOP_ON_FAILURE)",Edge Chromium 131,,,2025-01-20 04:15:54,2025-01-20 04:15:55,0.328s,PASSED
"click(findTestObject(""Object Repository/Registro de envíos/Test cases/a_LIMA""), STOP_ON_FAILURE)",Edge Chromium 131,,,2025-01-20 04:15:55,2025-01-20 04:15:55,0.346s,PASSED
"delay(3, STOP_ON_FAILURE)",Edge Chromium 131,,,2025-01-20 04:15:55,2025-01-20 04:15:58,3.004s,PASSED
"verifyElementPresent(findTestObject(""Object Repository/Registro de envíos/Test cases/div_PROMCOLAB""), 0, STOP_ON_FAILURE)",Edge Chromium 131,,,2025-01-20 04:15:58,2025-01-20 04:15:58,0.301s,PASSED
"click(findTestObject(""Object Repository/Registro de envíos/Test cases/span_""), STOP_ON_FAILURE)",Edge Chromium 131,,,2025-01-20 04:15:58,2025-01-20 04:15:59,0.344s,PASSED
"delay(3, STOP_ON_FAILURE)",Edge Chromium 131,,,2025-01-20 04:15:59,2025-01-20 04:16:02,3.015s,PASSED
"click(findTestObject(""Object Repository/Registro de envíos/Test cases/span_PuntLlegad""), STOP_ON_FAILURE)",Edge Chromium 131,,,2025-01-20 04:16:02,2025-01-20 04:16:02,0.389s,PASSED
"click(findTestObject(""Object Repository/Registro de envíos/Test cases/input_PuntLlegad""), STOP_ON_FAILURE)",Edge Chromium 131,,,2025-01-20 04:16:02,2025-01-20 04:16:03,0.369s,PASSED
"setText(findTestObject(""Object Repository/Registro de envíos/Test cases/input_PuntLlegad""), ""san borja"", STOP_ON_FAILURE)",Edge Chromium 131,,,2025-01-20 04:16:03,2025-01-20 04:16:03,0.935s,PASSED
"delay(4, STOP_ON_FAILURE)",Edge Chromium 131,,,2025-01-20 04:16:03,2025-01-20 04:16:07,4.006s,PASSED
"scrollToElement(findTestObject(""Object Repository/Registro de envíos/Test cases/span_LIM_SanBorj""), 0, STOP_ON_FAILURE)",Edge Chromium 131,,,2025-01-20 04:16:07,2025-01-20 04:16:08,0.315s,PASSED
"click(findTestObject(""Object Repository/Registro de envíos/Test cases/span_LIM_SanBorj""), STOP_ON_FAILURE)",Edge Chromium 131,,,2025-01-20 04:16:08,2025-01-20 04:16:08,0.417s,PASSED
"click(findTestObject(""Object Repository/Registro de envíos/Test cases/span_TipEntreg""), STOP_ON_FAILURE)",Edge Chromium 131,,,2025-01-20 04:16:08,2025-01-20 04:16:09,0.408s,PASSED
"click(findTestObject(""Object Repository/Registro de envíos/Test cases/a_EntregDomic""), STOP_ON_FAILURE)",Edge Chromium 131,,,2025-01-20 04:16:09,2025-01-20 04:16:10,1.651s,PASSED
"scrollToElement(findTestObject(""Object Repository/Registro de envíos/Test cases/input_dir_entreg""), 0, STOP_ON_FAILURE)",Edge Chromium 131,,,2025-01-20 04:16:10,2025-01-20 04:16:11,0.332s,PASSED
"setText(findTestObject(""Object Repository/Registro de envíos/Test cases/input_dir_entreg""), ""Los Eucaliptos, 555 - San Isidro, Lima"", STOP_ON_FAILURE)",Edge Chromium 131,,,2025-01-20 04:16:11,2025-01-20 04:16:11,0.780s,PASSED
"sendKeys(findTestObject(""Object Repository/Registro de envíos/Test cases/input_dir_entreg""), Keys.chord(ENTER), STOP_ON_FAILURE)",Edge Chromium 131,,,2025-01-20 04:16:11,2025-01-20 04:16:13,1.857s,PASSED
"scrollToElement(findTestObject(""Object Repository/Registro de envíos/Test cases/input_dir_ref""), 0, STOP_ON_FAILURE)",Edge Chromium 131,,,2025-01-20 04:16:13,2025-01-20 04:16:15,2.016s,PASSED
"setText(findTestObject(""Object Repository/Registro de envíos/Test cases/input_dir_ref""), ""ABC"", STOP_ON_FAILURE)",Edge Chromium 131,,,2025-01-20 04:16:15,2025-01-20 04:16:16,0.713s,PASSED
delay(2),Edge Chromium 131,,,2025-01-20 04:16:16,2025-01-20 04:16:18,2.002s,PASSED
"click(findTestObject(""Registro de envíos/Test cases/Girley/Limpiar""))",Edge Chromium 131,,,2025-01-20 04:16:18,2025-01-20 04:16:18,0.337s,PASSED
delay(3),Edge Chromium 131,,,2025-01-20 04:16:18,2025-01-20 04:16:21,3.007s,PASSED
"setText(findTestObject(""Object Repository/Registro de envíos/Test cases/input_dir_entreg""), ""Av. Pedro De Osma 301, Lima"", STOP_ON_FAILURE)",Edge Chromium 131,,,2025-01-20 04:16:21,2025-01-20 04:16:22,0.876s,PASSED
"sendKeys(findTestObject(""Object Repository/Registro de envíos/Test cases/input_dir_entreg""), Keys.chord(ENTER), STOP_ON_FAILURE)",Edge Chromium 131,,,2025-01-20 04:16:22,2025-01-20 04:16:23,1.325s,PASSED
"scrollToElement(findTestObject(""Object Repository/Registro de envíos/Test cases/input_dir_ref""), 0, STOP_ON_FAILURE)",Edge Chromium 131,,,2025-01-20 04:16:23,2025-01-20 04:16:27,3.282s,PASSED
"setText(findTestObject(""Object Repository/Registro de envíos/Test cases/input_dir_ref""), ""ABC"", STOP_ON_FAILURE)",Edge Chromium 131,,,2025-01-20 04:16:27,2025-01-20 04:16:27,0.672s,PASSED
delay(2),Edge Chromium 131,,,2025-01-20 04:16:27,2025-01-20 04:16:29,2.002s,PASSED
"scrollToElement(findTestObject(""Registro de envíos/Test cases/Girley/validac_Destino""), 0)",Edge Chromium 131,,,2025-01-20 04:16:29,2025-01-20 04:16:30,0.315s,PASSED
delay(2),Edge Chromium 131,,,2025-01-20 04:16:30,2025-01-20 04:16:32,2.006s,PASSED
"scrollToElement(findTestObject(""Object Repository/Registro de envíos/Test cases/button_TipDocument""), 0, STOP_ON_FAILURE)",Edge Chromium 131,,,2025-01-20 04:16:32,2025-01-20 04:16:32,0.346s,PASSED
"click(findTestObject(""Object Repository/Registro de envíos/Test cases/button_TipDocument""), STOP_ON_FAILURE)",Edge Chromium 131,,,2025-01-20 04:16:32,2025-01-20 04:16:32,0.335s,PASSED
"click(findTestObject(""Object Repository/Registro de envíos/Test cases/a_DNI""), STOP_ON_FAILURE)",Edge Chromium 131,,,2025-01-20 04:16:32,2025-01-20 04:16:33,0.349s,PASSED
"setText(findTestObject(""Object Repository/Registro de envíos/Test cases/input_Consig_dni""), ""12345678"", STOP_ON_FAILURE)",Edge Chromium 131,,,2025-01-20 04:16:33,2025-01-20 04:16:33,0.691s,PASSED
"verifyElementPresent(findTestObject(""Object Repository/Registro de envíos/Test cases/div_PINTO""), 0, STOP_ON_FAILURE)",Edge Chromium 131,,,2025-01-20 04:16:33,2025-01-20 04:16:41,7.721s,PASSED
"scrollToElement(findTestObject(""Object Repository/Registro de envíos/Test cases/button_cntnuar(1)""), 0, STOP_ON_FAILURE)",Edge Chromium 131,,,2025-01-20 04:16:41,2025-01-20 04:16:42,0.326s,PASSED
"click(findTestObject(""Object Repository/Registro de envíos/Test cases/button_cntnuar(1)""), STOP_ON_FAILURE)",Edge Chromium 131,,,2025-01-20 04:16:42,2025-01-20 04:16:42,0.379s,PASSED
"verifyElementText(findTestObject(""Object Repository/Registro de envíos/Test cases/th_lima""), ""Lima"", STOP_ON_FAILURE)",Edge Chromium 131,,,2025-01-20 04:16:42,2025-01-20 04:16:46,3.696s,PASSED
"verifyElementText(findTestObject(""Object Repository/Registro de envíos/Test cases/th_EntregDomic""), ""Entrega A Domicilio"", STOP_ON_FAILURE)",Edge Chromium 131,,,2025-01-20 04:16:46,2025-01-20 04:16:46,0.290s,PASSED
"verifyElementPresent(findTestObject(""Object Repository/Registro de envíos/Test cases/th_7.30""), 0, STOP_ON_FAILURE)",Edge Chromium 131,,,2025-01-20 04:16:46,2025-01-20 04:16:46,0.298s,PASSED
"verifyElementPresent(findTestObject(""Object Repository/Registro de envíos/Test cases/th_0.00""), 0, STOP_ON_FAILURE)",Edge Chromium 131,,,2025-01-20 04:16:46,2025-01-20 04:16:46,0.300s,PASSED
"click(findTestObject(""Object Repository/Registro de envíos/Test cases/1-Principal/button_IR A PAGAR S 7.30""))",Edge Chromium 131,,,2025-01-20 04:16:46,2025-01-20 04:16:47,0.337s,PASSED
"callTestCase(findTestCase(""Registro_Envíos/1.Inicio/3.Pago_envíos/Pago_TDC""), [:], STOP_ON_FAILURE)",Edge Chromium 131,,,2025-01-20 04:16:47,2025-01-20 04:17:13,25.994s,PASSED
,,,,,,,
Test Cases/Registro_Envíos/3. Positivas/2. Sobres/Origen Lima/2.Girley/6. Limpiar y digitar dirección,Edge Chromium 131,,,2025-01-20 04:17:13,2025-01-20 04:18:36,1m - 23.667s,PASSED
"callTestCase(findTestCase(""Registro_Envíos/1.Inicio/1.Principal/Principal-Home""), [:], STOP_ON_FAILURE)",Edge Chromium 131,,,2025-01-20 04:17:13,2025-01-20 04:17:18,4.650s,PASSED
"callTestCase(findTestCase(""Registro_Envíos/1.Inicio/1.Principal/Selecc_sobre""), [:], STOP_ON_FAILURE)",Edge Chromium 131,,,2025-01-20 04:17:18,2025-01-20 04:17:25,7.098s,PASSED
"callTestCase(findTestCase(""Registro_Envíos/1.Inicio/2.Login/6.LoginRUC10""), [:], STOP_ON_FAILURE)",Edge Chromium 131,,,2025-01-20 04:17:25,2025-01-20 04:17:28,2.878s,PASSED
"setText(findTestObject(""Registro de envíos/Test cases/Girley/input_Qu Envas_input_descripcion""), ""GHJK"")",Edge Chromium 131,,,2025-01-20 04:17:28,2025-01-20 04:17:28,0.680s,PASSED
"setText(findTestObject(""Registro de envíos/Test cases/Girley/input_Qu Envas_input_valor""), ""12"")",Edge Chromium 131,,,2025-01-20 04:17:28,2025-01-20 04:17:29,0.646s,PASSED
"click(findTestObject(""Object Repository/Registro de envíos/Test cases/span_PuntPartid""), STOP_ON_FAILURE)",Edge Chromium 131,,,2025-01-20 04:17:29,2025-01-20 04:17:29,0.373s,PASSED
"click(findTestObject(""Object Repository/Registro de envíos/Test cases/a_LIMA""), STOP_ON_FAILURE)",Edge Chromium 131,,,2025-01-20 04:17:29,2025-01-20 04:17:30,0.356s,PASSED
"click(findTestObject(""Object Repository/Registro de envíos/Test cases/span_PuntLlegad""), STOP_ON_FAILURE)",Edge Chromium 131,,,2025-01-20 04:17:30,2025-01-20 04:17:32,1.992s,PASSED
"click(findTestObject(""Object Repository/Registro de envíos/Test cases/input_PuntLlegad""), STOP_ON_FAILURE)",Edge Chromium 131,,,2025-01-20 04:17:32,2025-01-20 04:17:32,0.349s,PASSED
"setText(findTestObject(""Object Repository/Registro de envíos/Test cases/input_PuntLlegad""), ""san borja"", STOP_ON_FAILURE)",Edge Chromium 131,,,2025-01-20 04:17:32,2025-01-20 04:17:33,0.947s,PASSED
"delay(4, STOP_ON_FAILURE)",Edge Chromium 131,,,2025-01-20 04:17:33,2025-01-20 04:17:37,4.007s,PASSED
"scrollToElement(findTestObject(""Object Repository/Registro de envíos/Test cases/span_LIM_SanBorj""), 0, STOP_ON_FAILURE)",Edge Chromium 131,,,2025-01-20 04:17:37,2025-01-20 04:17:37,0.318s,PASSED
"click(findTestObject(""Object Repository/Registro de envíos/Test cases/span_LIM_SanBorj""), STOP_ON_FAILURE)",Edge Chromium 131,,,2025-01-20 04:17:37,2025-01-20 04:17:38,0.408s,PASSED
"click(findTestObject(""Object Repository/Registro de envíos/Test cases/span_TipEntreg""), STOP_ON_FAILURE)",Edge Chromium 131,,,2025-01-20 04:17:38,2025-01-20 04:17:38,0.554s,PASSED
"click(findTestObject(""Object Repository/Registro de envíos/Test cases/a_EntregDomic""), STOP_ON_FAILURE)",Edge Chromium 131,,,2025-01-20 04:17:38,2025-01-20 04:17:40,1.673s,PASSED
"scrollToElement(findTestObject(""Object Repository/Registro de envíos/Test cases/input_dir_entreg""), 0, STOP_ON_FAILURE)",Edge Chromium 131,,,2025-01-20 04:17:40,2025-01-20 04:17:40,0.333s,PASSED
"setText(findTestObject(""Object Repository/Registro de envíos/Test cases/input_dir_entreg""), ""Los Eucaliptos, 555 - San Isidro, Lima"", STOP_ON_FAILURE)",Edge Chromium 131,,,2025-01-20 04:17:40,2025-01-20 04:17:41,0.787s,PASSED
"sendKeys(findTestObject(""Object Repository/Registro de envíos/Test cases/input_dir_entreg""), Keys.chord(ENTER), STOP_ON_FAILURE)",Edge Chromium 131,,,2025-01-20 04:17:41,2025-01-20 04:17:43,1.854s,PASSED
"scrollToElement(findTestObject(""Object Repository/Registro de envíos/Test cases/input_dir_ref""), 0, STOP_ON_FAILURE)",Edge Chromium 131,,,2025-01-20 04:17:43,2025-01-20 04:17:45,2.000s,PASSED
"setText(findTestObject(""Object Repository/Registro de envíos/Test cases/input_dir_ref""), ""ABC"", STOP_ON_FAILURE)",Edge Chromium 131,,,2025-01-20 04:17:45,2025-01-20 04:17:46,0.742s,PASSED
delay(2),Edge Chromium 131,,,2025-01-20 04:17:46,2025-01-20 04:17:48,2.001s,PASSED
"click(findTestObject(""Registro de envíos/Test cases/Girley/Limpiar""))",Edge Chromium 131,,,2025-01-20 04:17:48,2025-01-20 04:17:48,0.353s,PASSED
delay(3),Edge Chromium 131,,,2025-01-20 04:17:48,2025-01-20 04:17:51,3.008s,PASSED
"setText(findTestObject(""Object Repository/Registro de envíos/Test cases/input_dir_entreg""), ""Los Eucaliptos, 555 - San Isidro, Lima"", STOP_ON_FAILURE)",Edge Chromium 131,,,2025-01-20 04:17:51,2025-01-20 04:17:52,0.961s,PASSED
"sendKeys(findTestObject(""Object Repository/Registro de envíos/Test cases/input_dir_entreg""), Keys.chord(ENTER), STOP_ON_FAILURE)",Edge Chromium 131,,,2025-01-20 04:17:52,2025-01-20 04:17:53,1.548s,PASSED
"scrollToElement(findTestObject(""Object Repository/Registro de envíos/Test cases/input_dir_ref""), 0, STOP_ON_FAILURE)",Edge Chromium 131,,,2025-01-20 04:17:53,2025-01-20 04:17:55,1.876s,PASSED
"setText(findTestObject(""Object Repository/Registro de envíos/Test cases/input_dir_ref""), ""ABC"", STOP_ON_FAILURE)",Edge Chromium 131,,,2025-01-20 04:17:55,2025-01-20 04:17:56,0.698s,PASSED
delay(2),Edge Chromium 131,,,2025-01-20 04:17:56,2025-01-20 04:17:58,2.004s,PASSED
"scrollToElement(findTestObject(""Registro de envíos/Test cases/Girley/validac_Destino""), 0)",Edge Chromium 131,,,2025-01-20 04:17:58,2025-01-20 04:17:58,0.333s,PASSED
delay(2),Edge Chromium 131,,,2025-01-20 04:17:58,2025-01-20 04:18:00,2.001s,PASSED
"scrollToElement(findTestObject(""Object Repository/Registro de envíos/Test cases/button_TipDocument""), 0, STOP_ON_FAILURE)",Edge Chromium 131,,,2025-01-20 04:18:00,2025-01-20 04:18:01,0.317s,PASSED
"click(findTestObject(""Object Repository/Registro de envíos/Test cases/button_TipDocument""), STOP_ON_FAILURE)",Edge Chromium 131,,,2025-01-20 04:18:01,2025-01-20 04:18:01,0.379s,PASSED
"click(findTestObject(""Object Repository/Registro de envíos/Test cases/a_DNI""), STOP_ON_FAILURE)",Edge Chromium 131,,,2025-01-20 04:18:01,2025-01-20 04:18:01,0.353s,PASSED
"setText(findTestObject(""Object Repository/Registro de envíos/Test cases/input_Consig_dni""), ""12345678"", STOP_ON_FAILURE)",Edge Chromium 131,,,2025-01-20 04:18:01,2025-01-20 04:18:02,0.749s,PASSED
"verifyElementPresent(findTestObject(""Object Repository/Registro de envíos/Test cases/div_PINTO""), 0, STOP_ON_FAILURE)",Edge Chromium 131,,,2025-01-20 04:18:02,2025-01-20 04:18:10,7.517s,PASSED
"scrollToElement(findTestObject(""Object Repository/Registro de envíos/Test cases/button_cntnuar(1)""), 0, STOP_ON_FAILURE)",Edge Chromium 131,,,2025-01-20 04:18:10,2025-01-20 04:18:10,0.315s,PASSED
"click(findTestObject(""Object Repository/Registro de envíos/Test cases/button_cntnuar(1)""), STOP_ON_FAILURE)",Edge Chromium 131,,,2025-01-20 04:18:10,2025-01-20 04:18:10,0.360s,PASSED
"verifyElementText(findTestObject(""Object Repository/Registro de envíos/Test cases/th_lima""), ""Lima"", STOP_ON_FAILURE)",Edge Chromium 131,,,2025-01-20 04:18:10,2025-01-20 04:18:13,2.734s,PASSED
"verifyElementText(findTestObject(""Object Repository/Registro de envíos/Test cases/th_EntregDomic""), ""Entrega A Domicilio"", STOP_ON_FAILURE)",Edge Chromium 131,,,2025-01-20 04:18:13,2025-01-20 04:18:13,0.301s,PASSED
"verifyElementText(findTestObject(""Registro de envíos/Test cases/Girley/validac_Destino_Resum""), ""Lima - Lima - San Isidro"")",Edge Chromium 131,,,2025-01-20 04:18:13,2025-01-20 04:18:14,0.308s,PASSED
"verifyElementPresent(findTestObject(""Object Repository/Registro de envíos/Test cases/th_7.30""), 0, STOP_ON_FAILURE)",Edge Chromium 131,,,2025-01-20 04:18:14,2025-01-20 04:18:14,0.305s,PASSED
"verifyElementPresent(findTestObject(""Object Repository/Registro de envíos/Test cases/th_0.00""), 0, STOP_ON_FAILURE)",Edge Chromium 131,,,2025-01-20 04:18:14,2025-01-20 04:18:14,0.292s,PASSED
"click(findTestObject(""Object Repository/Registro de envíos/Test cases/1-Principal/button_IR A PAGAR S 7.30""))",Edge Chromium 131,,,2025-01-20 04:18:14,2025-01-20 04:18:15,0.345s,PASSED
"callTestCase(findTestCase(""Registro_Envíos/1.Inicio/3.Pago_envíos/Pago_TDC""), [:], STOP_ON_FAILURE)",Edge Chromium 131,,,2025-01-20 04:18:15,2025-01-20 04:18:36,21.815s,PASSED
,,,,,,,
Test Cases/Registro_Envíos/3. Positivas/2. Sobres/Origen Lima/2.Girley/5. Dirección distinta al destino,Edge Chromium 131,,,2025-01-20 04:18:36,2025-01-20 04:19:47,1m - 10.553s,PASSED
"callTestCase(findTestCase(""Registro_Envíos/1.Inicio/1.Principal/Principal-Home""), [:], STOP_ON_FAILURE)",Edge Chromium 131,,,2025-01-20 04:18:37,2025-01-20 04:18:42,4.940s,PASSED
"callTestCase(findTestCase(""Registro_Envíos/1.Inicio/1.Principal/Selecc_sobre""), [:], STOP_ON_FAILURE)",Edge Chromium 131,,,2025-01-20 04:18:42,2025-01-20 04:18:49,7.601s,PASSED
"callTestCase(findTestCase(""Registro_Envíos/1.Inicio/2.Login/5.LoginRUC20""), [:], STOP_ON_FAILURE)",Edge Chromium 131,,,2025-01-20 04:18:49,2025-01-20 04:18:52,2.883s,PASSED
"setText(findTestObject(""Registro de envíos/Test cases/Girley/input_Qu Envas_input_descripcion""), ""GHJK"")",Edge Chromium 131,,,2025-01-20 04:18:52,2025-01-20 04:18:53,0.691s,PASSED
"setText(findTestObject(""Registro de envíos/Test cases/Girley/input_Qu Envas_input_valor""), ""12"")",Edge Chromium 131,,,2025-01-20 04:18:53,2025-01-20 04:18:53,0.729s,PASSED
"click(findTestObject(""Object Repository/Registro de envíos/Test cases/span_PuntPartid""), STOP_ON_FAILURE)",Edge Chromium 131,,,2025-01-20 04:18:53,2025-01-20 04:18:54,0.353s,PASSED
"click(findTestObject(""Object Repository/Registro de envíos/Test cases/a_LIMA""), STOP_ON_FAILURE)",Edge Chromium 131,,,2025-01-20 04:18:54,2025-01-20 04:18:54,0.355s,PASSED
"click(findTestObject(""Object Repository/Registro de envíos/Test cases/span_PuntLlegad""), STOP_ON_FAILURE)",Edge Chromium 131,,,2025-01-20 04:18:54,2025-01-20 04:18:56,1.920s,PASSED
"click(findTestObject(""Object Repository/Registro de envíos/Test cases/input_PuntLlegad""), STOP_ON_FAILURE)",Edge Chromium 131,,,2025-01-20 04:18:56,2025-01-20 04:18:57,0.479s,PASSED
"setText(findTestObject(""Object Repository/Registro de envíos/Test cases/input_PuntLlegad""), ""san borja"", STOP_ON_FAILURE)",Edge Chromium 131,,,2025-01-20 04:18:57,2025-01-20 04:18:58,0.957s,PASSED
"delay(4, STOP_ON_FAILURE)",Edge Chromium 131,,,2025-01-20 04:18:58,2025-01-20 04:19:02,4.002s,PASSED
"scrollToElement(findTestObject(""Object Repository/Registro de envíos/Test cases/span_LIM_SanBorj""), 0, STOP_ON_FAILURE)",Edge Chromium 131,,,2025-01-20 04:19:02,2025-01-20 04:19:02,0.303s,PASSED
"click(findTestObject(""Object Repository/Registro de envíos/Test cases/span_LIM_SanBorj""), STOP_ON_FAILURE)",Edge Chromium 131,,,2025-01-20 04:19:02,2025-01-20 04:19:02,0.408s,PASSED
"click(findTestObject(""Object Repository/Registro de envíos/Test cases/span_TipEntreg""), STOP_ON_FAILURE)",Edge Chromium 131,,,2025-01-20 04:19:02,2025-01-20 04:19:03,0.440s,PASSED
"click(findTestObject(""Object Repository/Registro de envíos/Test cases/a_EntregDomic""), STOP_ON_FAILURE)",Edge Chromium 131,,,2025-01-20 04:19:03,2025-01-20 04:19:04,1.627s,PASSED
"scrollToElement(findTestObject(""Object Repository/Registro de envíos/Test cases/input_dir_entreg""), 0, STOP_ON_FAILURE)",Edge Chromium 131,,,2025-01-20 04:19:04,2025-01-20 04:19:05,0.329s,PASSED
"setText(findTestObject(""Object Repository/Registro de envíos/Test cases/input_dir_entreg""), ""Los Eucaliptos, 555 - San Isidro, Lima"", STOP_ON_FAILURE)",Edge Chromium 131,,,2025-01-20 04:19:05,2025-01-20 04:19:06,0.867s,PASSED
"sendKeys(findTestObject(""Object Repository/Registro de envíos/Test cases/input_dir_entreg""), Keys.chord(ENTER), STOP_ON_FAILURE)",Edge Chromium 131,,,2025-01-20 04:19:06,2025-01-20 04:19:08,2.081s,PASSED
"scrollToElement(findTestObject(""Object Repository/Registro de envíos/Test cases/input_dir_ref""), 0, STOP_ON_FAILURE)",Edge Chromium 131,,,2025-01-20 04:19:08,2025-01-20 04:19:10,2.062s,PASSED
"setText(findTestObject(""Object Repository/Registro de envíos/Test cases/input_dir_ref""), ""ABC"", STOP_ON_FAILURE)",Edge Chromium 131,,,2025-01-20 04:19:10,2025-01-20 04:19:10,0.759s,PASSED
delay(2),Edge Chromium 131,,,2025-01-20 04:19:10,2025-01-20 04:19:12,2.014s,PASSED
"scrollToElement(findTestObject(""Registro de envíos/Test cases/Girley/validac_Destino""), 0)",Edge Chromium 131,,,2025-01-20 04:19:12,2025-01-20 04:19:13,0.318s,PASSED
delay(2),Edge Chromium 131,,,2025-01-20 04:19:13,2025-01-20 04:19:15,2.015s,PASSED
"scrollToElement(findTestObject(""Object Repository/Registro de envíos/Test cases/button_TipDocument""), 0, STOP_ON_FAILURE)",Edge Chromium 131,,,2025-01-20 04:19:15,2025-01-20 04:19:15,0.322s,PASSED
"click(findTestObject(""Object Repository/Registro de envíos/Test cases/button_TipDocument""), STOP_ON_FAILURE)",Edge Chromium 131,,,2025-01-20 04:19:15,2025-01-20 04:19:15,0.323s,PASSED
"click(findTestObject(""Object Repository/Registro de envíos/Test cases/a_DNI""), STOP_ON_FAILURE)",Edge Chromium 131,,,2025-01-20 04:19:15,2025-01-20 04:19:16,0.353s,PASSED
"setText(findTestObject(""Object Repository/Registro de envíos/Test cases/input_Consig_dni""), ""12345678"", STOP_ON_FAILURE)",Edge Chromium 131,,,2025-01-20 04:19:16,2025-01-20 04:19:17,0.745s,PASSED
"verifyElementPresent(findTestObject(""Object Repository/Registro de envíos/Test cases/div_PINTO""), 0, STOP_ON_FAILURE)",Edge Chromium 131,,,2025-01-20 04:19:17,2025-01-20 04:19:20,3.107s,PASSED
"scrollToElement(findTestObject(""Object Repository/Registro de envíos/Test cases/button_cntnuar(1)""), 0, STOP_ON_FAILURE)",Edge Chromium 131,,,2025-01-20 04:19:20,2025-01-20 04:19:20,0.324s,PASSED
"click(findTestObject(""Object Repository/Registro de envíos/Test cases/button_cntnuar(1)""), STOP_ON_FAILURE)",Edge Chromium 131,,,2025-01-20 04:19:20,2025-01-20 04:19:20,0.362s,PASSED
"verifyElementText(findTestObject(""Object Repository/Registro de envíos/Test cases/th_lima""), ""Lima"", STOP_ON_FAILURE)",Edge Chromium 131,,,2025-01-20 04:19:20,2025-01-20 04:19:25,4.389s,PASSED
"verifyElementText(findTestObject(""Object Repository/Registro de envíos/Test cases/th_EntregDomic""), ""Entrega A Domicilio"", STOP_ON_FAILURE)",Edge Chromium 131,,,2025-01-20 04:19:25,2025-01-20 04:19:25,0.365s,PASSED
"verifyElementPresent(findTestObject(""Object Repository/Registro de envíos/Test cases/th_7.30""), 0, STOP_ON_FAILURE)",Edge Chromium 131,,,2025-01-20 04:19:25,2025-01-20 04:19:25,0.311s,PASSED
"verifyElementPresent(findTestObject(""Object Repository/Registro de envíos/Test cases/th_0.00""), 0, STOP_ON_FAILURE)",Edge Chromium 131,,,2025-01-20 04:19:25,2025-01-20 04:19:26,0.304s,PASSED
"click(findTestObject(""Object Repository/Registro de envíos/Test cases/1-Principal/button_IR A PAGAR S 7.30""))",Edge Chromium 131,,,2025-01-20 04:19:26,2025-01-20 04:19:26,0.354s,PASSED
"callTestCase(findTestCase(""Registro_Envíos/1.Inicio/3.Pago_envíos/Pago_TDC""), [:], STOP_ON_FAILURE)",Edge Chromium 131,,,2025-01-20 04:19:26,2025-01-20 04:19:47,21.018s,PASSED
,,,,,,,
Test Cases/Registro_Envíos/3. Positivas/2. Sobres/Origen Lima/2.Girley/4. Dirección nueva,Edge Chromium 131,,,2025-01-20 04:19:47,2025-01-20 04:20:42,54.604s,FAILED
"callTestCase(findTestCase(""Registro_Envíos/1.Inicio/1.Principal/Principal-Home""), [:], STOP_ON_FAILURE)",Edge Chromium 131,,,2025-01-20 04:19:47,2025-01-20 04:19:52,4.450s,PASSED
"callTestCase(findTestCase(""Registro_Envíos/1.Inicio/1.Principal/Selecc_sobre""), [:], STOP_ON_FAILURE)",Edge Chromium 131,,,2025-01-20 04:19:52,2025-01-20 04:19:59,7.511s,PASSED
"callTestCase(findTestCase(""Registro_Envíos/1.Inicio/2.Login/2.Log_DNI-Colab""), [:], STOP_ON_FAILURE)",Edge Chromium 131,,,2025-01-20 04:19:59,2025-01-20 04:20:04,4.411s,PASSED
"setText(findTestObject(""Registro de envíos/Test cases/Girley/input_Qu Envas_input_descripcion""), ""GHJK"")",Edge Chromium 131,,,2025-01-20 04:20:04,2025-01-20 04:20:04,0.779s,PASSED
"setText(findTestObject(""Registro de envíos/Test cases/Girley/input_Qu Envas_input_valor""), ""12"")",Edge Chromium 131,,,2025-01-20 04:20:04,2025-01-20 04:20:05,0.663s,PASSED
"click(findTestObject(""Object Repository/Registro de envíos/Test cases/span_PuntPartid""), STOP_ON_FAILURE)",Edge Chromium 131,,,2025-01-20 04:20:05,2025-01-20 04:20:05,0.352s,PASSED
"click(findTestObject(""Object Repository/Registro de envíos/Test cases/a_LIMA""), STOP_ON_FAILURE)",Edge Chromium 131,,,2025-01-20 04:20:05,2025-01-20 04:20:06,0.428s,PASSED
"delay(3, STOP_ON_FAILURE)",Edge Chromium 131,,,2025-01-20 04:20:06,2025-01-20 04:20:09,3.013s,PASSED
"click(findTestObject(""Object Repository/Registro de envíos/Test cases/span_PuntLlegad""), STOP_ON_FAILURE)",Edge Chromium 131,,,2025-01-20 04:20:09,2025-01-20 04:20:42,32.835s,FAILED
,,,,,,,
Test Cases/Registro_Envíos/3. Positivas/2. Sobres/Origen Lima/2.Girley/3. Cambio por dirección a tienda,Edge Chromium 131,,,2025-01-20 04:20:42,2025-01-20 04:21:43,1m - 1.478s,PASSED
"callTestCase(findTestCase(""Registro_Envíos/1.Inicio/1.Principal/Principal-Home""), [:], STOP_ON_FAILURE)",Edge Chromium 131,,,2025-01-20 04:20:42,2025-01-20 04:20:47,4.922s,PASSED
"callTestCase(findTestCase(""Registro_Envíos/1.Inicio/1.Principal/Selecc_sobre""), [:], STOP_ON_FAILURE)",Edge Chromium 131,,,2025-01-20 04:20:47,2025-01-20 04:20:54,7.347s,PASSED
"callTestCase(findTestCase(""Registro_Envíos/1.Inicio/2.Login/1.Login_DNI""), [:], STOP_ON_FAILURE)",Edge Chromium 131,,,2025-01-20 04:20:54,2025-01-20 04:20:58,3.691s,PASSED
"setText(findTestObject(""Registro de envíos/Test cases/Girley/input_Qu Envas_input_descripcion""), ""GHJK"")",Edge Chromium 131,,,2025-01-20 04:20:58,2025-01-20 04:20:58,0.693s,PASSED
"setText(findTestObject(""Registro de envíos/Test cases/Girley/input_Qu Envas_input_valor""), ""12"")",Edge Chromium 131,,,2025-01-20 04:20:58,2025-01-20 04:20:59,0.657s,PASSED
"click(findTestObject(""Object Repository/Registro de envíos/Test cases/span_PuntPartid""), STOP_ON_FAILURE)",Edge Chromium 131,,,2025-01-20 04:20:59,2025-01-20 04:20:59,0.352s,PASSED
"click(findTestObject(""Object Repository/Registro de envíos/Test cases/a_LIMA""), STOP_ON_FAILURE)",Edge Chromium 131,,,2025-01-20 04:20:59,2025-01-20 04:21:00,0.355s,PASSED
"click(findTestObject(""Object Repository/Registro de envíos/Test cases/span_PuntLlegad""), STOP_ON_FAILURE)",Edge Chromium 131,,,2025-01-20 04:21:00,2025-01-20 04:21:02,1.812s,PASSED
"click(findTestObject(""Object Repository/Registro de envíos/Test cases/input_PuntLlegad""), STOP_ON_FAILURE)",Edge Chromium 131,,,2025-01-20 04:21:02,2025-01-20 04:21:02,0.354s,PASSED
"setText(findTestObject(""Object Repository/Registro de envíos/Test cases/input_PuntLlegad""), ""san borja"", STOP_ON_FAILURE)",Edge Chromium 131,,,2025-01-20 04:21:02,2025-01-20 04:21:03,0.949s,PASSED
"delay(4, STOP_ON_FAILURE)",Edge Chromium 131,,,2025-01-20 04:21:03,2025-01-20 04:21:07,4.010s,PASSED
"scrollToElement(findTestObject(""Object Repository/Registro de envíos/Test cases/span_LIM_SanBorj""), 0, STOP_ON_FAILURE)",Edge Chromium 131,,,2025-01-20 04:21:07,2025-01-20 04:21:07,0.325s,PASSED
"click(findTestObject(""Object Repository/Registro de envíos/Test cases/span_LIM_SanBorj""), STOP_ON_FAILURE)",Edge Chromium 131,,,2025-01-20 04:21:07,2025-01-20 04:21:08,0.402s,PASSED
"click(findTestObject(""Object Repository/Registro de envíos/Test cases/span_TipEntreg""), STOP_ON_FAILURE)",Edge Chromium 131,,,2025-01-20 04:21:08,2025-01-20 04:21:08,0.352s,PASSED
"click(findTestObject(""Object Repository/Registro de envíos/Test cases/a_EntregDomic""), STOP_ON_FAILURE)",Edge Chromium 131,,,2025-01-20 04:21:08,2025-01-20 04:21:10,1.601s,PASSED
"scrollToElement(findTestObject(""Object Repository/Registro de envíos/Test cases/input_dir_entreg""), 0, STOP_ON_FAILURE)",Edge Chromium 131,,,2025-01-20 04:21:10,2025-01-20 04:21:10,0.331s,PASSED
"setText(findTestObject(""Object Repository/Registro de envíos/Test cases/input_dir_entreg""), ""Comandante espinar 659, miraflores"", STOP_ON_FAILURE)",Edge Chromium 131,,,2025-01-20 04:21:10,2025-01-20 04:21:11,0.764s,PASSED
delay(2),Edge Chromium 131,,,2025-01-20 04:21:11,2025-01-20 04:21:13,2.019s,PASSED
"sendKeys(findTestObject(""Object Repository/Registro de envíos/Test cases/input_dir_entreg""), Keys.chord(ENTER), STOP_ON_FAILURE)",Edge Chromium 131,,,2025-01-20 04:21:13,2025-01-20 04:21:13,0.333s,PASSED
delay(3),Edge Chromium 131,,,2025-01-20 04:21:13,2025-01-20 04:21:16,3.001s,PASSED
"scrollToElement(findTestObject(""Registro de envíos/Test cases/Girley/validac_Destino""), 0)",Edge Chromium 131,,,2025-01-20 04:21:16,2025-01-20 04:21:17,0.437s,PASSED
delay(2),Edge Chromium 131,,,2025-01-20 04:21:17,2025-01-20 04:21:19,2.011s,PASSED
"scrollToElement(findTestObject(""Object Repository/Registro de envíos/Test cases/button_TipDocument""), 0, STOP_ON_FAILURE)",Edge Chromium 131,,,2025-01-20 04:21:19,2025-01-20 04:21:19,0.312s,PASSED
"click(findTestObject(""Object Repository/Registro de envíos/Test cases/button_TipDocument""), STOP_ON_FAILURE)",Edge Chromium 131,,,2025-01-20 04:21:19,2025-01-20 04:21:19,0.336s,PASSED
"click(findTestObject(""Object Repository/Registro de envíos/Test cases/a_DNI""), STOP_ON_FAILURE)",Edge Chromium 131,,,2025-01-20 04:21:19,2025-01-20 04:21:20,0.332s,PASSED
"setText(findTestObject(""Object Repository/Registro de envíos/Test cases/input_Consig_dni""), ""12345678"", STOP_ON_FAILURE)",Edge Chromium 131,,,2025-01-20 04:21:20,2025-01-20 04:21:20,0.717s,PASSED
"verifyElementPresent(findTestObject(""Object Repository/Registro de envíos/Test cases/div_PINTO""), 0, STOP_ON_FAILURE)",Edge Chromium 131,,,2025-01-20 04:21:20,2025-01-20 04:21:23,2.864s,PASSED
"scrollToElement(findTestObject(""Object Repository/Registro de envíos/Test cases/button_cntnuar(1)""), 0, STOP_ON_FAILURE)",Edge Chromium 131,,,2025-01-20 04:21:23,2025-01-20 04:21:23,0.395s,PASSED
"click(findTestObject(""Object Repository/Registro de envíos/Test cases/button_cntnuar(1)""), STOP_ON_FAILURE)",Edge Chromium 131,,,2025-01-20 04:21:23,2025-01-20 04:21:24,0.352s,PASSED
"verifyElementText(findTestObject(""Object Repository/Registro de envíos/Test cases/th_lima""), ""Lima"", STOP_ON_FAILURE)",Edge Chromium 131,,,2025-01-20 04:21:24,2025-01-20 04:21:25,1.293s,PASSED
"verifyElementPresent(findTestObject(""Object Repository/Registro de envíos/Test cases/th_7.30""), 0, STOP_ON_FAILURE)",Edge Chromium 131,,,2025-01-20 04:21:25,2025-01-20 04:21:25,0.301s,PASSED
"verifyElementPresent(findTestObject(""Object Repository/Registro de envíos/Test cases/th_0.00""), 0, STOP_ON_FAILURE)",Edge Chromium 131,,,2025-01-20 04:21:25,2025-01-20 04:21:26,0.282s,PASSED
"scrollToElement(findTestObject(""Object Repository/Registro de envíos/Test cases/1-Principal/button_IR A PAGAR S 7.30""), 0)",Edge Chromium 131,,,2025-01-20 04:21:26,2025-01-20 04:21:26,0.331s,PASSED
"click(findTestObject(""Object Repository/Registro de envíos/Test cases/1-Principal/button_IR A PAGAR S 7.30""))",Edge Chromium 131,,,2025-01-20 04:21:26,2025-01-20 04:21:26,0.367s,PASSED
"setText(findTestObject(""Object Repository/Difuminado/input_Tienes envos con recojo en tienda, se_b85f5d""), ""1"")",Edge Chromium 131,,,2025-01-20 04:21:26,2025-01-20 04:21:27,0.663s,PASSED
"setText(findTestObject(""Object Repository/Difuminado/input_Tienes envos con recojo en tienda, se_af5936""), ""2"")",Edge Chromium 131,,,2025-01-20 04:21:27,2025-01-20 04:21:28,0.640s,PASSED
"setText(findTestObject(""Object Repository/Difuminado/input_Tienes envos con recojo en tienda, se_653975""), ""3"")",Edge Chromium 131,,,2025-01-20 04:21:28,2025-01-20 04:21:28,0.630s,PASSED
"setText(findTestObject(""Object Repository/Difuminado/input_Tienes envos con recojo en tienda, se_8615a0""), ""4"")",Edge Chromium 131,,,2025-01-20 04:21:28,2025-01-20 04:21:29,0.702s,PASSED
"click(findTestObject(""Object Repository/Difuminado/b_Aceptar""))",Edge Chromium 131,,,2025-01-20 04:21:29,2025-01-20 04:21:29,0.361s,PASSED
"callTestCase(findTestCase(""Registro_Envíos/1.Inicio/3.Pago_envíos/Pago_Tienda""), [:], STOP_ON_FAILURE)",Edge Chromium 131,,,2025-01-20 04:21:29,2025-01-20 04:21:43,13.717s,PASSED
,,,,,,,
Test Cases/Registro_Envíos/3. Positivas/2. Sobres/Origen Lima/2.Girley/2.Direccion_callao,Edge Chromium 131,,,2025-01-20 04:21:43,2025-01-20 04:22:56,1m - 13.055s,PASSED
"callTestCase(findTestCase(""Registro_Envíos/1.Inicio/1.Principal/Principal-Home""), [:], STOP_ON_FAILURE)",Edge Chromium 131,,,2025-01-20 04:21:43,2025-01-20 04:21:48,4.935s,PASSED
"callTestCase(findTestCase(""Registro_Envíos/1.Inicio/1.Principal/Selecc_sobre""), [:], STOP_ON_FAILURE)",Edge Chromium 131,,,2025-01-20 04:21:48,2025-01-20 04:21:56,7.592s,PASSED
"callTestCase(findTestCase(""Registro_Envíos/1.Inicio/2.Login/4.LoginCE-Colab""), [:], STOP_ON_FAILURE)",Edge Chromium 131,,,2025-01-20 04:21:56,2025-01-20 04:21:58,1.864s,PASSED
"setText(findTestObject(""Registro de envíos/Test cases/Girley/input_Qu Envas_input_descripcion""), ""GHJK"")",Edge Chromium 131,,,2025-01-20 04:21:58,2025-01-20 04:21:58,0.635s,PASSED
"setText(findTestObject(""Registro de envíos/Test cases/Girley/input_Qu Envas_input_valor""), ""12"")",Edge Chromium 131,,,2025-01-20 04:21:58,2025-01-20 04:21:59,0.700s,PASSED
"click(findTestObject(""Object Repository/Registro de envíos/Test cases/span_PuntPartid""), STOP_ON_FAILURE)",Edge Chromium 131,,,2025-01-20 04:21:59,2025-01-20 04:21:59,0.330s,PASSED
"click(findTestObject(""Object Repository/Registro de envíos/Test cases/a_LIMA""), STOP_ON_FAILURE)",Edge Chromium 131,,,2025-01-20 04:21:59,2025-01-20 04:22:00,0.354s,PASSED
"delay(3, STOP_ON_FAILURE)",Edge Chromium 131,,,2025-01-20 04:22:00,2025-01-20 04:22:03,3.015s,PASSED
"verifyElementPresent(findTestObject(""Object Repository/Registro de envíos/Test cases/div_PROMCOLAB""), 0, STOP_ON_FAILURE)",Edge Chromium 131,,,2025-01-20 04:22:03,2025-01-20 04:22:03,0.319s,PASSED
"click(findTestObject(""Object Repository/Registro de envíos/Test cases/span_""), STOP_ON_FAILURE)",Edge Chromium 131,,,2025-01-20 04:22:03,2025-01-20 04:22:03,0.340s,PASSED
"delay(3, STOP_ON_FAILURE)",Edge Chromium 131,,,2025-01-20 04:22:03,2025-01-20 04:22:06,3.011s,PASSED
"click(findTestObject(""Object Repository/Registro de envíos/Test cases/span_PuntLlegad""), STOP_ON_FAILURE)",Edge Chromium 131,,,2025-01-20 04:22:06,2025-01-20 04:22:07,0.399s,PASSED
"click(findTestObject(""Object Repository/Registro de envíos/Test cases/input_PuntLlegad""), STOP_ON_FAILURE)",Edge Chromium 131,,,2025-01-20 04:22:07,2025-01-20 04:22:07,0.368s,PASSED
"setText(findTestObject(""Object Repository/Registro de envíos/Test cases/input_PuntLlegad""), ""san borja"", STOP_ON_FAILURE)",Edge Chromium 131,,,2025-01-20 04:22:07,2025-01-20 04:22:08,0.985s,PASSED
"delay(4, STOP_ON_FAILURE)",Edge Chromium 131,,,2025-01-20 04:22:08,2025-01-20 04:22:12,4.007s,PASSED
"scrollToElement(findTestObject(""Object Repository/Registro de envíos/Test cases/span_LIM_SanBorj""), 0, STOP_ON_FAILURE)",Edge Chromium 131,,,2025-01-20 04:22:12,2025-01-20 04:22:12,0.337s,PASSED
"click(findTestObject(""Object Repository/Registro de envíos/Test cases/span_LIM_SanBorj""), STOP_ON_FAILURE)",Edge Chromium 131,,,2025-01-20 04:22:12,2025-01-20 04:22:13,0.405s,PASSED
"click(findTestObject(""Object Repository/Registro de envíos/Test cases/span_TipEntreg""), STOP_ON_FAILURE)",Edge Chromium 131,,,2025-01-20 04:22:13,2025-01-20 04:22:13,0.335s,PASSED
"click(findTestObject(""Object Repository/Registro de envíos/Test cases/a_EntregDomic""), STOP_ON_FAILURE)",Edge Chromium 131,,,2025-01-20 04:22:13,2025-01-20 04:22:15,1.658s,PASSED
"scrollToElement(findTestObject(""Object Repository/Registro de envíos/Test cases/input_dir_entreg""), 0, STOP_ON_FAILURE)",Edge Chromium 131,,,2025-01-20 04:22:15,2025-01-20 04:22:15,0.328s,PASSED
"setText(findTestObject(""Object Repository/Registro de envíos/Test cases/input_dir_entreg""), ""Jr. Atahualpa No 602, Callao, Callao"", STOP_ON_FAILURE)",Edge Chromium 131,,,2025-01-20 04:22:15,2025-01-20 04:22:16,0.933s,PASSED
"sendKeys(findTestObject(""Object Repository/Registro de envíos/Test cases/input_dir_entreg""), Keys.chord(ENTER), STOP_ON_FAILURE)",Edge Chromium 131,,,2025-01-20 04:22:16,2025-01-20 04:22:18,1.883s,PASSED
"scrollToElement(findTestObject(""Object Repository/Registro de envíos/Test cases/input_dir_ref""), 0, STOP_ON_FAILURE)",Edge Chromium 131,,,2025-01-20 04:22:18,2025-01-20 04:22:22,3.589s,PASSED
"setText(findTestObject(""Object Repository/Registro de envíos/Test cases/input_dir_ref""), ""ABC"", STOP_ON_FAILURE)",Edge Chromium 131,,,2025-01-20 04:22:22,2025-01-20 04:22:22,0.693s,PASSED
"scrollToElement(findTestObject(""Object Repository/Registro de envíos/Test cases/button_TipDocument""), 0, STOP_ON_FAILURE)",Edge Chromium 131,,,2025-01-20 04:22:22,2025-01-20 04:22:23,0.310s,PASSED
"click(findTestObject(""Object Repository/Registro de envíos/Test cases/button_TipDocument""), STOP_ON_FAILURE)",Edge Chromium 131,,,2025-01-20 04:22:23,2025-01-20 04:22:23,0.354s,PASSED
"click(findTestObject(""Object Repository/Registro de envíos/Test cases/a_DNI""), STOP_ON_FAILURE)",Edge Chromium 131,,,2025-01-20 04:22:23,2025-01-20 04:22:23,0.352s,PASSED
"setText(findTestObject(""Object Repository/Registro de envíos/Test cases/input_Consig_dni""), ""12345678"", STOP_ON_FAILURE)",Edge Chromium 131,,,2025-01-20 04:22:23,2025-01-20 04:22:24,0.697s,PASSED
"verifyElementPresent(findTestObject(""Object Repository/Registro de envíos/Test cases/div_PINTO""), 0, STOP_ON_FAILURE)",Edge Chromium 131,,,2025-01-20 04:22:24,2025-01-20 04:22:31,7.133s,PASSED
"scrollToElement(findTestObject(""Object Repository/Registro de envíos/Test cases/button_cntnuar(1)""), 0, STOP_ON_FAILURE)",Edge Chromium 131,,,2025-01-20 04:22:31,2025-01-20 04:22:31,0.337s,PASSED
"click(findTestObject(""Object Repository/Registro de envíos/Test cases/button_cntnuar(1)""), STOP_ON_FAILURE)",Edge Chromium 131,,,2025-01-20 04:22:31,2025-01-20 04:22:32,0.391s,PASSED
"verifyElementText(findTestObject(""Object Repository/Registro de envíos/Test cases/th_lima""), ""Lima"", STOP_ON_FAILURE)",Edge Chromium 131,,,2025-01-20 04:22:32,2025-01-20 04:22:34,2.155s,PASSED
"verifyElementText(findTestObject(""Object Repository/Registro de envíos/Test cases/th_EntregDomic""), ""Entrega A Domicilio"", STOP_ON_FAILURE)",Edge Chromium 131,,,2025-01-20 04:22:34,2025-01-20 04:22:34,0.315s,PASSED
"verifyElementPresent(findTestObject(""Object Repository/Registro de envíos/Test cases/th_7.30""), 0, STOP_ON_FAILURE)",Edge Chromium 131,,,2025-01-20 04:22:34,2025-01-20 04:22:35,0.318s,PASSED
"verifyElementPresent(findTestObject(""Object Repository/Registro de envíos/Test cases/th_0.00""), 0, STOP_ON_FAILURE)",Edge Chromium 131,,,2025-01-20 04:22:35,2025-01-20 04:22:35,0.310s,PASSED
"click(findTestObject(""Object Repository/Registro de envíos/Test cases/1-Principal/button_IR A PAGAR S 7.30""))",Edge Chromium 131,,,2025-01-20 04:22:35,2025-01-20 04:22:35,0.349s,PASSED
"callTestCase(findTestCase(""Registro_Envíos/1.Inicio/3.Pago_envíos/Pago_TDC""), [:], STOP_ON_FAILURE)",Edge Chromium 131,,,2025-01-20 04:22:35,2025-01-20 04:22:56,20.879s,PASSED
,,,,,,,
Test Cases/Registro_Envíos/3. Positivas/2. Sobres/Origen Lima/2.Girley/1.Destin_Lima,Edge Chromium 131,,,2025-01-20 04:22:56,2025-01-20 04:23:53,56.647s,PASSED
"callTestCase(findTestCase(""Registro_Envíos/1.Inicio/1.Principal/Principal-Home""), [:], STOP_ON_FAILURE)",Edge Chromium 131,,,2025-01-20 04:22:56,2025-01-20 04:23:01,4.303s,PASSED
"callTestCase(findTestCase(""Registro_Envíos/1.Inicio/1.Principal/Selecc_sobre""), [:], STOP_ON_FAILURE)",Edge Chromium 131,,,2025-01-20 04:23:01,2025-01-20 04:23:08,7.071s,PASSED
"callTestCase(findTestCase(""Registro_Envíos/1.Inicio/2.Login/3.Login_CE""), [:], STOP_ON_FAILURE)",Edge Chromium 131,,,2025-01-20 04:23:08,2025-01-20 04:23:10,1.812s,PASSED
"setText(findTestObject(""Registro de envíos/Test cases/Girley/input_Qu Envas_input_descripcion""), ""GHJK"")",Edge Chromium 131,,,2025-01-20 04:23:10,2025-01-20 04:23:10,0.687s,PASSED
"setText(findTestObject(""Registro de envíos/Test cases/Girley/input_Qu Envas_input_valor""), ""12"")",Edge Chromium 131,,,2025-01-20 04:23:10,2025-01-20 04:23:11,0.648s,PASSED
"click(findTestObject(""Object Repository/Registro de envíos/Test cases/span_PuntPartid""), STOP_ON_FAILURE)",Edge Chromium 131,,,2025-01-20 04:23:11,2025-01-20 04:23:11,0.353s,PASSED
"click(findTestObject(""Object Repository/Registro de envíos/Test cases/a_LIMA""), STOP_ON_FAILURE)",Edge Chromium 131,,,2025-01-20 04:23:11,2025-01-20 04:23:12,0.358s,PASSED
"click(findTestObject(""Object Repository/Registro de envíos/Test cases/span_PuntLlegad""), STOP_ON_FAILURE)",Edge Chromium 131,,,2025-01-20 04:23:12,2025-01-20 04:23:13,1.748s,PASSED
"click(findTestObject(""Object Repository/Registro de envíos/Test cases/input_PuntLlegad""), STOP_ON_FAILURE)",Edge Chromium 131,,,2025-01-20 04:23:13,2025-01-20 04:23:14,0.388s,PASSED
"setText(findTestObject(""Object Repository/Registro de envíos/Test cases/input_PuntLlegad""), ""san borja"", STOP_ON_FAILURE)",Edge Chromium 131,,,2025-01-20 04:23:14,2025-01-20 04:23:15,1.002s,PASSED
"delay(4, STOP_ON_FAILURE)",Edge Chromium 131,,,2025-01-20 04:23:15,2025-01-20 04:23:19,4.001s,PASSED
"scrollToElement(findTestObject(""Object Repository/Registro de envíos/Test cases/span_LIM_SanBorj""), 0, STOP_ON_FAILURE)",Edge Chromium 131,,,2025-01-20 04:23:19,2025-01-20 04:23:19,0.308s,PASSED
"click(findTestObject(""Object Repository/Registro de envíos/Test cases/span_LIM_SanBorj""), STOP_ON_FAILURE)",Edge Chromium 131,,,2025-01-20 04:23:19,2025-01-20 04:23:19,0.422s,PASSED
"click(findTestObject(""Object Repository/Registro de envíos/Test cases/span_TipEntreg""), STOP_ON_FAILURE)",Edge Chromium 131,,,2025-01-20 04:23:19,2025-01-20 04:23:20,0.354s,PASSED
"click(findTestObject(""Object Repository/Registro de envíos/Test cases/a_EntregDomic""), STOP_ON_FAILURE)",Edge Chromium 131,,,2025-01-20 04:23:20,2025-01-20 04:23:21,1.596s,PASSED
"scrollToElement(findTestObject(""Object Repository/Registro de envíos/Test cases/input_dir_entreg""), 0, STOP_ON_FAILURE)",Edge Chromium 131,,,2025-01-20 04:23:21,2025-01-20 04:23:22,0.325s,PASSED
"setText(findTestObject(""Object Repository/Registro de envíos/Test cases/input_dir_entreg""), ""Calle De Las Bellas Artes 122, San Borja, Lima, Lima, Perú"", STOP_ON_FAILURE)",Edge Chromium 131,,,2025-01-20 04:23:22,2025-01-20 04:23:23,0.828s,PASSED
"sendKeys(findTestObject(""Object Repository/Registro de envíos/Test cases/input_dir_entreg""), Keys.chord(ENTER), STOP_ON_FAILURE)",Edge Chromium 131,,,2025-01-20 04:23:23,2025-01-20 04:23:25,2.437s,PASSED
"scrollToElement(findTestObject(""Object Repository/Registro de envíos/Test cases/input_dir_ref""), 0, STOP_ON_FAILURE)",Edge Chromium 131,,,2025-01-20 04:23:25,2025-01-20 04:23:28,3.135s,PASSED
"setText(findTestObject(""Object Repository/Registro de envíos/Test cases/input_dir_ref""), ""ABC"", STOP_ON_FAILURE)",Edge Chromium 131,,,2025-01-20 04:23:28,2025-01-20 04:23:29,0.713s,PASSED
"scrollToElement(findTestObject(""Object Repository/Registro de envíos/Test cases/button_TipDocument""), 0, STOP_ON_FAILURE)",Edge Chromium 131,,,2025-01-20 04:23:29,2025-01-20 04:23:29,0.314s,PASSED
"click(findTestObject(""Object Repository/Registro de envíos/Test cases/button_TipDocument""), STOP_ON_FAILURE)",Edge Chromium 131,,,2025-01-20 04:23:29,2025-01-20 04:23:30,0.362s,PASSED
"click(findTestObject(""Object Repository/Registro de envíos/Test cases/a_DNI""), STOP_ON_FAILURE)",Edge Chromium 131,,,2025-01-20 04:23:30,2025-01-20 04:23:30,0.353s,PASSED
"setText(findTestObject(""Object Repository/Registro de envíos/Test cases/input_Consig_dni""), ""12345678"", STOP_ON_FAILURE)",Edge Chromium 131,,,2025-01-20 04:23:30,2025-01-20 04:23:31,0.927s,PASSED
"verifyElementPresent(findTestObject(""Object Repository/Registro de envíos/Test cases/div_PINTO""), 0, STOP_ON_FAILURE)",Edge Chromium 131,,,2025-01-20 04:23:31,2025-01-20 04:23:34,3.556s,PASSED
"scrollToElement(findTestObject(""Object Repository/Registro de envíos/Test cases/button_cntnuar(1)""), 0, STOP_ON_FAILURE)",Edge Chromium 131,,,2025-01-20 04:23:34,2025-01-20 04:23:35,0.342s,PASSED
"click(findTestObject(""Object Repository/Registro de envíos/Test cases/button_cntnuar(1)""), STOP_ON_FAILURE)",Edge Chromium 131,,,2025-01-20 04:23:35,2025-01-20 04:23:35,0.378s,PASSED
"verifyElementText(findTestObject(""Object Repository/Registro de envíos/Test cases/th_lima""), ""Lima"", STOP_ON_FAILURE)",Edge Chromium 131,,,2025-01-20 04:23:35,2025-01-20 04:23:37,2.180s,PASSED
"verifyElementText(findTestObject(""Object Repository/Registro de envíos/Test cases/th_EntregDomic""), ""Entrega A Domicilio"", STOP_ON_FAILURE)",Edge Chromium 131,,,2025-01-20 04:23:37,2025-01-20 04:23:38,0.367s,PASSED
"verifyElementPresent(findTestObject(""Object Repository/Registro de envíos/Test cases/th_7.30""), 0, STOP_ON_FAILURE)",Edge Chromium 131,,,2025-01-20 04:23:38,2025-01-20 04:23:38,0.313s,PASSED
"verifyElementPresent(findTestObject(""Object Repository/Registro de envíos/Test cases/th_0.00""), 0, STOP_ON_FAILURE)",Edge Chromium 131,,,2025-01-20 04:23:38,2025-01-20 04:23:38,0.301s,PASSED
"click(findTestObject(""Object Repository/Registro de envíos/Test cases/1-Principal/button_IR A PAGAR S 7.30""))",Edge Chromium 131,,,2025-01-20 04:23:38,2025-01-20 04:23:39,0.401s,PASSED
"callTestCase(findTestCase(""Registro_Envíos/1.Inicio/3.Pago_envíos/Pago_Tienda""), [:], STOP_ON_FAILURE)",Edge Chromium 131,,,2025-01-20 04:23:39,2025-01-20 04:23:53,14.216s,PASSED
,,,,,,,
"Test Cases/Registro_Envíos/3. Positivas/2. Sobres/Origen Lima/3. Destinos D, DO y O/1.Destino_D",Edge Chromium 131,,,2025-01-20 04:23:53,2025-01-20 04:24:53,1m - 0.157s,FAILED
"callTestCase(findTestCase(""Registro_Envíos/1.Inicio/1.Principal/Principal-Home""), [:], STOP_ON_FAILURE)",Edge Chromium 131,,,2025-01-20 04:23:53,2025-01-20 04:23:57,4.408s,PASSED
"callTestCase(findTestCase(""Registro_Envíos/1.Inicio/1.Principal/Selecc_sobre""), [:], STOP_ON_FAILURE)",Edge Chromium 131,,,2025-01-20 04:23:57,2025-01-20 04:24:04,6.874s,PASSED
"callTestCase(findTestCase(""Registro_Envíos/1.Inicio/2.Login/3.Login_CE""), [:], STOP_ON_FAILURE)",Edge Chromium 131,,,2025-01-20 04:24:04,2025-01-20 04:24:06,2.122s,PASSED
"setText(findTestObject(""Registro de envíos/Test cases/Girley/input_Qu Envas_input_descripcion""), ""GHJK"")",Edge Chromium 131,,,2025-01-20 04:24:06,2025-01-20 04:24:07,0.662s,PASSED
"setText(findTestObject(""Registro de envíos/Test cases/Girley/input_Qu Envas_input_valor""), ""12"")",Edge Chromium 131,,,2025-01-20 04:24:07,2025-01-20 04:24:08,0.661s,PASSED
"click(findTestObject(""Object Repository/Registro de envíos/Test cases/span_PuntPartid""), STOP_ON_FAILURE)",Edge Chromium 131,,,2025-01-20 04:24:08,2025-01-20 04:24:08,0.346s,PASSED
"click(findTestObject(""Object Repository/Registro de envíos/Test cases/a_LIMA""), STOP_ON_FAILURE)",Edge Chromium 131,,,2025-01-20 04:24:08,2025-01-20 04:24:08,0.355s,PASSED
"delay(3, STOP_ON_FAILURE)",Edge Chromium 131,,,2025-01-20 04:24:08,2025-01-20 04:24:11,3.013s,PASSED
"click(findTestObject(""Object Repository/Registro de envíos/Test cases/span_PuntLlegad""), STOP_ON_FAILURE)",Edge Chromium 131,,,2025-01-20 04:24:11,2025-01-20 04:24:12,0.410s,PASSED
"click(findTestObject(""Object Repository/Registro de envíos/Test cases/input_PuntLlegad""), STOP_ON_FAILURE)",Edge Chromium 131,,,2025-01-20 04:24:12,2025-01-20 04:24:12,0.361s,PASSED
"setText(findTestObject(""Object Repository/Registro de envíos/Test cases/input_PuntLlegad""), ""aramango"", STOP_ON_FAILURE)",Edge Chromium 131,,,2025-01-20 04:24:12,2025-01-20 04:24:13,0.921s,PASSED
"scrollToElement(findTestObject(""Object Repository/span_AMAZONAS - BAGUA - ARAMANGO""), 0)",Edge Chromium 131,,,2025-01-20 04:24:13,2025-01-20 04:24:14,0.409s,PASSED
"click(findTestObject(""Object Repository/span_AMAZONAS - BAGUA - ARAMANGO""))",Edge Chromium 131,,,2025-01-20 04:24:14,2025-01-20 04:24:15,1.863s,PASSED
"setText(findTestObject(""Registro de envíos/Test cases/input_dir_entreg""), ""ARAMANGO DIRECCIÓN DE PRUEBa"")",Edge Chromium 131,,,2025-01-20 04:24:15,2025-01-20 04:24:16,0.858s,PASSED
"click(findTestObject(""Object Repository/span_Entrega a domicilio""))",Edge Chromium 131,,,2025-01-20 04:24:16,2025-01-20 04:24:17,0.352s,PASSED
"click(findTestObject(""Registro de envíos/Test cases/Girley/a_Recojo en tienda""))",Edge Chromium 131,,,2025-01-20 04:24:17,2025-01-20 04:24:17,0.404s,PASSED
"click(findTestObject(""D, O, DO/button_Acept_D""))",Edge Chromium 131,,,2025-01-20 04:24:17,2025-01-20 04:24:17,0.352s,PASSED
"click(findTestObject(""Object Repository/span_Entrega a domicilio""))",Edge Chromium 131,,,2025-01-20 04:24:17,2025-01-20 04:24:18,0.350s,PASSED
"click(findTestObject(""Registro de envíos/Test cases/a_EntregDomic""))",Edge Chromium 131,,,2025-01-20 04:24:18,2025-01-20 04:24:18,0.335s,PASSED
"setText(findTestObject(""Registro de envíos/Test cases/input_dir_entreg""), ""ARAMANGO DIRECCIÓN DE PRUEBa"")",Edge Chromium 131,,,2025-01-20 04:24:18,2025-01-20 04:24:19,0.763s,PASSED
"setText(findTestObject(""Registro de envíos/Test cases/input_dir_ref""), ""PRUEBa"")",Edge Chromium 131,,,2025-01-20 04:24:19,2025-01-20 04:24:20,0.729s,PASSED
"scrollToElement(findTestObject(""Object Repository/Registro de envíos/Test cases/button_TipDocument""), 0, STOP_ON_FAILURE)",Edge Chromium 131,,,2025-01-20 04:24:20,2025-01-20 04:24:20,0.343s,PASSED
"click(findTestObject(""Object Repository/Registro de envíos/Test cases/button_TipDocument""), STOP_ON_FAILURE)",Edge Chromium 131,,,2025-01-20 04:24:20,2025-01-20 04:24:20,0.359s,PASSED
"click(findTestObject(""Object Repository/span_CARN EXT""))",Edge Chromium 131,,,2025-01-20 04:24:20,2025-01-20 04:24:21,0.353s,PASSED
"setText(findTestObject(""Difuminado/input_CARN EXT_txt_consignado_dni""), ""003680378"")",Edge Chromium 131,,,2025-01-20 04:24:21,2025-01-20 04:24:21,0.687s,PASSED
"click(findTestObject(""Registro de envíos/Test cases/button_cntnuar(1)""))",Edge Chromium 131,,,2025-01-20 04:24:21,2025-01-20 04:24:22,0.542s,PASSED
"click(findTestObject(""Object Repository/a_AGREGAR ENVOS""))",Edge Chromium 131,,,2025-01-20 04:24:22,2025-01-20 04:24:53,31.179s,FAILED
,,,,,,,
"Test Cases/Registro_Envíos/3. Positivas/2. Sobres/Origen Lima/3. Destinos D, DO y O/2.Destino_O",Edge Chromium 131,,,2025-01-20 04:24:53,2025-01-20 04:26:03,1m - 9.751s,PASSED
"callTestCase(findTestCase(""Registro_Envíos/1.Inicio/1.Principal/Principal-Home""), [:], STOP_ON_FAILURE)",Edge Chromium 131,,,2025-01-20 04:24:53,2025-01-20 04:24:57,4.186s,PASSED
"callTestCase(findTestCase(""Registro_Envíos/1.Inicio/1.Principal/Selecc_sobre""), [:], STOP_ON_FAILURE)",Edge Chromium 131,,,2025-01-20 04:24:57,2025-01-20 04:25:04,7.047s,PASSED
"callTestCase(findTestCase(""Registro_Envíos/1.Inicio/2.Login/3.Login_CE""), [:], STOP_ON_FAILURE)",Edge Chromium 131,,,2025-01-20 04:25:04,2025-01-20 04:25:07,2.185s,PASSED
"setText(findTestObject(""Registro de envíos/Test cases/Girley/input_Qu Envas_input_descripcion""), ""GHJK"")",Edge Chromium 131,,,2025-01-20 04:25:07,2025-01-20 04:25:07,0.672s,PASSED
"setText(findTestObject(""Registro de envíos/Test cases/Girley/input_Qu Envas_input_valor""), ""12"")",Edge Chromium 131,,,2025-01-20 04:25:07,2025-01-20 04:25:08,0.672s,PASSED
"click(findTestObject(""Object Repository/Registro de envíos/Test cases/span_PuntPartid""), STOP_ON_FAILURE)",Edge Chromium 131,,,2025-01-20 04:25:08,2025-01-20 04:25:08,0.341s,PASSED
"click(findTestObject(""Object Repository/Registro de envíos/Test cases/a_LIMA""), STOP_ON_FAILURE)",Edge Chromium 131,,,2025-01-20 04:25:08,2025-01-20 04:25:09,0.361s,PASSED
"delay(3, STOP_ON_FAILURE)",Edge Chromium 131,,,2025-01-20 04:25:09,2025-01-20 04:25:12,3.010s,PASSED
"click(findTestObject(""Object Repository/Registro de envíos/Test cases/span_PuntLlegad""), STOP_ON_FAILURE)",Edge Chromium 131,,,2025-01-20 04:25:12,2025-01-20 04:25:12,0.420s,PASSED
"click(findTestObject(""Object Repository/Registro de envíos/Test cases/input_PuntLlegad""), STOP_ON_FAILURE)",Edge Chromium 131,,,2025-01-20 04:25:12,2025-01-20 04:25:12,0.356s,PASSED
"setText(findTestObject(""Object Repository/Registro de envíos/Test cases/input_PuntLlegad""), ""aramango"", STOP_ON_FAILURE)",Edge Chromium 131,,,2025-01-20 04:25:12,2025-01-20 04:25:13,0.952s,PASSED
"scrollToElement(findTestObject(""Object Repository/span_AMAZONAS - BAGUA - ARAMANGO""), 0)",Edge Chromium 131,,,2025-01-20 04:25:13,2025-01-20 04:25:14,0.324s,PASSED
"click(findTestObject(""Object Repository/span_AMAZONAS - BAGUA - ARAMANGO""))",Edge Chromium 131,,,2025-01-20 04:25:14,2025-01-20 04:25:15,1.786s,PASSED
"setText(findTestObject(""Registro de envíos/Test cases/input_dir_entreg""), ""ARAMANGO DIRECCIÓN DE PRUEBa"")",Edge Chromium 131,,,2025-01-20 04:25:15,2025-01-20 04:25:16,0.728s,PASSED
"click(findTestObject(""Object Repository/span_Entrega a domicilio""))",Edge Chromium 131,,,2025-01-20 04:25:16,2025-01-20 04:25:17,0.395s,PASSED
"click(findTestObject(""Registro de envíos/Test cases/Girley/a_Recojo en tienda""))",Edge Chromium 131,,,2025-01-20 04:25:17,2025-01-20 04:25:17,0.347s,PASSED
"click(findTestObject(""D, O, DO/button_Acept_D""))",Edge Chromium 131,,,2025-01-20 04:25:17,2025-01-20 04:25:17,0.353s,PASSED
"click(findTestObject(""Object Repository/span_Entrega a domicilio""))",Edge Chromium 131,,,2025-01-20 04:25:17,2025-01-20 04:25:18,0.335s,PASSED
"click(findTestObject(""Registro de envíos/Test cases/a_EntregDomic""))",Edge Chromium 131,,,2025-01-20 04:25:18,2025-01-20 04:25:18,0.350s,PASSED
"setText(findTestObject(""Registro de envíos/Test cases/input_dir_entreg""), ""ARAMANGO DIRECCIÓN DE PRUEBa"")",Edge Chromium 131,,,2025-01-20 04:25:18,2025-01-20 04:25:19,0.773s,PASSED
"setText(findTestObject(""Registro de envíos/Test cases/input_dir_ref""), ""PRUEBa"")",Edge Chromium 131,,,2025-01-20 04:25:19,2025-01-20 04:25:19,0.748s,PASSED
"scrollToElement(findTestObject(""Object Repository/Registro de envíos/Test cases/button_TipDocument""), 0, STOP_ON_FAILURE)",Edge Chromium 131,,,2025-01-20 04:25:19,2025-01-20 04:25:20,0.315s,PASSED
"click(findTestObject(""Object Repository/Registro de envíos/Test cases/button_TipDocument""), STOP_ON_FAILURE)",Edge Chromium 131,,,2025-01-20 04:25:20,2025-01-20 04:25:20,0.328s,PASSED
"click(findTestObject(""Object Repository/span_CARN EXT""))",Edge Chromium 131,,,2025-01-20 04:25:20,2025-01-20 04:25:20,0.354s,PASSED
"setText(findTestObject(""Difuminado/input_CARN EXT_txt_consignado_dni""), ""003680378"")",Edge Chromium 131,,,2025-01-20 04:25:20,2025-01-20 04:25:21,0.709s,PASSED
"click(findTestObject(""Registro de envíos/Test cases/button_cntnuar(1)""))",Edge Chromium 131,,,2025-01-20 04:25:21,2025-01-20 04:25:22,0.449s,PASSED
"click(findTestObject(""Object Repository/a_AGREGAR ENVOS""))",Edge Chromium 131,,,2025-01-20 04:25:22,2025-01-20 04:25:25,2.858s,PASSED
"click(findTestObject(""Difuminado/img_Envo de cajas o paquetescon un peso mxi_37770f""))",Edge Chromium 131,,,2025-01-20 04:25:25,2025-01-20 04:25:25,0.497s,PASSED
"click(findTestObject(""Registro de envíos/Test cases/button_cntnuar""))",Edge Chromium 131,,,2025-01-20 04:25:25,2025-01-20 04:25:26,0.769s,PASSED
delay(5),Edge Chromium 131,,,2025-01-20 04:25:26,2025-01-20 04:25:31,5.001s,PASSED
"setText(findTestObject(""Difuminado/input_Qu Envas_input_descripcion""), ""PRUEBA"")",Edge Chromium 131,,,2025-01-20 04:25:31,2025-01-20 04:25:31,0.692s,PASSED
"setText(findTestObject(""Difuminado/input_Qu Envas_input_valor""), ""12"")",Edge Chromium 131,,,2025-01-20 04:25:31,2025-01-20 04:25:32,0.640s,PASSED
"click(findTestObject(""Difuminado/span_Ingrese el punto de llegada""))",Edge Chromium 131,,,2025-01-20 04:25:32,2025-01-20 04:25:33,0.427s,PASSED
"setText(findTestObject(""Registro de envíos/cargo adjunto/Page_Olva Courier  Datos Personales/input_Ingrese el punto de llegada_form-control""), ""viru"")",Edge Chromium 131,,,2025-01-20 04:25:33,2025-01-20 04:25:33,0.862s,PASSED
"click(findTestObject(""D, O, DO/a_LA LIBERTAD - VIRU - VIRU""))",Edge Chromium 131,,,2025-01-20 04:25:33,2025-01-20 04:25:34,0.418s,PASSED
"click(findTestObject(""D, O, DO/button_Recojo en tienda""))",Edge Chromium 131,,,2025-01-20 04:25:34,2025-01-20 04:25:34,0.366s,PASSED
"click(findTestObject(""D, O, DO/a_Entrega a domicilio""))",Edge Chromium 131,,,2025-01-20 04:25:34,2025-01-20 04:25:35,0.365s,PASSED
"verifyElementPresent(findTestObject(""D, O, DO/div_No se encontr la opcin de entregas a domicilio en el destino seleccionado.                                Aceptar""), 0)",Edge Chromium 131,,,2025-01-20 04:25:35,2025-01-20 04:25:35,0.301s,PASSED
"verifyElementText(findTestObject(""D, O, DO/p_No se encontr la opcin de entregas a domicilio en el destino seleccionado""), ""No se encontró la opción de entregas a domicilio en el destino seleccionado."")",Edge Chromium 131,,,2025-01-20 04:25:35,2025-01-20 04:25:35,0.326s,PASSED
"scrollToElement(findTestObject(""D, O, DO/button_Acept_O""), 0)",Edge Chromium 131,,,2025-01-20 04:25:35,2025-01-20 04:25:35,0.312s,PASSED
"click(findTestObject(""D, O, DO/button_Acept_O""))",Edge Chromium 131,,,2025-01-20 04:25:35,2025-01-20 04:25:36,0.335s,PASSED
"click(findTestObject(""D, O, DO/button_Recojo en tienda""))",Edge Chromium 131,,,2025-01-20 04:25:36,2025-01-20 04:25:36,0.353s,PASSED
"click(findTestObject(""Difuminado/a_Recojo en tienda""))",Edge Chromium 131,,,2025-01-20 04:25:36,2025-01-20 04:25:37,0.421s,PASSED
"click(findTestObject(""D, O, DO/span_Tienda""))",Edge Chromium 131,,,2025-01-20 04:25:37,2025-01-20 04:25:37,0.343s,PASSED
"click(findTestObject(""D, O, DO/span_VIRU - TIENDA VIRU - VIRU - AV PANAMERICANA NORTE NRO 381""))",Edge Chromium 131,,,2025-01-20 04:25:37,2025-01-20 04:25:37,0.341s,PASSED
"scrollToElement(findTestObject(""Object Repository/span_No""), 0)",Edge Chromium 131,,,2025-01-20 04:25:37,2025-01-20 04:25:38,0.404s,PASSED
"click(findTestObject(""Object Repository/span_No""))",Edge Chromium 131,,,2025-01-20 04:25:38,2025-01-20 04:25:38,0.373s,PASSED
"click(findTestObject(""Object Repository/a_Si""))",Edge Chromium 131,,,2025-01-20 04:25:38,2025-01-20 04:25:38,0.338s,PASSED
"scrollToElement(findTestObject(""Object Repository/Registro de envíos/Test cases/button_TipDocument""), 0, STOP_ON_FAILURE)",Edge Chromium 131,,,2025-01-20 04:25:38,2025-01-20 04:25:39,0.303s,PASSED
"click(findTestObject(""Object Repository/Registro de envíos/Test cases/button_TipDocument""), STOP_ON_FAILURE)",Edge Chromium 131,,,2025-01-20 04:25:39,2025-01-20 04:25:39,0.341s,PASSED
"click(findTestObject(""Object Repository/a_RUC""))",Edge Chromium 131,,,2025-01-20 04:25:39,2025-01-20 04:25:39,0.335s,PASSED
"setText(findTestObject(""Difuminado/input_CARN EXT_txt_consignado_dni""), ""12345678909"")",Edge Chromium 131,,,2025-01-20 04:25:39,2025-01-20 04:25:40,0.660s,PASSED
"click(findTestObject(""Registro de envíos/Test cases/button_cntnuar(1)""))",Edge Chromium 131,,,2025-01-20 04:25:40,2025-01-20 04:25:41,0.851s,PASSED
"scrollToElement(findTestObject(""Object Repository/button_IR A PAGAR S 33.79""), 0)",Edge Chromium 131,,,2025-01-20 04:25:41,2025-01-20 04:25:43,1.783s,PASSED
"click(findTestObject(""Object Repository/button_IR A PAGAR S 33.79""))",Edge Chromium 131,,,2025-01-20 04:25:43,2025-01-20 04:25:43,0.353s,PASSED
"setText(findTestObject(""Object Repository/Difuminado/input_Tienes envos con recojo en tienda, se_b85f5d""), ""1"")",Edge Chromium 131,,,2025-01-20 04:25:43,2025-01-20 04:25:44,0.666s,PASSED
"setText(findTestObject(""Object Repository/Difuminado/input_Tienes envos con recojo en tienda, se_af5936""), ""2"")",Edge Chromium 131,,,2025-01-20 04:25:44,2025-01-20 04:25:44,0.712s,PASSED
"setText(findTestObject(""Object Repository/Difuminado/input_Tienes envos con recojo en tienda, se_653975""), ""3"")",Edge Chromium 131,,,2025-01-20 04:25:44,2025-01-20 04:25:45,0.663s,PASSED
"setText(findTestObject(""Object Repository/Difuminado/input_Tienes envos con recojo en tienda, se_8615a0""), ""4"")",Edge Chromium 131,,,2025-01-20 04:25:45,2025-01-20 04:25:46,0.637s,PASSED
"click(findTestObject(""Object Repository/Difuminado/b_Aceptar""))",Edge Chromium 131,,,2025-01-20 04:25:46,2025-01-20 04:25:46,0.339s,PASSED
"callTestCase(findTestCase(""Registro_Envíos/1.Inicio/3.Pago_envíos/Pago_Tienda""), [:], STOP_ON_FAILURE)",Edge Chromium 131,,,2025-01-20 04:25:46,2025-01-20 04:26:03,16.723s,PASSED
,,,,,,,
"Test Cases/Registro_Envíos/3. Positivas/2. Sobres/Origen Lima/3. Destinos D, DO y O/3.Destino_DO",Edge Chromium 131,,,2025-01-20 04:26:03,2025-01-20 04:26:52,49.454s,PASSED
"callTestCase(findTestCase(""Registro_Envíos/1.Inicio/1.Principal/Principal-Home""), [:], STOP_ON_FAILURE)",Edge Chromium 131,,,2025-01-20 04:26:03,2025-01-20 04:26:07,4.468s,PASSED
"callTestCase(findTestCase(""Registro_Envíos/1.Inicio/1.Principal/Selecc_sobre""), [:], STOP_ON_FAILURE)",Edge Chromium 131,,,2025-01-20 04:26:07,2025-01-20 04:26:15,7.725s,PASSED
"callTestCase(findTestCase(""Registro_Envíos/1.Inicio/2.Login/1.Login_DNI""), [:], STOP_ON_FAILURE)",Edge Chromium 131,,,2025-01-20 04:26:15,2025-01-20 04:26:18,3.143s,PASSED
"setText(findTestObject(""Registro de envíos/Test cases/Girley/input_Qu Envas_input_descripcion""), ""GHJK"")",Edge Chromium 131,,,2025-01-20 04:26:18,2025-01-20 04:26:19,0.665s,PASSED
"setText(findTestObject(""Registro de envíos/Test cases/Girley/input_Qu Envas_input_valor""), ""12"")",Edge Chromium 131,,,2025-01-20 04:26:19,2025-01-20 04:26:20,0.726s,PASSED
"click(findTestObject(""Object Repository/Difuminado/button_Ingrese el punto de partida""))",Edge Chromium 131,,,2025-01-20 04:26:20,2025-01-20 04:26:20,0.333s,PASSED
"click(findTestObject(""Registro de envíos/Test cases/a_LIMA""))",Edge Chromium 131,,,2025-01-20 04:26:20,2025-01-20 04:26:20,0.340s,PASSED
delay(2),Edge Chromium 131,,,2025-01-20 04:26:20,2025-01-20 04:26:22,2.011s,PASSED
"click(findTestObject(""Object Repository/Difuminado/span_Ingrese el punto de llegada""))",Edge Chromium 131,,,2025-01-20 04:26:22,2025-01-20 04:26:23,0.452s,PASSED
"click(findTestObject(""D, O, DO/span_AMAZONAS - BAGUA - BAGUA""))",Edge Chromium 131,,,2025-01-20 04:26:23,2025-01-20 04:26:23,0.491s,PASSED
delay(2),Edge Chromium 131,,,2025-01-20 04:26:23,2025-01-20 04:26:25,2.015s,PASSED
"scrollToElement(findTestObject(""Object Repository/Difuminado/span_Tipo de entrega""), 0)",Edge Chromium 131,,,2025-01-20 04:26:25,2025-01-20 04:26:26,0.320s,PASSED
"click(findTestObject(""Object Repository/Difuminado/span_Tipo de entrega""))",Edge Chromium 131,,,2025-01-20 04:26:26,2025-01-20 04:26:26,0.339s,PASSED
"click(findTestObject(""Object Repository/Difuminado/a_Recojo en tienda""))",Edge Chromium 131,,,2025-01-20 04:26:26,2025-01-20 04:26:26,0.371s,PASSED
"click(findTestObject(""Object Repository/Difuminado/span_Tienda""))",Edge Chromium 131,,,2025-01-20 04:26:26,2025-01-20 04:26:27,0.435s,PASSED
"click(findTestObject(""D, O, DO/span_BAGUA CHICA - BAGUA - PJ ALFONSO UGARTE NRO 171 BAGUA CHICA""))",Edge Chromium 131,,,2025-01-20 04:26:27,2025-01-20 04:26:27,0.342s,PASSED
delay(2),Edge Chromium 131,,,2025-01-20 04:26:27,2025-01-20 04:26:29,2.015s,PASSED
"click(findTestObject(""Object Repository/Difuminado/button_Tipo De Documento""))",Edge Chromium 131,,,2025-01-20 04:26:29,2025-01-20 04:26:29,0.336s,PASSED
"click(findTestObject(""Object Repository/Difuminado/a_DNI""))",Edge Chromium 131,,,2025-01-20 04:26:29,2025-01-20 04:26:30,0.338s,PASSED
"setText(findTestObject(""Object Repository/Difuminado/input_CARN EXT_txt_consignado_dni""), ""12345678"")",Edge Chromium 131,,,2025-01-20 04:26:30,2025-01-20 04:26:30,0.695s,PASSED
delay(3),Edge Chromium 131,,,2025-01-20 04:26:30,2025-01-20 04:26:33,3.012s,PASSED
"verifyElementNotChecked(findTestObject(""Object Repository/Difuminado/span_QAQA""), 0)",Edge Chromium 131,,,2025-01-20 04:26:33,2025-01-20 04:26:34,0.311s,PASSED
"click(findTestObject(""Object Repository/Difuminado/button_CONTINUAR (1)""))",Edge Chromium 131,,,2025-01-20 04:26:34,2025-01-20 04:26:34,0.340s,PASSED
"click(findTestObject(""Object Repository/Difuminado/button_IR A PAGAR S 7.30""))",Edge Chromium 131,,,2025-01-20 04:26:34,2025-01-20 04:26:36,1.501s,PASSED
"setText(findTestObject(""Object Repository/Difuminado/input_Tienes envos con recojo en tienda, se_b85f5d""), ""1"")",Edge Chromium 131,,,2025-01-20 04:26:36,2025-01-20 04:26:36,0.685s,PASSED
"setText(findTestObject(""Object Repository/Difuminado/input_Tienes envos con recojo en tienda, se_af5936""), ""2"")",Edge Chromium 131,,,2025-01-20 04:26:36,2025-01-20 04:26:37,0.660s,PASSED
"setText(findTestObject(""Object Repository/Difuminado/input_Tienes envos con recojo en tienda, se_653975""), ""3"")",Edge Chromium 131,,,2025-01-20 04:26:37,2025-01-20 04:26:38,0.631s,PASSED
"setText(findTestObject(""Object Repository/Difuminado/input_Tienes envos con recojo en tienda, se_8615a0""), ""4"")",Edge Chromium 131,,,2025-01-20 04:26:38,2025-01-20 04:26:38,0.634s,PASSED
"click(findTestObject(""Object Repository/Difuminado/b_Aceptar""))",Edge Chromium 131,,,2025-01-20 04:26:38,2025-01-20 04:26:39,0.417s,PASSED
"callTestCase(findTestCase(""Registro_Envíos/1.Inicio/3.Pago_envíos/Pago_Tienda""), [:], STOP_ON_FAILURE)",Edge Chromium 131,,,2025-01-20 04:26:39,2025-01-20 04:26:52,13.552s,PASSED
,,,,,,,
Test Cases/Registro_Envíos/3. Positivas/2. Sobres/Origen Lima/5. Cargo adjunto/1.Paquetes_CE_tdc,Edge Chromium 131,,,2025-01-20 04:26:52,2025-01-20 04:28:03,1m - 10.996s,PASSED
"callTestCase(findTestCase(""Registro_Envíos/1.Inicio/1.Principal/Principal-Home""), [:], STOP_ON_FAILURE)",Edge Chromium 131,,,2025-01-20 04:26:52,2025-01-20 04:26:57,4.422s,PASSED
"callTestCase(findTestCase(""Registro_Envíos/1.Inicio/1.Principal/Selecc_sobre""), [:], STOP_ON_FAILURE)",Edge Chromium 131,,,2025-01-20 04:26:57,2025-01-20 04:27:04,7.523s,PASSED
"callTestCase(findTestCase(""Registro_Envíos/1.Inicio/2.Login/3.Login_CE""), [:], STOP_ON_FAILURE)",Edge Chromium 131,,,2025-01-20 04:27:04,2025-01-20 04:27:06,1.947s,PASSED
"setText(findTestObject(""Registro de envíos/Test cases/Girley/input_Qu Envas_input_descripcion""), ""GHJK"")",Edge Chromium 131,,,2025-01-20 04:27:06,2025-01-20 04:27:07,0.709s,PASSED
"setText(findTestObject(""Registro de envíos/Test cases/Girley/input_Qu Envas_input_valor""), ""12"")",Edge Chromium 131,,,2025-01-20 04:27:07,2025-01-20 04:27:08,0.689s,PASSED
"click(findTestObject(""Object Repository/Registro de envíos/Test cases/span_PuntPartid""), STOP_ON_FAILURE)",Edge Chromium 131,,,2025-01-20 04:27:08,2025-01-20 04:27:08,0.347s,PASSED
"click(findTestObject(""Object Repository/Registro de envíos/Test cases/a_LIMA""), STOP_ON_FAILURE)",Edge Chromium 131,,,2025-01-20 04:27:08,2025-01-20 04:27:08,0.342s,PASSED
"click(findTestObject(""Object Repository/Registro de envíos/Test cases/span_PuntLlegad""), STOP_ON_FAILURE)",Edge Chromium 131,,,2025-01-20 04:27:08,2025-01-20 04:27:10,1.793s,PASSED
"click(findTestObject(""Object Repository/Registro de envíos/Test cases/input_PuntLlegad""), STOP_ON_FAILURE)",Edge Chromium 131,,,2025-01-20 04:27:10,2025-01-20 04:27:11,0.372s,PASSED
"setText(findTestObject(""Object Repository/Registro de envíos/Test cases/input_PuntLlegad""), ""san borja"", STOP_ON_FAILURE)",Edge Chromium 131,,,2025-01-20 04:27:11,2025-01-20 04:27:11,0.951s,PASSED
"delay(4, STOP_ON_FAILURE)",Edge Chromium 131,,,2025-01-20 04:27:11,2025-01-20 04:27:15,4.009s,PASSED
"scrollToElement(findTestObject(""Object Repository/Registro de envíos/Test cases/span_LIM_SanBorj""), 0, STOP_ON_FAILURE)",Edge Chromium 131,,,2025-01-20 04:27:15,2025-01-20 04:27:16,0.323s,PASSED
"click(findTestObject(""Object Repository/Registro de envíos/Test cases/span_LIM_SanBorj""), STOP_ON_FAILURE)",Edge Chromium 131,,,2025-01-20 04:27:16,2025-01-20 04:27:16,0.406s,PASSED
"click(findTestObject(""Object Repository/Registro de envíos/Test cases/span_TipEntreg""), STOP_ON_FAILURE)",Edge Chromium 131,,,2025-01-20 04:27:16,2025-01-20 04:27:17,0.391s,PASSED
"click(findTestObject(""Object Repository/Registro de envíos/Test cases/a_EntregDomic""), STOP_ON_FAILURE)",Edge Chromium 131,,,2025-01-20 04:27:17,2025-01-20 04:27:18,1.729s,PASSED
"scrollToElement(findTestObject(""Object Repository/Registro de envíos/Test cases/input_dir_entreg""), 0, STOP_ON_FAILURE)",Edge Chromium 131,,,2025-01-20 04:27:18,2025-01-20 04:27:19,0.301s,PASSED
"setText(findTestObject(""Object Repository/Registro de envíos/Test cases/input_dir_entreg""), ""Jr. Atahualpa No 602, Callao, Callao"", STOP_ON_FAILURE)",Edge Chromium 131,,,2025-01-20 04:27:19,2025-01-20 04:27:19,0.798s,PASSED
"sendKeys(findTestObject(""Object Repository/Registro de envíos/Test cases/input_dir_entreg""), Keys.chord(ENTER), STOP_ON_FAILURE)",Edge Chromium 131,,,2025-01-20 04:27:19,2025-01-20 04:27:22,2.401s,PASSED
"scrollToElement(findTestObject(""Object Repository/Registro de envíos/Test cases/input_dir_ref""), 0, STOP_ON_FAILURE)",Edge Chromium 131,,,2025-01-20 04:27:22,2025-01-20 04:27:24,1.945s,PASSED
"setText(findTestObject(""Object Repository/Registro de envíos/Test cases/input_dir_ref""), ""ABC"", STOP_ON_FAILURE)",Edge Chromium 131,,,2025-01-20 04:27:24,2025-01-20 04:27:24,0.673s,PASSED
"verifyElementClickable(findTestObject(""Object Repository/u_Qu es esto""))",Edge Chromium 131,,,2025-01-20 04:27:24,2025-01-20 04:27:25,0.321s,PASSED
"click(findTestObject(""Object Repository/button_No""))",Edge Chromium 131,,,2025-01-20 04:27:25,2025-01-20 04:27:25,0.368s,PASSED
"click(findTestObject(""Object Repository/a_Si""))",Edge Chromium 131,,,2025-01-20 04:27:25,2025-01-20 04:27:25,0.332s,PASSED
"click(findTestObject(""Object Repository/span_1 Folio""))",Edge Chromium 131,,,2025-01-20 04:27:25,2025-01-20 04:27:26,0.335s,PASSED
"click(findTestObject(""Object Repository/a_2 Folios""))",Edge Chromium 131,,,2025-01-20 04:27:26,2025-01-20 04:27:26,0.319s,PASSED
"click(findTestObject(""Object Repository/Registro de envíos/Test cases/button_TipDocument""), STOP_ON_FAILURE)",Edge Chromium 131,,,2025-01-20 04:27:26,2025-01-20 04:27:26,0.388s,PASSED
"click(findTestObject(""Registro de envíos/cargo adjunto/Page_Olva Courier  Datos Personales/a_DNI""))",Edge Chromium 131,,,2025-01-20 04:27:26,2025-01-20 04:27:27,0.366s,PASSED
"setText(findTestObject(""Registro de envíos/cargo adjunto/Page_Olva Courier  Datos Personales/input_CARN EXT_txt_consignado_dni""), ""12345678"")",Edge Chromium 131,,,2025-01-20 04:27:27,2025-01-20 04:27:28,0.680s,PASSED
"click(findTestObject(""Registro de envíos/Test cases/button_cntnuar(1)""))",Edge Chromium 131,,,2025-01-20 04:27:28,2025-01-20 04:27:39,11.491s,PASSED
"verifyElementPresent(findTestObject(""Object Repository/div_Direccin de devolucin del cargo""), 0)",Edge Chromium 131,,,2025-01-20 04:27:39,2025-01-20 04:27:41,2.405s,PASSED
"verifyElementText(findTestObject(""Object Repository/th_S 10.00""), ""S/ 10.00"")",Edge Chromium 131,,,2025-01-20 04:27:41,2025-01-20 04:27:42,0.335s,PASSED
"scrollToElement(findTestObject(""Object Repository/Registro de envíos/Test cases/1-Principal/button_IR A PAGAR S 7.30""), 0)",Edge Chromium 131,,,2025-01-20 04:27:42,2025-01-20 04:27:42,0.336s,PASSED
"click(findTestObject(""Object Repository/Registro de envíos/Test cases/1-Principal/button_IR A PAGAR S 7.30""))",Edge Chromium 131,,,2025-01-20 04:27:42,2025-01-20 04:27:42,0.340s,PASSED
"callTestCase(findTestCase(""Registro_Envíos/1.Inicio/3.Pago_envíos/Pago_TDC""), [:], STOP_ON_FAILURE)",Edge Chromium 131,,,2025-01-20 04:27:42,2025-01-20 04:28:03,20.752s,PASSED
,,,,,,,
Test Cases/Registro_Envíos/3. Positivas/2. Sobres/Origen Lima/5. Cargo adjunto/2.Sobres_DNI_PagoO,Edge Chromium 131,,,2025-01-20 04:28:03,2025-01-20 04:29:23,1m - 19.659s,FAILED
"callTestCase(findTestCase(""Registro_Envíos/1.Inicio/1.Principal/Principal-Home""), [:], STOP_ON_FAILURE)",Edge Chromium 131,,,2025-01-20 04:28:03,2025-01-20 04:28:08,5.009s,PASSED
"callTestCase(findTestCase(""Registro_Envíos/1.Inicio/1.Principal/Selecc_sobre""), [:], STOP_ON_FAILURE)",Edge Chromium 131,,,2025-01-20 04:28:08,2025-01-20 04:28:15,7.078s,PASSED
"callTestCase(findTestCase(""Registro_Envíos/1.Inicio/2.Login/1.Login_DNI""), [:], STOP_ON_FAILURE)",Edge Chromium 131,,,2025-01-20 04:28:15,2025-01-20 04:28:19,3.231s,PASSED
"setText(findTestObject(""Registro de envíos/Test cases/Girley/input_Qu Envas_input_descripcion""), ""GHJK"")",Edge Chromium 131,,,2025-01-20 04:28:19,2025-01-20 04:28:19,0.680s,PASSED
"setText(findTestObject(""Registro de envíos/Test cases/Girley/input_Qu Envas_input_valor""), ""12"")",Edge Chromium 131,,,2025-01-20 04:28:19,2025-01-20 04:28:20,0.659s,PASSED
"click(findTestObject(""Object Repository/Registro de envíos/Test cases/span_PuntPartid""), STOP_ON_FAILURE)",Edge Chromium 131,,,2025-01-20 04:28:20,2025-01-20 04:28:20,0.340s,PASSED
"click(findTestObject(""Object Repository/Registro de envíos/Test cases/a_LIMA""), STOP_ON_FAILURE)",Edge Chromium 131,,,2025-01-20 04:28:20,2025-01-20 04:28:21,0.459s,PASSED
"click(findTestObject(""Object Repository/Registro de envíos/Test cases/span_PuntLlegad""), STOP_ON_FAILURE)",Edge Chromium 131,,,2025-01-20 04:28:21,2025-01-20 04:28:23,1.773s,PASSED
"click(findTestObject(""Object Repository/Registro de envíos/Test cases/input_PuntLlegad""), STOP_ON_FAILURE)",Edge Chromium 131,,,2025-01-20 04:28:23,2025-01-20 04:28:23,0.347s,PASSED
"setText(findTestObject(""Object Repository/Registro de envíos/Test cases/input_PuntLlegad""), ""san borja"", STOP_ON_FAILURE)",Edge Chromium 131,,,2025-01-20 04:28:23,2025-01-20 04:28:24,1.043s,PASSED
"delay(4, STOP_ON_FAILURE)",Edge Chromium 131,,,2025-01-20 04:28:24,2025-01-20 04:28:28,4.004s,PASSED
"scrollToElement(findTestObject(""Object Repository/Registro de envíos/Test cases/span_LIM_SanBorj""), 0, STOP_ON_FAILURE)",Edge Chromium 131,,,2025-01-20 04:28:28,2025-01-20 04:28:28,0.321s,PASSED
"click(findTestObject(""Object Repository/Registro de envíos/Test cases/span_LIM_SanBorj""), STOP_ON_FAILURE)",Edge Chromium 131,,,2025-01-20 04:28:28,2025-01-20 04:28:29,0.413s,PASSED
"click(findTestObject(""Object Repository/Registro de envíos/Test cases/span_TipEntreg""), STOP_ON_FAILURE)",Edge Chromium 131,,,2025-01-20 04:28:29,2025-01-20 04:28:29,0.417s,PASSED
"click(findTestObject(""Object Repository/Registro de envíos/Test cases/a_EntregDomic""), STOP_ON_FAILURE)",Edge Chromium 131,,,2025-01-20 04:28:29,2025-01-20 04:28:31,1.728s,PASSED
"scrollToElement(findTestObject(""Object Repository/Registro de envíos/Test cases/input_dir_entreg""), 0, STOP_ON_FAILURE)",Edge Chromium 131,,,2025-01-20 04:28:31,2025-01-20 04:28:31,0.334s,PASSED
"setText(findTestObject(""Object Repository/Registro de envíos/Test cases/input_dir_entreg""), ""Jr. Atahualpa No 602, Callao, Callao"", STOP_ON_FAILURE)",Edge Chromium 131,,,2025-01-20 04:28:31,2025-01-20 04:28:32,0.802s,PASSED
"sendKeys(findTestObject(""Object Repository/Registro de envíos/Test cases/input_dir_entreg""), Keys.chord(ENTER), STOP_ON_FAILURE)",Edge Chromium 131,,,2025-01-20 04:28:32,2025-01-20 04:28:34,1.809s,PASSED
"scrollToElement(findTestObject(""Object Repository/Registro de envíos/Test cases/input_dir_ref""), 0, STOP_ON_FAILURE)",Edge Chromium 131,,,2025-01-20 04:28:34,2025-01-20 04:28:36,2.038s,PASSED
"setText(findTestObject(""Object Repository/Registro de envíos/Test cases/input_dir_ref""), ""ABC"", STOP_ON_FAILURE)",Edge Chromium 131,,,2025-01-20 04:28:36,2025-01-20 04:28:36,0.666s,PASSED
"verifyElementClickable(findTestObject(""Object Repository/u_Qu es esto""))",Edge Chromium 131,,,2025-01-20 04:28:36,2025-01-20 04:28:37,0.292s,PASSED
"click(findTestObject(""Object Repository/button_No""))",Edge Chromium 131,,,2025-01-20 04:28:37,2025-01-20 04:28:37,0.359s,PASSED
"click(findTestObject(""Object Repository/a_Si""))",Edge Chromium 131,,,2025-01-20 04:28:37,2025-01-20 04:28:38,0.355s,PASSED
"click(findTestObject(""Object Repository/span_1 Folio""))",Edge Chromium 131,,,2025-01-20 04:28:38,2025-01-20 04:28:38,0.324s,PASSED
"click(findTestObject(""Object Repository/a_2 Folios""))",Edge Chromium 131,,,2025-01-20 04:28:38,2025-01-20 04:28:38,0.313s,PASSED
"click(findTestObject(""Object Repository/Registro de envíos/Test cases/button_TipDocument""), STOP_ON_FAILURE)",Edge Chromium 131,,,2025-01-20 04:28:38,2025-01-20 04:28:38,0.347s,PASSED
"click(findTestObject(""Registro de envíos/cargo adjunto/Page_Olva Courier  Datos Personales/a_DNI""))",Edge Chromium 131,,,2025-01-20 04:28:38,2025-01-20 04:28:39,0.334s,PASSED
"setText(findTestObject(""Registro de envíos/cargo adjunto/Page_Olva Courier  Datos Personales/input_CARN EXT_txt_consignado_dni""), ""12345678"")",Edge Chromium 131,,,2025-01-20 04:28:39,2025-01-20 04:28:40,0.774s,PASSED
"click(findTestObject(""Registro de envíos/Test cases/button_cntnuar(1)""))",Edge Chromium 131,,,2025-01-20 04:28:40,2025-01-20 04:28:51,11.810s,PASSED
"verifyElementPresent(findTestObject(""Object Repository/div_Direccin de devolucin del cargo""), 0)",Edge Chromium 131,,,2025-01-20 04:28:51,2025-01-20 04:29:23,31.470s,FAILED
,,,,,,,
Test Cases/Registro_Envíos/3. Positivas/2. Sobres/Origen Lima/5. Cargo adjunto/5.EditarEnvíoCargo,Edge Chromium 131,,,2025-01-20 04:29:23,2025-01-20 04:30:45,1m - 22.068s,PASSED
"callTestCase(findTestCase(""Registro_Envíos/1.Inicio/1.Principal/Principal-Home""), [:], STOP_ON_FAILURE)",Edge Chromium 131,,,2025-01-20 04:29:23,2025-01-20 04:29:28,5.073s,PASSED
"callTestCase(findTestCase(""Registro_Envíos/1.Inicio/1.Principal/Selecc_sobre""), [:], STOP_ON_FAILURE)",Edge Chromium 131,,,2025-01-20 04:29:28,2025-01-20 04:29:35,7.031s,PASSED
"callTestCase(findTestCase(""Registro_Envíos/1.Inicio/2.Login/1.Login_DNI""), [:], STOP_ON_FAILURE)",Edge Chromium 131,,,2025-01-20 04:29:35,2025-01-20 04:29:38,3.151s,PASSED
"setText(findTestObject(""Registro de envíos/Test cases/Girley/input_Qu Envas_input_descripcion""), ""GHJK"")",Edge Chromium 131,,,2025-01-20 04:29:38,2025-01-20 04:29:39,0.804s,PASSED
"setText(findTestObject(""Registro de envíos/Test cases/Girley/input_Qu Envas_input_valor""), ""12"")",Edge Chromium 131,,,2025-01-20 04:29:39,2025-01-20 04:29:40,0.655s,PASSED
"click(findTestObject(""Object Repository/Registro de envíos/Test cases/span_PuntPartid""), STOP_ON_FAILURE)",Edge Chromium 131,,,2025-01-20 04:29:40,2025-01-20 04:29:40,0.354s,PASSED
"click(findTestObject(""Object Repository/Registro de envíos/Test cases/a_LIMA""), STOP_ON_FAILURE)",Edge Chromium 131,,,2025-01-20 04:29:40,2025-01-20 04:29:40,0.355s,PASSED
"click(findTestObject(""Object Repository/Registro de envíos/Test cases/span_PuntLlegad""), STOP_ON_FAILURE)",Edge Chromium 131,,,2025-01-20 04:29:40,2025-01-20 04:29:42,1.745s,PASSED
"click(findTestObject(""Object Repository/Registro de envíos/Test cases/input_PuntLlegad""), STOP_ON_FAILURE)",Edge Chromium 131,,,2025-01-20 04:29:42,2025-01-20 04:29:43,0.366s,PASSED
"setText(findTestObject(""Object Repository/Registro de envíos/Test cases/input_PuntLlegad""), ""san borja"", STOP_ON_FAILURE)",Edge Chromium 131,,,2025-01-20 04:29:43,2025-01-20 04:29:44,0.955s,PASSED
"delay(4, STOP_ON_FAILURE)",Edge Chromium 131,,,2025-01-20 04:29:44,2025-01-20 04:29:48,4.014s,PASSED
"scrollToElement(findTestObject(""Object Repository/Registro de envíos/Test cases/span_LIM_SanBorj""), 0, STOP_ON_FAILURE)",Edge Chromium 131,,,2025-01-20 04:29:48,2025-01-20 04:29:48,0.316s,PASSED
"click(findTestObject(""Object Repository/Registro de envíos/Test cases/span_LIM_SanBorj""), STOP_ON_FAILURE)",Edge Chromium 131,,,2025-01-20 04:29:48,2025-01-20 04:29:48,0.404s,PASSED
"click(findTestObject(""Object Repository/Registro de envíos/Test cases/span_TipEntreg""), STOP_ON_FAILURE)",Edge Chromium 131,,,2025-01-20 04:29:48,2025-01-20 04:29:49,0.353s,PASSED
"click(findTestObject(""Object Repository/Registro de envíos/Test cases/a_EntregDomic""), STOP_ON_FAILURE)",Edge Chromium 131,,,2025-01-20 04:29:49,2025-01-20 04:29:50,1.656s,PASSED
"scrollToElement(findTestObject(""Object Repository/Registro de envíos/Test cases/input_dir_entreg""), 0, STOP_ON_FAILURE)",Edge Chromium 131,,,2025-01-20 04:29:50,2025-01-20 04:29:51,0.334s,PASSED
"setText(findTestObject(""Object Repository/Registro de envíos/Test cases/input_dir_entreg""), ""Jr. Atahualpa No 602, Callao, Callao"", STOP_ON_FAILURE)",Edge Chromium 131,,,2025-01-20 04:29:51,2025-01-20 04:29:51,0.768s,PASSED
"sendKeys(findTestObject(""Object Repository/Registro de envíos/Test cases/input_dir_entreg""), Keys.chord(ENTER), STOP_ON_FAILURE)",Edge Chromium 131,,,2025-01-20 04:29:51,2025-01-20 04:29:53,2.024s,PASSED
"scrollToElement(findTestObject(""Object Repository/Registro de envíos/Test cases/input_dir_ref""), 0, STOP_ON_FAILURE)",Edge Chromium 131,,,2025-01-20 04:29:53,2025-01-20 04:29:55,1.989s,PASSED
"setText(findTestObject(""Object Repository/Registro de envíos/Test cases/input_dir_ref""), ""ABC"", STOP_ON_FAILURE)",Edge Chromium 131,,,2025-01-20 04:29:55,2025-01-20 04:29:56,0.708s,PASSED
"click(findTestObject(""Object Repository/Registro de envíos/Test cases/button_TipDocument""), STOP_ON_FAILURE)",Edge Chromium 131,,,2025-01-20 04:29:56,2025-01-20 04:29:56,0.341s,PASSED
"click(findTestObject(""Registro de envíos/cargo adjunto/Page_Olva Courier  Datos Personales/a_DNI""))",Edge Chromium 131,,,2025-01-20 04:29:56,2025-01-20 04:29:57,0.347s,PASSED
"setText(findTestObject(""Registro de envíos/cargo adjunto/Page_Olva Courier  Datos Personales/input_CARN EXT_txt_consignado_dni""), ""12345678"")",Edge Chromium 131,,,2025-01-20 04:29:57,2025-01-20 04:29:57,0.681s,PASSED
"click(findTestObject(""Registro de envíos/Test cases/button_cntnuar(1)""))",Edge Chromium 131,,,2025-01-20 04:29:57,2025-01-20 04:30:09,11.549s,PASSED
"delay(4, STOP_ON_FAILURE)",Edge Chromium 131,,,2025-01-20 04:30:09,2025-01-20 04:30:13,4.014s,PASSED
"click(findTestObject(""Object Repository/Registro de envíos/valorados/Page_Olva Courier  Confirma tus datos/button_Editar""))",Edge Chromium 131,,,2025-01-20 04:30:13,2025-01-20 04:30:15,2.336s,PASSED
"verifyElementClickable(findTestObject(""Object Repository/u_Qu es esto""))",Edge Chromium 131,,,2025-01-20 04:30:15,2025-01-20 04:30:16,0.323s,PASSED
"scrollToElement(findTestObject(""Object Repository/button_No""), 0)",Edge Chromium 131,,,2025-01-20 04:30:16,2025-01-20 04:30:16,0.316s,PASSED
"click(findTestObject(""Object Repository/button_No""))",Edge Chromium 131,,,2025-01-20 04:30:16,2025-01-20 04:30:16,0.332s,PASSED
"click(findTestObject(""Object Repository/a_Si""))",Edge Chromium 131,,,2025-01-20 04:30:16,2025-01-20 04:30:17,0.349s,PASSED
"click(findTestObject(""Object Repository/span_1 Folio""))",Edge Chromium 131,,,2025-01-20 04:30:17,2025-01-20 04:30:17,0.399s,PASSED
"click(findTestObject(""Object Repository/a_2 Folios""))",Edge Chromium 131,,,2025-01-20 04:30:17,2025-01-20 04:30:17,0.347s,PASSED
"click(findTestObject(""Object Repository/Registro de envíos/Test cases/button_TipDocument""), STOP_ON_FAILURE)",Edge Chromium 131,,,2025-01-20 04:30:17,2025-01-20 04:30:18,0.338s,PASSED
"click(findTestObject(""Registro de envíos/cargo adjunto/Page_Olva Courier  Datos Personales/a_DNI""))",Edge Chromium 131,,,2025-01-20 04:30:18,2025-01-20 04:30:18,0.332s,PASSED
"setText(findTestObject(""Registro de envíos/cargo adjunto/Page_Olva Courier  Datos Personales/input_CARN EXT_txt_consignado_dni""), ""12345678"")",Edge Chromium 131,,,2025-01-20 04:30:18,2025-01-20 04:30:19,0.729s,PASSED
"click(findTestObject(""Registro de envíos/Test cases/button_cntnuar(1)""))",Edge Chromium 131,,,2025-01-20 04:30:19,2025-01-20 04:30:27,8.494s,PASSED
"verifyElementPresent(findTestObject(""Object Repository/div_Direccin de devolucin del cargo""), 0)",Edge Chromium 131,,,2025-01-20 04:30:27,2025-01-20 04:30:30,2.451s,PASSED
"verifyElementText(findTestObject(""Object Repository/th_S 10.00""), ""S/ 10.00"")",Edge Chromium 131,,,2025-01-20 04:30:30,2025-01-20 04:30:30,0.312s,PASSED
"scrollToElement(findTestObject(""Object Repository/Registro de envíos/Test cases/1-Principal/button_IR A PAGAR S 7.30""), 0)",Edge Chromium 131,,,2025-01-20 04:30:30,2025-01-20 04:30:30,0.323s,PASSED
"click(findTestObject(""Object Repository/Registro de envíos/Test cases/1-Principal/button_IR A PAGAR S 7.30""))",Edge Chromium 131,,,2025-01-20 04:30:30,2025-01-20 04:30:31,0.332s,PASSED
"callTestCase(findTestCase(""Registro_Envíos/1.Inicio/3.Pago_envíos/Pago_Tienda""), [:], STOP_ON_FAILURE)",Edge Chromium 131,,,2025-01-20 04:30:31,2025-01-20 04:30:45,14.223s,PASSED
,,,,,,,
Test Cases/Registro_Envíos/3. Positivas/2. Sobres/Origen Lima/5. Cargo adjunto/6.EditarCargo_Domic,Edge Chromium 131,,,2025-01-20 04:30:45,2025-01-20 04:32:08,1m - 23.011s,FAILED
"callTestCase(findTestCase(""Registro_Envíos/1.Inicio/1.Principal/Principal-Home""), [:], STOP_ON_FAILURE)",Edge Chromium 131,,,2025-01-20 04:30:45,2025-01-20 04:30:50,4.416s,PASSED
"callTestCase(findTestCase(""Registro_Envíos/1.Inicio/1.Principal/Selecc_sobre""), [:], STOP_ON_FAILURE)",Edge Chromium 131,,,2025-01-20 04:30:50,2025-01-20 04:30:57,7.787s,PASSED
"callTestCase(findTestCase(""Registro_Envíos/1.Inicio/2.Login/3.Login_CE""), [:], STOP_ON_FAILURE)",Edge Chromium 131,,,2025-01-20 04:30:57,2025-01-20 04:30:59,1.960s,PASSED
"setText(findTestObject(""Registro de envíos/Test cases/Girley/input_Qu Envas_input_descripcion""), ""GHJK"")",Edge Chromium 131,,,2025-01-20 04:30:59,2025-01-20 04:31:00,0.660s,PASSED
"setText(findTestObject(""Registro de envíos/Test cases/Girley/input_Qu Envas_input_valor""), ""12"")",Edge Chromium 131,,,2025-01-20 04:31:00,2025-01-20 04:31:01,0.768s,PASSED
"click(findTestObject(""Object Repository/Registro de envíos/cargo adjunto/Page_Olva Courier  Datos Personales/span_Ingrese el punto de partida""))",Edge Chromium 131,,,2025-01-20 04:31:01,2025-01-20 04:31:01,0.359s,PASSED
"click(findTestObject(""Object Repository/Registro de envíos/cargo adjunto/Page_Olva Courier  Datos Personales/a_LIMA""))",Edge Chromium 131,,,2025-01-20 04:31:01,2025-01-20 04:31:01,0.373s,PASSED
"click(findTestObject(""Object Repository/Registro de envíos/cargo adjunto/Page_Olva Courier  Datos Personales/span_Ingrese el punto de llegada""))",Edge Chromium 131,,,2025-01-20 04:31:01,2025-01-20 04:31:03,1.920s,PASSED
"setText(findTestObject(""Object Repository/Registro de envíos/cargo adjunto/Page_Olva Courier  Datos Personales/input_Ingrese el punto de llegada_form-control""), ""miraflores"")",Edge Chromium 131,,,2025-01-20 04:31:03,2025-01-20 04:31:04,1.041s,PASSED
"click(findTestObject(""Object Repository/Registro de envíos/cargo adjunto/Page_Olva Courier  Datos Personales/span_LIMA - LIMA - MIRAFLORES""))",Edge Chromium 131,,,2025-01-20 04:31:04,2025-01-20 04:31:05,0.407s,PASSED
"click(findTestObject(""Object Repository/Registro de envíos/cargo adjunto/Page_Olva Courier  Datos Personales/span_Tipo de entrega""))",Edge Chromium 131,,,2025-01-20 04:31:05,2025-01-20 04:31:05,0.332s,PASSED
"click(findTestObject(""Object Repository/Registro de envíos/cargo adjunto/Page_Olva Courier  Datos Personales/a_Recojo en tienda""))",Edge Chromium 131,,,2025-01-20 04:31:05,2025-01-20 04:31:06,0.390s,PASSED
"click(findTestObject(""Object Repository/Registro de envíos/cargo adjunto/Page_Olva Courier  Datos Personales/span_Tienda""))",Edge Chromium 131,,,2025-01-20 04:31:06,2025-01-20 04:31:06,0.437s,PASSED
"click(findTestObject(""Object Repository/Registro de envíos/cargo adjunto/Page_Olva Courier  Datos Personales/span_OLVA MIRAFLORES - AV. COMANDANTE ESPIN_8deea8""))",Edge Chromium 131,,,2025-01-20 04:31:06,2025-01-20 04:31:06,0.349s,PASSED
"scrollToElement(findTestObject(""Object Repository/Registro de envíos/cargo adjunto/Page_Olva Courier  Datos Personales/span_No""), 0)",Edge Chromium 131,,,2025-01-20 04:31:06,2025-01-20 04:31:07,0.314s,PASSED
"click(findTestObject(""Object Repository/Registro de envíos/cargo adjunto/Page_Olva Courier  Datos Personales/span_No""))",Edge Chromium 131,,,2025-01-20 04:31:07,2025-01-20 04:31:07,0.341s,PASSED
"click(findTestObject(""Object Repository/Registro de envíos/cargo adjunto/Page_Olva Courier  Datos Personales/a_Si""))",Edge Chromium 131,,,2025-01-20 04:31:07,2025-01-20 04:31:07,0.334s,PASSED
"click(findTestObject(""Object Repository/Registro de envíos/cargo adjunto/Page_Olva Courier  Datos Personales/button_Tipo De Documento""))",Edge Chromium 131,,,2025-01-20 04:31:07,2025-01-20 04:31:08,0.337s,PASSED
"click(findTestObject(""Object Repository/Registro de envíos/cargo adjunto/Page_Olva Courier  Datos Personales/a_DNI""))",Edge Chromium 131,,,2025-01-20 04:31:08,2025-01-20 04:31:08,0.336s,PASSED
"setText(findTestObject(""Object Repository/Registro de envíos/cargo adjunto/Page_Olva Courier  Datos Personales/input_CARN EXT_txt_consignado_dni""), ""12345678"")",Edge Chromium 131,,,2025-01-20 04:31:08,2025-01-20 04:31:09,0.662s,PASSED
"click(findTestObject(""Object Repository/Registro de envíos/cargo adjunto/Page_Olva Courier  Datos Personales/button_CONTINUAR""))",Edge Chromium 131,,,2025-01-20 04:31:09,2025-01-20 04:31:11,2.713s,PASSED
delay(4),Edge Chromium 131,,,2025-01-20 04:31:11,2025-01-20 04:31:15,4.005s,PASSED
"click(findTestObject(""Object Repository/Registro de envíos/cargo adjunto/Page_Olva Courier  Confirma tus datos/button_Cambiar""))",Edge Chromium 131,,,2025-01-20 04:31:15,2025-01-20 04:31:16,0.353s,PASSED
"click(findTestObject(""Object Repository/Registro de envíos/cargo adjunto/Page_Olva Courier  Confirma tus datos/span_Tipo de entrega""))",Edge Chromium 131,,,2025-01-20 04:31:16,2025-01-20 04:31:16,0.353s,PASSED
"click(findTestObject(""Object Repository/Registro de envíos/cargo adjunto/Page_Olva Courier  Confirma tus datos/a_Entrega a domicilio""))",Edge Chromium 131,,,2025-01-20 04:31:16,2025-01-20 04:31:16,0.338s,PASSED
"click(findTestObject(""Object Repository/Registro de envíos/cargo adjunto/Page_Olva Courier  Confirma tus datos/span_Departamento - Provincia - Distrito""))",Edge Chromium 131,,,2025-01-20 04:31:16,2025-01-20 04:31:17,0.302s,PASSED
"click(findTestObject(""Object Repository/Registro de envíos/cargo adjunto/Page_Olva Courier  Confirma tus datos/span_LIMA - LIMA - BARRANCO""))",Edge Chromium 131,,,2025-01-20 04:31:17,2025-01-20 04:31:17,0.352s,PASSED
"setText(findTestObject(""Object Repository/Registro de envíos/cargo adjunto/Page_Olva Courier  Confirma tus datos/input_LIMA - LIMA - VILLA MARIA DEL TRIUNFO_df978c""), ""BARRANCO DIRECCION PRUEBa"")",Edge Chromium 131,,,2025-01-20 04:31:17,2025-01-20 04:31:18,0.817s,PASSED
"setText(findTestObject(""Object Repository/Registro de envíos/cargo adjunto/Page_Olva Courier  Confirma tus datos/input_LIMA - LIMA - VILLA MARIA DEL TRIUNFO_a0a519""), ""PROBANdo"")",Edge Chromium 131,,,2025-01-20 04:31:18,2025-01-20 04:31:19,0.714s,PASSED
"click(findTestObject(""Object Repository/Registro de envíos/cargo adjunto/Page_Olva Courier  Confirma tus datos/button_LIMA - LIMA - BARRANCO""))",Edge Chromium 131,,,2025-01-20 04:31:19,2025-01-20 04:31:19,0.361s,PASSED
"click(findTestObject(""Object Repository/Registro de envíos/cargo adjunto/Page_Olva Courier  Confirma tus datos/span_LIMA - LIMA - CHORRILLOS""))",Edge Chromium 131,,,2025-01-20 04:31:19,2025-01-20 04:31:19,0.341s,PASSED
"click(findTestObject(""Object Repository/Registro de envíos/cargo adjunto/Page_Olva Courier  Confirma tus datos/button_Aceptar""))",Edge Chromium 131,,,2025-01-20 04:31:19,2025-01-20 04:31:20,0.360s,PASSED
"scrollToElement(findTestObject(""Object Repository/Registro de envíos/cargo adjunto/Page_Olva Courier  Confirma tus datos/button_IR A PAGAR S 17.30""), 0)",Edge Chromium 131,,,2025-01-20 04:31:20,2025-01-20 04:31:20,0.336s,PASSED
"click(findTestObject(""Object Repository/Registro de envíos/cargo adjunto/Page_Olva Courier  Confirma tus datos/button_IR A PAGAR S 17.30""))",Edge Chromium 131,,,2025-01-20 04:31:20,2025-01-20 04:31:20,0.329s,PASSED
"setText(findTestObject(""Object Repository/Registro de envíos/cargo adjunto/Page_Olva Courier  Confirma tus datos/input_Tienes envos con recojo en tienda, se_b85f5d""), ""1"")",Edge Chromium 131,,,2025-01-20 04:31:20,2025-01-20 04:31:21,0.744s,PASSED
"setText(findTestObject(""Object Repository/Registro de envíos/cargo adjunto/Page_Olva Courier  Confirma tus datos/input_Tienes envos con recojo en tienda, se_af5936""), ""2"")",Edge Chromium 131,,,2025-01-20 04:31:21,2025-01-20 04:31:22,0.657s,PASSED
"setText(findTestObject(""Object Repository/Registro de envíos/cargo adjunto/Page_Olva Courier  Confirma tus datos/input_Tienes envos con recojo en tienda, se_653975""), ""3"")",Edge Chromium 131,,,2025-01-20 04:31:22,2025-01-20 04:31:22,0.610s,PASSED
"setText(findTestObject(""Object Repository/Registro de envíos/cargo adjunto/Page_Olva Courier  Confirma tus datos/input_Tienes envos con recojo en tienda, se_8615a0""), ""4"")",Edge Chromium 131,,,2025-01-20 04:31:22,2025-01-20 04:31:23,0.652s,PASSED
"click(findTestObject(""Object Repository/Registro de envíos/cargo adjunto/Page_Olva Courier  Confirma tus datos/b_Aceptar""))",Edge Chromium 131,,,2025-01-20 04:31:23,2025-01-20 04:31:23,0.332s,PASSED
"delay(3, STOP_ON_FAILURE)",Edge Chromium 131,,,2025-01-20 04:31:23,2025-01-20 04:31:26,3.004s,PASSED
"scrollToElement(findTestObject(""Object Repository/Registro de envíos/Test cases/b_PagoAgencias""), 0, STOP_ON_FAILURE)",Edge Chromium 131,,,2025-01-20 04:31:26,2025-01-20 04:31:28,1.565s,PASSED
"click(findTestObject(""Object Repository/Registro de envíos/Test cases/b_PagoAgencias""), STOP_ON_FAILURE)",Edge Chromium 131,,,2025-01-20 04:31:28,2025-01-20 04:31:28,0.336s,PASSED
"scrollToElement(findTestObject(""Object Repository/Registro de envíos/Test cases/button_PAGAR""), 0, STOP_ON_FAILURE)",Edge Chromium 131,,,2025-01-20 04:31:28,2025-01-20 04:31:29,0.320s,PASSED
"click(findTestObject(""Object Repository/Registro de envíos/Test cases/button_PAGAR""), STOP_ON_FAILURE)",Edge Chromium 131,,,2025-01-20 04:31:29,2025-01-20 04:31:29,0.335s,PASSED
"verifyElementText(findTestObject(""Object Repository/Registro de envíos/Test cases/span_CorreoPrevnt""), ""Se envió un correo con los detalles de su registro."", STOP_ON_FAILURE)",Edge Chromium 131,,,2025-01-20 04:31:29,2025-01-20 04:31:36,7.210s,PASSED
"verifyElementText(findTestObject(""Object Repository/Registro de envíos/Test cases/span_CorreoPrevnt""), ""Se envió un correo con los detalles de su registro."", STOP_ON_FAILURE)",Edge Chromium 131,,,2025-01-20 04:31:36,2025-01-20 04:31:36,0.317s,PASSED
"verifyElementPresent(findTestObject(""Object Repository/Registro de envíos/Test cases/div_NroPedid""), 0, STOP_ON_FAILURE)",Edge Chromium 131,,,2025-01-20 04:31:36,2025-01-20 04:31:37,0.304s,PASSED
"click(findTestObject(""Object Repository/Registro de envíos/Test cases/button_cntnuar(2)""), STOP_ON_FAILURE)",Edge Chromium 131,,,2025-01-20 04:31:37,2025-01-20 04:32:08,31.263s,FAILED
,,,,,,,
Test Cases/Registro_Envíos/3. Positivas/2. Sobres/Origen Lima/5. Cargo adjunto/7.EditarCargo_Tienda,Edge Chromium 131,,,2025-01-20 04:32:08,2025-01-20 04:33:47,1m - 38.572s,FAILED
"callTestCase(findTestCase(""Registro_Envíos/1.Inicio/1.Principal/Principal-Home""), [:], STOP_ON_FAILURE)",Edge Chromium 131,,,2025-01-20 04:32:08,2025-01-20 04:32:13,4.432s,PASSED
"callTestCase(findTestCase(""Registro_Envíos/1.Inicio/1.Principal/Selecc_sobre""), [:], STOP_ON_FAILURE)",Edge Chromium 131,,,2025-01-20 04:32:13,2025-01-20 04:32:19,6.937s,PASSED
"callTestCase(findTestCase(""Registro_Envíos/1.Inicio/2.Login/4.LoginCE-Colab""), [:], STOP_ON_FAILURE)",Edge Chromium 131,,,2025-01-20 04:32:19,2025-01-20 04:32:21,1.851s,PASSED
"setText(findTestObject(""Registro de envíos/Test cases/Girley/input_Qu Envas_input_descripcion""), ""GHJK"")",Edge Chromium 131,,,2025-01-20 04:32:21,2025-01-20 04:32:22,0.749s,PASSED
"setText(findTestObject(""Registro de envíos/Test cases/Girley/input_Qu Envas_input_valor""), ""12"")",Edge Chromium 131,,,2025-01-20 04:32:22,2025-01-20 04:32:23,0.640s,PASSED
"click(findTestObject(""Object Repository/Registro de envíos/cargo adjunto/Page_Olva Courier  Datos Personales/span_Ingrese el punto de partida""))",Edge Chromium 131,,,2025-01-20 04:32:23,2025-01-20 04:32:23,0.353s,PASSED
"click(findTestObject(""Object Repository/Registro de envíos/cargo adjunto/Page_Olva Courier  Datos Personales/a_LIMA""))",Edge Chromium 131,,,2025-01-20 04:32:23,2025-01-20 04:32:23,0.352s,PASSED
"delay(3, STOP_ON_FAILURE)",Edge Chromium 131,,,2025-01-20 04:32:23,2025-01-20 04:32:26,3.014s,PASSED
"verifyElementPresent(findTestObject(""Object Repository/Registro de envíos/Test cases/div_PROMCOLAB""), 0, STOP_ON_FAILURE)",Edge Chromium 131,,,2025-01-20 04:32:26,2025-01-20 04:32:27,0.300s,PASSED
"click(findTestObject(""Object Repository/Registro de envíos/Test cases/span_""), STOP_ON_FAILURE)",Edge Chromium 131,,,2025-01-20 04:32:27,2025-01-20 04:32:27,0.354s,PASSED
"delay(3, STOP_ON_FAILURE)",Edge Chromium 131,,,2025-01-20 04:32:27,2025-01-20 04:32:30,3.016s,PASSED
"click(findTestObject(""Object Repository/Registro de envíos/cargo adjunto/Page_Olva Courier  Datos Personales/span_Ingrese el punto de llegada""))",Edge Chromium 131,,,2025-01-20 04:32:30,2025-01-20 04:32:30,0.400s,PASSED
"setText(findTestObject(""Object Repository/Registro de envíos/cargo adjunto/Page_Olva Courier  Datos Personales/input_Ingrese el punto de llegada_form-control""), ""miraflores"")",Edge Chromium 131,,,2025-01-20 04:32:30,2025-01-20 04:32:31,0.989s,PASSED
"click(findTestObject(""Object Repository/Registro de envíos/cargo adjunto/Page_Olva Courier  Datos Personales/span_LIMA - LIMA - MIRAFLORES""))",Edge Chromium 131,,,2025-01-20 04:32:31,2025-01-20 04:32:32,0.426s,PASSED
"click(findTestObject(""Object Repository/Registro de envíos/cargo adjunto/Page_Olva Courier  Datos Personales/span_Tipo de entrega""))",Edge Chromium 131,,,2025-01-20 04:32:32,2025-01-20 04:32:32,0.340s,PASSED
"click(findTestObject(""Object Repository/Registro de envíos/cargo adjunto/Page_Olva Courier  Datos Personales/a_Recojo en tienda""))",Edge Chromium 131,,,2025-01-20 04:32:32,2025-01-20 04:32:33,0.385s,PASSED
"click(findTestObject(""Object Repository/Registro de envíos/cargo adjunto/Page_Olva Courier  Datos Personales/span_Tienda""))",Edge Chromium 131,,,2025-01-20 04:32:33,2025-01-20 04:32:33,0.438s,PASSED
"click(findTestObject(""Object Repository/Registro de envíos/cargo adjunto/Page_Olva Courier  Datos Personales/span_OLVA MIRAFLORES - AV. COMANDANTE ESPIN_8deea8""))",Edge Chromium 131,,,2025-01-20 04:32:33,2025-01-20 04:32:33,0.339s,PASSED
"scrollToElement(findTestObject(""Object Repository/Registro de envíos/cargo adjunto/Page_Olva Courier  Datos Personales/span_No""), 0)",Edge Chromium 131,,,2025-01-20 04:32:33,2025-01-20 04:32:34,0.323s,PASSED
"click(findTestObject(""Object Repository/Registro de envíos/cargo adjunto/Page_Olva Courier  Datos Personales/span_No""))",Edge Chromium 131,,,2025-01-20 04:32:34,2025-01-20 04:32:34,0.349s,PASSED
"click(findTestObject(""Object Repository/Registro de envíos/cargo adjunto/Page_Olva Courier  Datos Personales/a_Si""))",Edge Chromium 131,,,2025-01-20 04:32:34,2025-01-20 04:32:34,0.373s,PASSED
"click(findTestObject(""Object Repository/Registro de envíos/cargo adjunto/Page_Olva Courier  Datos Personales/button_Tipo De Documento""))",Edge Chromium 131,,,2025-01-20 04:32:34,2025-01-20 04:32:35,0.314s,PASSED
"click(findTestObject(""Object Repository/Registro de envíos/cargo adjunto/Page_Olva Courier  Datos Personales/a_DNI""))",Edge Chromium 131,,,2025-01-20 04:32:35,2025-01-20 04:32:35,0.323s,PASSED
"setText(findTestObject(""Object Repository/Registro de envíos/cargo adjunto/Page_Olva Courier  Datos Personales/input_CARN EXT_txt_consignado_dni""), ""12345678"")",Edge Chromium 131,,,2025-01-20 04:32:35,2025-01-20 04:32:36,0.721s,PASSED
"click(findTestObject(""Object Repository/Registro de envíos/cargo adjunto/Page_Olva Courier  Datos Personales/button_CONTINUAR""))",Edge Chromium 131,,,2025-01-20 04:32:36,2025-01-20 04:32:44,7.780s,PASSED
delay(4),Edge Chromium 131,,,2025-01-20 04:32:44,2025-01-20 04:32:48,4.003s,PASSED
"click(findTestObject(""Object Repository/Registro de envíos/cargo adjunto/Page_Olva Courier  Confirma tus datos/button_Cambiar""))",Edge Chromium 131,,,2025-01-20 04:32:48,2025-01-20 04:32:48,0.369s,PASSED
"click(findTestObject(""Object Repository/Registro de envíos/cargo adjunto/Page_Olva Courier  Confirma tus datos/span_Tipo de entrega""))",Edge Chromium 131,,,2025-01-20 04:32:48,2025-01-20 04:32:48,0.335s,PASSED
"click(findTestObject(""Object Repository/Registro de envíos/cargo adjunto/Page_Olva Courier  Confirma tus datos/span_Recojo en tienda""))",Edge Chromium 131,,,2025-01-20 04:32:48,2025-01-20 04:32:49,0.349s,PASSED
"click(findTestObject(""Object Repository/Registro de envíos/cargo adjunto/Page_Olva Courier  Confirma tus datos/button_Departamento - Provincia - Distrito""))",Edge Chromium 131,,,2025-01-20 04:32:49,2025-01-20 04:32:56,7.219s,PASSED
"click(findTestObject(""Object Repository/Registro de envíos/cargo adjunto/Page_Olva Courier  Confirma tus datos/span_CALLAO - CALLAO - CALLAO""))",Edge Chromium 131,,,2025-01-20 04:32:56,2025-01-20 04:32:56,0.350s,PASSED
"click(findTestObject(""Object Repository/Registro de envíos/cargo adjunto/Page_Olva Courier  Confirma tus datos/button_Tienda""))",Edge Chromium 131,,,2025-01-20 04:32:56,2025-01-20 04:32:57,0.569s,PASSED
"click(findTestObject(""Object Repository/Registro de envíos/cargo adjunto/Page_Olva Courier  Confirma tus datos/span_OLVA CANTA CALLAO - CALLAO - AV OFICIN_2e9f2e""))",Edge Chromium 131,,,2025-01-20 04:32:57,2025-01-20 04:32:57,0.333s,PASSED
"click(findTestObject(""Object Repository/Registro de envíos/cargo adjunto/Page_Olva Courier  Confirma tus datos/button_Aceptar""))",Edge Chromium 131,,,2025-01-20 04:32:57,2025-01-20 04:32:57,0.326s,PASSED
"scrollToElement(findTestObject(""Object Repository/Registro de envíos/cargo adjunto/Page_Olva Courier  Confirma tus datos/button_IR A PAGAR S 17.30""), 0)",Edge Chromium 131,,,2025-01-20 04:32:57,2025-01-20 04:32:58,0.316s,PASSED
"click(findTestObject(""Object Repository/Registro de envíos/cargo adjunto/Page_Olva Courier  Confirma tus datos/button_IR A PAGAR S 17.30""))",Edge Chromium 131,,,2025-01-20 04:32:58,2025-01-20 04:32:58,0.345s,PASSED
"setText(findTestObject(""Object Repository/Registro de envíos/cargo adjunto/Page_Olva Courier  Confirma tus datos/input_Tienes envos con recojo en tienda, se_b85f5d""), ""1"")",Edge Chromium 131,,,2025-01-20 04:32:58,2025-01-20 04:32:59,0.677s,PASSED
"setText(findTestObject(""Object Repository/Registro de envíos/cargo adjunto/Page_Olva Courier  Confirma tus datos/input_Tienes envos con recojo en tienda, se_af5936""), ""2"")",Edge Chromium 131,,,2025-01-20 04:32:59,2025-01-20 04:32:59,0.658s,PASSED
"setText(findTestObject(""Object Repository/Registro de envíos/cargo adjunto/Page_Olva Courier  Confirma tus datos/input_Tienes envos con recojo en tienda, se_653975""), ""3"")",Edge Chromium 131,,,2025-01-20 04:32:59,2025-01-20 04:33:00,0.662s,PASSED
"setText(findTestObject(""Object Repository/Registro de envíos/cargo adjunto/Page_Olva Courier  Confirma tus datos/input_Tienes envos con recojo en tienda, se_8615a0""), ""4"")",Edge Chromium 131,,,2025-01-20 04:33:00,2025-01-20 04:33:01,0.638s,PASSED
"click(findTestObject(""Object Repository/Registro de envíos/cargo adjunto/Page_Olva Courier  Confirma tus datos/b_Aceptar""))",Edge Chromium 131,,,2025-01-20 04:33:01,2025-01-20 04:33:01,0.363s,PASSED
"delay(3, STOP_ON_FAILURE)",Edge Chromium 131,,,2025-01-20 04:33:01,2025-01-20 04:33:04,3.006s,PASSED
"scrollToElement(findTestObject(""Object Repository/Registro de envíos/Test cases/b_PagoAgencias""), 0, STOP_ON_FAILURE)",Edge Chromium 131,,,2025-01-20 04:33:04,2025-01-20 04:33:06,2.071s,PASSED
"click(findTestObject(""Object Repository/Registro de envíos/Test cases/b_PagoAgencias""), STOP_ON_FAILURE)",Edge Chromium 131,,,2025-01-20 04:33:06,2025-01-20 04:33:07,0.355s,PASSED
"scrollToElement(findTestObject(""Object Repository/Registro de envíos/Test cases/button_PAGAR""), 0, STOP_ON_FAILURE)",Edge Chromium 131,,,2025-01-20 04:33:07,2025-01-20 04:33:07,0.310s,PASSED
"click(findTestObject(""Object Repository/Registro de envíos/Test cases/button_PAGAR""), STOP_ON_FAILURE)",Edge Chromium 131,,,2025-01-20 04:33:07,2025-01-20 04:33:07,0.333s,PASSED
"verifyElementText(findTestObject(""Object Repository/Registro de envíos/Test cases/span_CorreoPrevnt""), ""Se envió un correo con los detalles de su registro."", STOP_ON_FAILURE)",Edge Chromium 131,,,2025-01-20 04:33:07,2025-01-20 04:33:15,7.418s,PASSED
"verifyElementText(findTestObject(""Object Repository/Registro de envíos/Test cases/span_CorreoPrevnt""), ""Se envió un correo con los detalles de su registro."", STOP_ON_FAILURE)",Edge Chromium 131,,,2025-01-20 04:33:15,2025-01-20 04:33:15,0.305s,PASSED
"verifyElementPresent(findTestObject(""Object Repository/Registro de envíos/Test cases/div_NroPedid""), 0, STOP_ON_FAILURE)",Edge Chromium 131,,,2025-01-20 04:33:15,2025-01-20 04:33:15,0.327s,PASSED
"click(findTestObject(""Object Repository/Registro de envíos/Test cases/button_cntnuar(2)""), STOP_ON_FAILURE)",Edge Chromium 131,,,2025-01-20 04:33:15,2025-01-20 04:33:47,31.279s,FAILED
,,,,,,,
Test Cases/Registro_Envíos/3. Positivas/1. Paquetes/Origen Lima/5. Cargo adjunto/1.Paquetes_CE_tdc,Edge Chromium 131,,,2025-01-20 04:33:47,2025-01-20 04:34:57,1m - 10.164s,PASSED
"callTestCase(findTestCase(""Registro_Envíos/1.Inicio/1.Principal/Principal-Home""), [:], STOP_ON_FAILURE)",Edge Chromium 131,,,2025-01-20 04:33:47,2025-01-20 04:33:51,4.496s,PASSED
"callTestCase(findTestCase(""Registro_Envíos/1.Inicio/1.Principal/Selecc_paquete""), [:], STOP_ON_FAILURE)",Edge Chromium 131,,,2025-01-20 04:33:51,2025-01-20 04:34:00,8.539s,PASSED
"callTestCase(findTestCase(""Registro_Envíos/1.Inicio/2.Login/3.Login_CE""), [:], STOP_ON_FAILURE)",Edge Chromium 131,,,2025-01-20 04:34:00,2025-01-20 04:34:02,2.037s,PASSED
"click(findTestObject(""Object Repository/Registro de envíos/Test cases/button_SeleccArt""), STOP_ON_FAILURE)",Edge Chromium 131,,,2025-01-20 04:34:02,2025-01-20 04:34:02,0.384s,PASSED
"click(findTestObject(""Object Repository/Registro de envíos/Test cases/span_ART_LIMP""), STOP_ON_FAILURE)",Edge Chromium 131,,,2025-01-20 04:34:02,2025-01-20 04:34:02,0.359s,PASSED
"setText(findTestObject(""Object Repository/Registro de envíos/Test cases/input_pqte_artic""), ""PRUEBA1"", STOP_ON_FAILURE)",Edge Chromium 131,,,2025-01-20 04:34:02,2025-01-20 04:34:03,0.849s,PASSED
"setText(findTestObject(""Object Repository/Registro de envíos/Test cases/input_pqte_val""), ""12"", STOP_ON_FAILURE)",Edge Chromium 131,,,2025-01-20 04:34:03,2025-01-20 04:34:04,0.663s,PASSED
"setText(findTestObject(""Object Repository/Registro de envíos/Test cases/input_pqte_larg""), ""12"", STOP_ON_FAILURE)",Edge Chromium 131,,,2025-01-20 04:34:04,2025-01-20 04:34:05,0.650s,PASSED
"setText(findTestObject(""Object Repository/Registro de envíos/Test cases/input_pqte_anch""), ""14"", STOP_ON_FAILURE)",Edge Chromium 131,,,2025-01-20 04:34:05,2025-01-20 04:34:05,0.665s,PASSED
"setText(findTestObject(""Object Repository/Registro de envíos/Test cases/input_pqte_alt""), ""15"", STOP_ON_FAILURE)",Edge Chromium 131,,,2025-01-20 04:34:05,2025-01-20 04:34:06,0.642s,PASSED
"setText(findTestObject(""Object Repository/Registro de envíos/Test cases/input_pqte_peso""), ""1"", STOP_ON_FAILURE)",Edge Chromium 131,,,2025-01-20 04:34:06,2025-01-20 04:34:06,0.666s,PASSED
"click(findTestObject(""Object Repository/Registro de envíos/Test cases/span_PuntPartid""), STOP_ON_FAILURE)",Edge Chromium 131,,,2025-01-20 04:34:06,2025-01-20 04:34:07,0.341s,PASSED
"click(findTestObject(""Object Repository/Registro de envíos/Test cases/a_LIMA""), STOP_ON_FAILURE)",Edge Chromium 131,,,2025-01-20 04:34:07,2025-01-20 04:34:07,0.366s,PASSED
"click(findTestObject(""Object Repository/Registro de envíos/Test cases/span_PuntLlegad""), STOP_ON_FAILURE)",Edge Chromium 131,,,2025-01-20 04:34:07,2025-01-20 04:34:09,1.757s,PASSED
"click(findTestObject(""Object Repository/Registro de envíos/Test cases/input_PuntLlegad""), STOP_ON_FAILURE)",Edge Chromium 131,,,2025-01-20 04:34:09,2025-01-20 04:34:09,0.365s,PASSED
"setText(findTestObject(""Object Repository/Registro de envíos/Test cases/input_PuntLlegad""), ""san borja"", STOP_ON_FAILURE)",Edge Chromium 131,,,2025-01-20 04:34:09,2025-01-20 04:34:10,0.936s,PASSED
"delay(4, STOP_ON_FAILURE)",Edge Chromium 131,,,2025-01-20 04:34:10,2025-01-20 04:34:14,4.013s,PASSED
"scrollToElement(findTestObject(""Object Repository/Registro de envíos/Test cases/span_LIM_SanBorj""), 0, STOP_ON_FAILURE)",Edge Chromium 131,,,2025-01-20 04:34:14,2025-01-20 04:34:15,0.340s,PASSED
"click(findTestObject(""Object Repository/Registro de envíos/Test cases/span_LIM_SanBorj""), STOP_ON_FAILURE)",Edge Chromium 131,,,2025-01-20 04:34:15,2025-01-20 04:34:15,0.433s,PASSED
"click(findTestObject(""Object Repository/Registro de envíos/Test cases/span_TipEntreg""), STOP_ON_FAILURE)",Edge Chromium 131,,,2025-01-20 04:34:15,2025-01-20 04:34:15,0.357s,PASSED
"click(findTestObject(""Object Repository/Registro de envíos/Test cases/a_EntregDomic""), STOP_ON_FAILURE)",Edge Chromium 131,,,2025-01-20 04:34:15,2025-01-20 04:34:17,1.753s,PASSED
"scrollToElement(findTestObject(""Object Repository/Registro de envíos/Test cases/input_dir_entreg""), 0, STOP_ON_FAILURE)",Edge Chromium 131,,,2025-01-20 04:34:17,2025-01-20 04:34:17,0.328s,PASSED
"setText(findTestObject(""Object Repository/Registro de envíos/Test cases/input_dir_entreg""), ""Jr. Atahualpa No 602, Callao, Callao"", STOP_ON_FAILURE)",Edge Chromium 131,,,2025-01-20 04:34:17,2025-01-20 04:34:18,0.767s,PASSED
"sendKeys(findTestObject(""Object Repository/Registro de envíos/Test cases/input_dir_entreg""), Keys.chord(ENTER), STOP_ON_FAILURE)",Edge Chromium 131,,,2025-01-20 04:34:18,2025-01-20 04:34:19,1.054s,PASSED
"scrollToElement(findTestObject(""Object Repository/Registro de envíos/Test cases/input_dir_ref""), 0, STOP_ON_FAILURE)",Edge Chromium 131,,,2025-01-20 04:34:19,2025-01-20 04:34:20,0.312s,PASSED
"setText(findTestObject(""Object Repository/Registro de envíos/Test cases/input_dir_ref""), ""ABC"", STOP_ON_FAILURE)",Edge Chromium 131,,,2025-01-20 04:34:20,2025-01-20 04:34:20,0.667s,PASSED
"verifyElementClickable(findTestObject(""Object Repository/u_Qu es esto""))",Edge Chromium 131,,,2025-01-20 04:34:20,2025-01-20 04:34:21,0.295s,PASSED
"click(findTestObject(""Object Repository/button_No""))",Edge Chromium 131,,,2025-01-20 04:34:21,2025-01-20 04:34:21,0.358s,PASSED
"click(findTestObject(""Object Repository/a_Si""))",Edge Chromium 131,,,2025-01-20 04:34:21,2025-01-20 04:34:21,0.347s,PASSED
"click(findTestObject(""Object Repository/span_1 Folio""))",Edge Chromium 131,,,2025-01-20 04:34:21,2025-01-20 04:34:22,0.316s,PASSED
"click(findTestObject(""Object Repository/a_2 Folios""))",Edge Chromium 131,,,2025-01-20 04:34:22,2025-01-20 04:34:22,0.338s,PASSED
"click(findTestObject(""Object Repository/Registro de envíos/Test cases/button_TipDocument""), STOP_ON_FAILURE)",Edge Chromium 131,,,2025-01-20 04:34:22,2025-01-20 04:34:22,0.359s,PASSED
"click(findTestObject(""Registro de envíos/cargo adjunto/Page_Olva Courier  Datos Personales/a_DNI""))",Edge Chromium 131,,,2025-01-20 04:34:22,2025-01-20 04:34:23,0.327s,PASSED
"setText(findTestObject(""Registro de envíos/cargo adjunto/Page_Olva Courier  Datos Personales/input_CARN EXT_txt_consignado_dni""), ""12345678"")",Edge Chromium 131,,,2025-01-20 04:34:23,2025-01-20 04:34:23,0.700s,PASSED
"click(findTestObject(""Registro de envíos/Test cases/button_cntnuar(1)""))",Edge Chromium 131,,,2025-01-20 04:34:23,2025-01-20 04:34:33,9.343s,PASSED
"verifyElementPresent(findTestObject(""Object Repository/div_Direccin de devolucin del cargo""), 0)",Edge Chromium 131,,,2025-01-20 04:34:33,2025-01-20 04:34:36,3.032s,PASSED
"verifyElementText(findTestObject(""Object Repository/th_S 10.00""), ""S/ 10.00"")",Edge Chromium 131,,,2025-01-20 04:34:36,2025-01-20 04:34:36,0.329s,PASSED
"scrollToElement(findTestObject(""Object Repository/Registro de envíos/Test cases/1-Principal/button_IR A PAGAR S 7.30""), 0)",Edge Chromium 131,,,2025-01-20 04:34:36,2025-01-20 04:34:36,0.305s,PASSED
"click(findTestObject(""Object Repository/Registro de envíos/Test cases/1-Principal/button_IR A PAGAR S 7.30""))",Edge Chromium 131,,,2025-01-20 04:34:36,2025-01-20 04:34:37,0.341s,PASSED
"callTestCase(findTestCase(""Registro_Envíos/1.Inicio/3.Pago_envíos/Pago_TDC""), [:], STOP_ON_FAILURE)",Edge Chromium 131,,,2025-01-20 04:34:37,2025-01-20 04:34:57,20.035s,PASSED
,,,,,,,
Test Cases/Registro_Envíos/3. Positivas/1. Paquetes/Origen Lima/5. Cargo adjunto/2.Sobres_DNI_PagoO,Edge Chromium 131,,,2025-01-20 04:34:57,2025-01-20 04:36:02,1m - 5.010s,PASSED
"callTestCase(findTestCase(""Registro_Envíos/1.Inicio/1.Principal/Principal-Home""), [:], STOP_ON_FAILURE)",Edge Chromium 131,,,2025-01-20 04:34:57,2025-01-20 04:35:02,4.987s,PASSED
"callTestCase(findTestCase(""Registro_Envíos/1.Inicio/1.Principal/Selecc_sobre""), [:], STOP_ON_FAILURE)",Edge Chromium 131,,,2025-01-20 04:35:02,2025-01-20 04:35:09,7.083s,PASSED
"callTestCase(findTestCase(""Registro_Envíos/1.Inicio/2.Login/1.Login_DNI""), [:], STOP_ON_FAILURE)",Edge Chromium 131,,,2025-01-20 04:35:09,2025-01-20 04:35:12,3.276s,PASSED
"setText(findTestObject(""Registro de envíos/cargo adjunto/Page_Olva Courier  Datos Personales/input_Qu Envas_input_descripcion""), ""GHJK"")",Edge Chromium 131,,,2025-01-20 04:35:12,2025-01-20 04:35:13,0.652s,PASSED
"setText(findTestObject(""Registro de envíos/cargo adjunto/Page_Olva Courier  Datos Personales/input_Qu Envas_input_valor""), ""12"")",Edge Chromium 131,,,2025-01-20 04:35:13,2025-01-20 04:35:13,0.660s,PASSED
"click(findTestObject(""Object Repository/Registro de envíos/Test cases/span_PuntPartid""), STOP_ON_FAILURE)",Edge Chromium 131,,,2025-01-20 04:35:13,2025-01-20 04:35:14,0.346s,PASSED
"click(findTestObject(""Object Repository/Registro de envíos/Test cases/a_LIMA""), STOP_ON_FAILURE)",Edge Chromium 131,,,2025-01-20 04:35:14,2025-01-20 04:35:14,0.357s,PASSED
"click(findTestObject(""Object Repository/Registro de envíos/Test cases/span_PuntLlegad""), STOP_ON_FAILURE)",Edge Chromium 131,,,2025-01-20 04:35:14,2025-01-20 04:35:16,1.755s,PASSED
"click(findTestObject(""Object Repository/Registro de envíos/Test cases/input_PuntLlegad""), STOP_ON_FAILURE)",Edge Chromium 131,,,2025-01-20 04:35:16,2025-01-20 04:35:16,0.350s,PASSED
"setText(findTestObject(""Object Repository/Registro de envíos/Test cases/input_PuntLlegad""), ""san borja"", STOP_ON_FAILURE)",Edge Chromium 131,,,2025-01-20 04:35:16,2025-01-20 04:35:17,0.935s,PASSED
"delay(4, STOP_ON_FAILURE)",Edge Chromium 131,,,2025-01-20 04:35:17,2025-01-20 04:35:21,4.005s,PASSED
"scrollToElement(findTestObject(""Object Repository/Registro de envíos/Test cases/span_LIM_SanBorj""), 0, STOP_ON_FAILURE)",Edge Chromium 131,,,2025-01-20 04:35:21,2025-01-20 04:35:21,0.322s,PASSED
"click(findTestObject(""Object Repository/Registro de envíos/Test cases/span_LIM_SanBorj""), STOP_ON_FAILURE)",Edge Chromium 131,,,2025-01-20 04:35:21,2025-01-20 04:35:22,0.404s,PASSED
"click(findTestObject(""Object Repository/Registro de envíos/Test cases/span_TipEntreg""), STOP_ON_FAILURE)",Edge Chromium 131,,,2025-01-20 04:35:22,2025-01-20 04:35:22,0.349s,PASSED
"click(findTestObject(""Object Repository/Registro de envíos/Test cases/a_EntregDomic""), STOP_ON_FAILURE)",Edge Chromium 131,,,2025-01-20 04:35:22,2025-01-20 04:35:24,1.637s,PASSED
"scrollToElement(findTestObject(""Object Repository/Registro de envíos/Test cases/input_dir_entreg""), 0, STOP_ON_FAILURE)",Edge Chromium 131,,,2025-01-20 04:35:24,2025-01-20 04:35:24,0.326s,PASSED
"setText(findTestObject(""Object Repository/Registro de envíos/Test cases/input_dir_entreg""), ""Jr. Atahualpa No 602, Callao, Callao"", STOP_ON_FAILURE)",Edge Chromium 131,,,2025-01-20 04:35:24,2025-01-20 04:35:25,0.783s,PASSED
"sendKeys(findTestObject(""Object Repository/Registro de envíos/Test cases/input_dir_entreg""), Keys.chord(ENTER), STOP_ON_FAILURE)",Edge Chromium 131,,,2025-01-20 04:35:25,2025-01-20 04:35:27,1.843s,PASSED
"scrollToElement(findTestObject(""Object Repository/Registro de envíos/Test cases/input_dir_ref""), 0, STOP_ON_FAILURE)",Edge Chromium 131,,,2025-01-20 04:35:27,2025-01-20 04:35:30,3.062s,PASSED
"setText(findTestObject(""Object Repository/Registro de envíos/Test cases/input_dir_ref""), ""ABC"", STOP_ON_FAILURE)",Edge Chromium 131,,,2025-01-20 04:35:30,2025-01-20 04:35:31,0.672s,PASSED
"verifyElementClickable(findTestObject(""Object Repository/u_Qu es esto""))",Edge Chromium 131,,,2025-01-20 04:35:31,2025-01-20 04:35:31,0.314s,PASSED
"click(findTestObject(""Object Repository/button_No""))",Edge Chromium 131,,,2025-01-20 04:35:31,2025-01-20 04:35:31,0.343s,PASSED
"click(findTestObject(""Object Repository/a_Si""))",Edge Chromium 131,,,2025-01-20 04:35:31,2025-01-20 04:35:32,0.410s,PASSED
"click(findTestObject(""Object Repository/span_1 Folio""))",Edge Chromium 131,,,2025-01-20 04:35:32,2025-01-20 04:35:32,0.336s,PASSED
"click(findTestObject(""Object Repository/a_2 Folios""))",Edge Chromium 131,,,2025-01-20 04:35:32,2025-01-20 04:35:32,0.338s,PASSED
"click(findTestObject(""Object Repository/Registro de envíos/Test cases/button_TipDocument""), STOP_ON_FAILURE)",Edge Chromium 131,,,2025-01-20 04:35:32,2025-01-20 04:35:33,0.357s,PASSED
"click(findTestObject(""Registro de envíos/cargo adjunto/Page_Olva Courier  Datos Personales/a_DNI""))",Edge Chromium 131,,,2025-01-20 04:35:33,2025-01-20 04:35:33,0.351s,PASSED
"setText(findTestObject(""Registro de envíos/cargo adjunto/Page_Olva Courier  Datos Personales/input_CARN EXT_txt_consignado_dni""), ""12345678"")",Edge Chromium 131,,,2025-01-20 04:35:33,2025-01-20 04:35:34,0.687s,PASSED
"click(findTestObject(""Registro de envíos/Test cases/button_cntnuar(1)""))",Edge Chromium 131,,,2025-01-20 04:35:34,2025-01-20 04:35:44,10.424s,PASSED
"verifyElementPresent(findTestObject(""div_Direccin de devolucin del cargo""), 0)",Edge Chromium 131,,,2025-01-20 04:35:44,2025-01-20 04:35:46,2.137s,PASSED
"verifyElementText(findTestObject(""th_S 10.00""), ""S/ 10.00"")",Edge Chromium 131,,,2025-01-20 04:35:46,2025-01-20 04:35:47,0.339s,PASSED
"scrollToElement(findTestObject(""Object Repository/Registro de envíos/Test cases/1-Principal/button_IR A PAGAR S 7.30""), 0)",Edge Chromium 131,,,2025-01-20 04:35:47,2025-01-20 04:35:47,0.320s,PASSED
"click(findTestObject(""Object Repository/Registro de envíos/Test cases/1-Principal/button_IR A PAGAR S 7.30""))",Edge Chromium 131,,,2025-01-20 04:35:47,2025-01-20 04:35:47,0.331s,PASSED
"callTestCase(findTestCase(""Registro_Envíos/1.Inicio/3.Pago_envíos/Pago_Tienda""), [:], STOP_ON_FAILURE)",Edge Chromium 131,,,2025-01-20 04:35:47,2025-01-20 04:36:02,14.511s,PASSED
,,,,,,,
Test Cases/Registro_Envíos/3. Positivas/1. Paquetes/Origen Lima/5. Cargo adjunto/5.EditarEnvíoCargo,Edge Chromium 131,,,2025-01-20 04:36:02,2025-01-20 04:37:36,1m - 33.860s,PASSED
"callTestCase(findTestCase(""Registro_Envíos/1.Inicio/1.Principal/Principal-Home""), [:], STOP_ON_FAILURE)",Edge Chromium 131,,,2025-01-20 04:36:02,2025-01-20 04:36:07,5.039s,PASSED
"callTestCase(findTestCase(""Registro_Envíos/1.Inicio/1.Principal/Selecc_sobre""), [:], STOP_ON_FAILURE)",Edge Chromium 131,,,2025-01-20 04:36:07,2025-01-20 04:36:14,7.518s,PASSED
"callTestCase(findTestCase(""Registro_Envíos/1.Inicio/2.Login/1.Login_DNI""), [:], STOP_ON_FAILURE)",Edge Chromium 131,,,2025-01-20 04:36:14,2025-01-20 04:36:18,3.239s,PASSED
"setText(findTestObject(""Registro de envíos/cargo adjunto/Page_Olva Courier  Datos Personales/input_Qu Envas_input_descripcion""), ""GHJK"")",Edge Chromium 131,,,2025-01-20 04:36:18,2025-01-20 04:36:18,0.659s,PASSED
"setText(findTestObject(""Registro de envíos/cargo adjunto/Page_Olva Courier  Datos Personales/input_Qu Envas_input_valor""), ""12"")",Edge Chromium 131,,,2025-01-20 04:36:18,2025-01-20 04:36:19,0.648s,PASSED
"click(findTestObject(""Object Repository/Registro de envíos/Test cases/span_PuntPartid""), STOP_ON_FAILURE)",Edge Chromium 131,,,2025-01-20 04:36:19,2025-01-20 04:36:19,0.328s,PASSED
"click(findTestObject(""Object Repository/Registro de envíos/Test cases/a_LIMA""), STOP_ON_FAILURE)",Edge Chromium 131,,,2025-01-20 04:36:19,2025-01-20 04:36:19,0.330s,PASSED
"click(findTestObject(""Object Repository/Registro de envíos/Test cases/span_PuntLlegad""), STOP_ON_FAILURE)",Edge Chromium 131,,,2025-01-20 04:36:19,2025-01-20 04:36:21,1.805s,PASSED
"click(findTestObject(""Object Repository/Registro de envíos/Test cases/input_PuntLlegad""), STOP_ON_FAILURE)",Edge Chromium 131,,,2025-01-20 04:36:21,2025-01-20 04:36:22,0.334s,PASSED
"setText(findTestObject(""Object Repository/Registro de envíos/Test cases/input_PuntLlegad""), ""san borja"", STOP_ON_FAILURE)",Edge Chromium 131,,,2025-01-20 04:36:22,2025-01-20 04:36:23,0.950s,PASSED
"delay(4, STOP_ON_FAILURE)",Edge Chromium 131,,,2025-01-20 04:36:23,2025-01-20 04:36:27,4.008s,PASSED
"scrollToElement(findTestObject(""Object Repository/Registro de envíos/Test cases/span_LIM_SanBorj""), 0, STOP_ON_FAILURE)",Edge Chromium 131,,,2025-01-20 04:36:27,2025-01-20 04:36:27,0.317s,PASSED
"click(findTestObject(""Object Repository/Registro de envíos/Test cases/span_LIM_SanBorj""), STOP_ON_FAILURE)",Edge Chromium 131,,,2025-01-20 04:36:27,2025-01-20 04:36:27,0.412s,PASSED
"click(findTestObject(""Object Repository/Registro de envíos/Test cases/span_TipEntreg""), STOP_ON_FAILURE)",Edge Chromium 131,,,2025-01-20 04:36:27,2025-01-20 04:36:28,0.343s,PASSED
"click(findTestObject(""Object Repository/Registro de envíos/Test cases/a_EntregDomic""), STOP_ON_FAILURE)",Edge Chromium 131,,,2025-01-20 04:36:28,2025-01-20 04:36:29,1.670s,PASSED
"scrollToElement(findTestObject(""Object Repository/Registro de envíos/Test cases/input_dir_entreg""), 0, STOP_ON_FAILURE)",Edge Chromium 131,,,2025-01-20 04:36:29,2025-01-20 04:36:30,0.313s,PASSED
"setText(findTestObject(""Object Repository/Registro de envíos/Test cases/input_dir_entreg""), ""Jr. Atahualpa No 602, Callao, Callao"", STOP_ON_FAILURE)",Edge Chromium 131,,,2025-01-20 04:36:30,2025-01-20 04:36:30,0.838s,PASSED
"sendKeys(findTestObject(""Object Repository/Registro de envíos/Test cases/input_dir_entreg""), Keys.chord(ENTER), STOP_ON_FAILURE)",Edge Chromium 131,,,2025-01-20 04:36:30,2025-01-20 04:36:49,18.266s,PASSED
"scrollToElement(findTestObject(""Object Repository/Registro de envíos/Test cases/input_dir_ref""), 0, STOP_ON_FAILURE)",Edge Chromium 131,,,2025-01-20 04:36:49,2025-01-20 04:36:49,0.318s,PASSED
"setText(findTestObject(""Object Repository/Registro de envíos/Test cases/input_dir_ref""), ""ABC"", STOP_ON_FAILURE)",Edge Chromium 131,,,2025-01-20 04:36:49,2025-01-20 04:36:50,0.664s,PASSED
"click(findTestObject(""Object Repository/Registro de envíos/Test cases/button_TipDocument""), STOP_ON_FAILURE)",Edge Chromium 131,,,2025-01-20 04:36:50,2025-01-20 04:36:50,0.326s,PASSED
"click(findTestObject(""Registro de envíos/cargo adjunto/Page_Olva Courier  Datos Personales/a_DNI""))",Edge Chromium 131,,,2025-01-20 04:36:50,2025-01-20 04:36:50,0.345s,PASSED
"setText(findTestObject(""Registro de envíos/cargo adjunto/Page_Olva Courier  Datos Personales/input_CARN EXT_txt_consignado_dni""), ""12345678"")",Edge Chromium 131,,,2025-01-20 04:36:50,2025-01-20 04:36:51,0.761s,PASSED
"click(findTestObject(""Registro de envíos/Test cases/button_cntnuar(1)""))",Edge Chromium 131,,,2025-01-20 04:36:51,2025-01-20 04:36:59,7.400s,PASSED
"delay(4, STOP_ON_FAILURE)",Edge Chromium 131,,,2025-01-20 04:36:59,2025-01-20 04:37:03,4.001s,PASSED
"click(findTestObject(""Object Repository/Registro de envíos/valorados/Page_Olva Courier  Confirma tus datos/button_Editar""))",Edge Chromium 131,,,2025-01-20 04:37:03,2025-01-20 04:37:05,2.458s,PASSED
"verifyElementClickable(findTestObject(""Object Repository/u_Qu es esto""))",Edge Chromium 131,,,2025-01-20 04:37:05,2025-01-20 04:37:05,0.285s,PASSED
"scrollToElement(findTestObject(""Object Repository/button_No""), 0)",Edge Chromium 131,,,2025-01-20 04:37:05,2025-01-20 04:37:06,0.307s,PASSED
"click(findTestObject(""Object Repository/button_No""))",Edge Chromium 131,,,2025-01-20 04:37:06,2025-01-20 04:37:06,0.345s,PASSED
"click(findTestObject(""Object Repository/a_Si""))",Edge Chromium 131,,,2025-01-20 04:37:06,2025-01-20 04:37:06,0.408s,PASSED
"click(findTestObject(""Object Repository/span_1 Folio""))",Edge Chromium 131,,,2025-01-20 04:37:06,2025-01-20 04:37:07,0.363s,PASSED
"click(findTestObject(""Object Repository/a_2 Folios""))",Edge Chromium 131,,,2025-01-20 04:37:07,2025-01-20 04:37:07,0.339s,PASSED
"scrollToElement(findTestObject(""Object Repository/Registro de envíos/valorados/Page_Olva Courier  Datos Personales/button_CONTINUAR""), 0)",Edge Chromium 131,,,2025-01-20 04:37:07,2025-01-20 04:37:07,0.319s,PASSED
"click(findTestObject(""Object Repository/Registro de envíos/valorados/Page_Olva Courier  Datos Personales/button_CONTINUAR""))",Edge Chromium 131,,,2025-01-20 04:37:07,2025-01-20 04:37:08,0.372s,PASSED
"delay(4, STOP_ON_FAILURE)",Edge Chromium 131,,,2025-01-20 04:37:08,2025-01-20 04:37:12,4.014s,PASSED
"verifyElementPresent(findTestObject(""Object Repository/div_Direccin de devolucin del cargo""), 0)",Edge Chromium 131,,,2025-01-20 04:37:12,2025-01-20 04:37:12,0.287s,PASSED
"scrollToElement(findTestObject(""Object Repository/th_S 10.00""), 0)",Edge Chromium 131,,,2025-01-20 04:37:12,2025-01-20 04:37:12,0.329s,PASSED
"verifyElementText(findTestObject(""Object Repository/th_S 10.00""), ""S/ 10.00"")",Edge Chromium 131,,,2025-01-20 04:37:12,2025-01-20 04:37:13,0.306s,PASSED
"click(findTestObject(""Object Repository/Difuminado/button_IR A PAGAR S 7.30""))",Edge Chromium 131,,,2025-01-20 04:37:13,2025-01-20 04:37:13,0.350s,PASSED
"callTestCase(findTestCase(""Registro_Envíos/1.Inicio/3.Pago_envíos/Pago_Tienda""), [:], STOP_ON_FAILURE)",Edge Chromium 131,,,2025-01-20 04:37:13,2025-01-20 04:37:36,22.545s,PASSED
,,,,,,,
Test Cases/Registro_Envíos/3. Positivas/1. Paquetes/Origen Lima/5. Cargo adjunto/6.EditarCargo_Domic,Edge Chromium 131,,,2025-01-20 04:37:36,2025-01-20 04:38:46,1m - 10.133s,PASSED
"callTestCase(findTestCase(""Registro_Envíos/1.Inicio/1.Principal/Principal-Home""), [:], STOP_ON_FAILURE)",Edge Chromium 131,,,2025-01-20 04:37:36,2025-01-20 04:37:41,5.086s,PASSED
"callTestCase(findTestCase(""Registro_Envíos/1.Inicio/1.Principal/Selecc_paquete""), [:], STOP_ON_FAILURE)",Edge Chromium 131,,,2025-01-20 04:37:41,2025-01-20 04:37:49,8.352s,PASSED
"callTestCase(findTestCase(""Registro_Envíos/1.Inicio/2.Login/3.Login_CE""), [:], STOP_ON_FAILURE)",Edge Chromium 131,,,2025-01-20 04:37:49,2025-01-20 04:37:51,2.039s,PASSED
"click(findTestObject(""Object Repository/Registro de envíos/Test cases/button_SeleccArt""), STOP_ON_FAILURE)",Edge Chromium 131,,,2025-01-20 04:37:51,2025-01-20 04:37:51,0.335s,PASSED
"click(findTestObject(""Object Repository/Registro de envíos/Test cases/span_ART_LIMP""), STOP_ON_FAILURE)",Edge Chromium 131,,,2025-01-20 04:37:51,2025-01-20 04:37:52,0.354s,PASSED
"setText(findTestObject(""Object Repository/Registro de envíos/Test cases/input_pqte_artic""), ""PRUEBA1"", STOP_ON_FAILURE)",Edge Chromium 131,,,2025-01-20 04:37:52,2025-01-20 04:37:52,0.697s,PASSED
"setText(findTestObject(""Object Repository/Registro de envíos/Test cases/input_pqte_val""), ""12"", STOP_ON_FAILURE)",Edge Chromium 131,,,2025-01-20 04:37:52,2025-01-20 04:37:53,0.736s,PASSED
"setText(findTestObject(""Object Repository/Registro de envíos/Test cases/input_pqte_larg""), ""12"", STOP_ON_FAILURE)",Edge Chromium 131,,,2025-01-20 04:37:53,2025-01-20 04:37:54,0.668s,PASSED
"setText(findTestObject(""Object Repository/Registro de envíos/Test cases/input_pqte_anch""), ""14"", STOP_ON_FAILURE)",Edge Chromium 131,,,2025-01-20 04:37:54,2025-01-20 04:37:54,0.663s,PASSED
"setText(findTestObject(""Object Repository/Registro de envíos/Test cases/input_pqte_alt""), ""15"", STOP_ON_FAILURE)",Edge Chromium 131,,,2025-01-20 04:37:54,2025-01-20 04:37:55,0.677s,PASSED
"setText(findTestObject(""Object Repository/Registro de envíos/Test cases/input_pqte_peso""), ""1"", STOP_ON_FAILURE)",Edge Chromium 131,,,2025-01-20 04:37:55,2025-01-20 04:37:56,0.767s,PASSED
"click(findTestObject(""Object Repository/Registro de envíos/cargo adjunto/Page_Olva Courier  Datos Personales/span_Ingrese el punto de partida""))",Edge Chromium 131,,,2025-01-20 04:37:56,2025-01-20 04:37:56,0.343s,PASSED
"click(findTestObject(""Object Repository/Registro de envíos/cargo adjunto/Page_Olva Courier  Datos Personales/a_LIMA""))",Edge Chromium 131,,,2025-01-20 04:37:56,2025-01-20 04:37:57,0.353s,PASSED
"click(findTestObject(""Object Repository/Registro de envíos/cargo adjunto/Page_Olva Courier  Datos Personales/span_Ingrese el punto de llegada""))",Edge Chromium 131,,,2025-01-20 04:37:57,2025-01-20 04:37:59,1.938s,PASSED
"setText(findTestObject(""Object Repository/Registro de envíos/cargo adjunto/Page_Olva Courier  Datos Personales/input_Ingrese el punto de llegada_form-control""), ""miraflores"")",Edge Chromium 131,,,2025-01-20 04:37:59,2025-01-20 04:38:00,1.031s,PASSED
"click(findTestObject(""Object Repository/Registro de envíos/cargo adjunto/Page_Olva Courier  Datos Personales/span_LIMA - LIMA - MIRAFLORES""))",Edge Chromium 131,,,2025-01-20 04:38:00,2025-01-20 04:38:00,0.414s,PASSED
"scrollToElement(findTestObject(""Object Repository/Registro de envíos/cargo adjunto/Page_Olva Courier  Datos Personales/span_Tipo de entrega""), 0)",Edge Chromium 131,,,2025-01-20 04:38:00,2025-01-20 04:38:00,0.350s,PASSED
"click(findTestObject(""Object Repository/Registro de envíos/cargo adjunto/Page_Olva Courier  Datos Personales/span_Tipo de entrega""))",Edge Chromium 131,,,2025-01-20 04:38:00,2025-01-20 04:38:01,0.356s,PASSED
"click(findTestObject(""Object Repository/Registro de envíos/cargo adjunto/Page_Olva Courier  Datos Personales/a_Recojo en tienda""))",Edge Chromium 131,,,2025-01-20 04:38:01,2025-01-20 04:38:01,0.395s,PASSED
"click(findTestObject(""Object Repository/Registro de envíos/cargo adjunto/Page_Olva Courier  Datos Personales/span_Tienda""))",Edge Chromium 131,,,2025-01-20 04:38:01,2025-01-20 04:38:02,0.455s,PASSED
"click(findTestObject(""Object Repository/Registro de envíos/cargo adjunto/Page_Olva Courier  Datos Personales/span_OLVA MIRAFLORES - AV. COMANDANTE ESPIN_8deea8""))",Edge Chromium 131,,,2025-01-20 04:38:02,2025-01-20 04:38:02,0.344s,PASSED
"click(findTestObject(""Object Repository/Registro de envíos/cargo adjunto/Page_Olva Courier  Datos Personales/span_No""))",Edge Chromium 131,,,2025-01-20 04:38:02,2025-01-20 04:38:02,0.346s,PASSED
"click(findTestObject(""Object Repository/Registro de envíos/cargo adjunto/Page_Olva Courier  Datos Personales/a_Si""))",Edge Chromium 131,,,2025-01-20 04:38:02,2025-01-20 04:38:03,0.331s,PASSED
"click(findTestObject(""Object Repository/Registro de envíos/cargo adjunto/Page_Olva Courier  Datos Personales/button_Tipo De Documento""))",Edge Chromium 131,,,2025-01-20 04:38:03,2025-01-20 04:38:03,0.320s,PASSED
"click(findTestObject(""Object Repository/Registro de envíos/cargo adjunto/Page_Olva Courier  Datos Personales/a_DNI""))",Edge Chromium 131,,,2025-01-20 04:38:03,2025-01-20 04:38:03,0.353s,PASSED
"setText(findTestObject(""Object Repository/Registro de envíos/cargo adjunto/Page_Olva Courier  Datos Personales/input_CARN EXT_txt_consignado_dni""), ""12345678"")",Edge Chromium 131,,,2025-01-20 04:38:03,2025-01-20 04:38:04,0.673s,PASSED
"click(findTestObject(""Object Repository/Registro de envíos/cargo adjunto/Page_Olva Courier  Datos Personales/button_CONTINUAR""))",Edge Chromium 131,,,2025-01-20 04:38:04,2025-01-20 04:38:16,11.770s,PASSED
delay(4),Edge Chromium 131,,,2025-01-20 04:38:16,2025-01-20 04:38:20,4.003s,PASSED
"click(findTestObject(""Object Repository/Registro de envíos/cargo adjunto/Page_Olva Courier  Confirma tus datos/button_Cambiar""))",Edge Chromium 131,,,2025-01-20 04:38:20,2025-01-20 04:38:20,0.347s,PASSED
"click(findTestObject(""Object Repository/Registro de envíos/cargo adjunto/Page_Olva Courier  Confirma tus datos/span_Tipo de entrega""))",Edge Chromium 131,,,2025-01-20 04:38:20,2025-01-20 04:38:20,0.352s,PASSED
"click(findTestObject(""Object Repository/Registro de envíos/cargo adjunto/Page_Olva Courier  Confirma tus datos/a_Entrega a domicilio""))",Edge Chromium 131,,,2025-01-20 04:38:20,2025-01-20 04:38:21,0.335s,PASSED
"click(findTestObject(""Object Repository/Registro de envíos/cargo adjunto/Page_Olva Courier  Confirma tus datos/span_Departamento - Provincia - Distrito""))",Edge Chromium 131,,,2025-01-20 04:38:21,2025-01-20 04:38:21,0.338s,PASSED
"click(findTestObject(""Object Repository/Registro de envíos/cargo adjunto/Page_Olva Courier  Confirma tus datos/span_LIMA - LIMA - BARRANCO""))",Edge Chromium 131,,,2025-01-20 04:38:21,2025-01-20 04:38:21,0.354s,PASSED
"setText(findTestObject(""Object Repository/Registro de envíos/cargo adjunto/Page_Olva Courier  Confirma tus datos/input_LIMA - LIMA - VILLA MARIA DEL TRIUNFO_df978c""), ""BARRANCO DIRECCION PRUEBa"")",Edge Chromium 131,,,2025-01-20 04:38:21,2025-01-20 04:38:22,0.687s,PASSED
"setText(findTestObject(""Object Repository/Registro de envíos/cargo adjunto/Page_Olva Courier  Confirma tus datos/input_LIMA - LIMA - VILLA MARIA DEL TRIUNFO_a0a519""), ""PROBANdo"")",Edge Chromium 131,,,2025-01-20 04:38:22,2025-01-20 04:38:23,0.659s,PASSED
"click(findTestObject(""Object Repository/Registro de envíos/cargo adjunto/Page_Olva Courier  Confirma tus datos/button_LIMA - LIMA - BARRANCO""))",Edge Chromium 131,,,2025-01-20 04:38:23,2025-01-20 04:38:23,0.344s,PASSED
"click(findTestObject(""Object Repository/Registro de envíos/cargo adjunto/Page_Olva Courier  Confirma tus datos/span_LIMA - LIMA - CHORRILLOS""))",Edge Chromium 131,,,2025-01-20 04:38:23,2025-01-20 04:38:23,0.342s,PASSED
"click(findTestObject(""Object Repository/Registro de envíos/cargo adjunto/Page_Olva Courier  Confirma tus datos/button_Aceptar""))",Edge Chromium 131,,,2025-01-20 04:38:23,2025-01-20 04:38:24,0.336s,PASSED
"scrollToElement(findTestObject(""Object Repository/Registro de envíos/cargo adjunto/Page_Olva Courier  Confirma tus datos/button_IR A PAGAR S 17.30""), 0)",Edge Chromium 131,,,2025-01-20 04:38:24,2025-01-20 04:38:24,0.318s,PASSED
"click(findTestObject(""Object Repository/Registro de envíos/cargo adjunto/Page_Olva Courier  Confirma tus datos/button_IR A PAGAR S 17.30""))",Edge Chromium 131,,,2025-01-20 04:38:24,2025-01-20 04:38:24,0.336s,PASSED
"setText(findTestObject(""Object Repository/Registro de envíos/cargo adjunto/Page_Olva Courier  Confirma tus datos/input_Tienes envos con recojo en tienda, se_b85f5d""), ""1"")",Edge Chromium 131,,,2025-01-20 04:38:24,2025-01-20 04:38:25,0.677s,PASSED
"setText(findTestObject(""Object Repository/Registro de envíos/cargo adjunto/Page_Olva Courier  Confirma tus datos/input_Tienes envos con recojo en tienda, se_af5936""), ""2"")",Edge Chromium 131,,,2025-01-20 04:38:25,2025-01-20 04:38:26,0.656s,PASSED
"setText(findTestObject(""Object Repository/Registro de envíos/cargo adjunto/Page_Olva Courier  Confirma tus datos/input_Tienes envos con recojo en tienda, se_653975""), ""3"")",Edge Chromium 131,,,2025-01-20 04:38:26,2025-01-20 04:38:26,0.654s,PASSED
"setText(findTestObject(""Object Repository/Registro de envíos/cargo adjunto/Page_Olva Courier  Confirma tus datos/input_Tienes envos con recojo en tienda, se_8615a0""), ""4"")",Edge Chromium 131,,,2025-01-20 04:38:26,2025-01-20 04:38:27,0.678s,PASSED
"click(findTestObject(""Object Repository/Registro de envíos/cargo adjunto/Page_Olva Courier  Confirma tus datos/b_Aceptar""))",Edge Chromium 131,,,2025-01-20 04:38:27,2025-01-20 04:38:28,0.377s,PASSED
"delay(3, STOP_ON_FAILURE)",Edge Chromium 131,,,2025-01-20 04:38:28,2025-01-20 04:38:31,3.007s,PASSED
"scrollToElement(findTestObject(""Object Repository/Registro de envíos/Test cases/b_PagoAgencias""), 0, STOP_ON_FAILURE)",Edge Chromium 131,,,2025-01-20 04:38:31,2025-01-20 04:38:33,2.371s,PASSED
"click(findTestObject(""Object Repository/Registro de envíos/Test cases/b_PagoAgencias""), STOP_ON_FAILURE)",Edge Chromium 131,,,2025-01-20 04:38:33,2025-01-20 04:38:33,0.354s,PASSED
"scrollToElement(findTestObject(""Object Repository/Registro de envíos/Test cases/button_PAGAR""), 0, STOP_ON_FAILURE)",Edge Chromium 131,,,2025-01-20 04:38:33,2025-01-20 04:38:34,0.300s,PASSED
"click(findTestObject(""Object Repository/Registro de envíos/Test cases/button_PAGAR""), STOP_ON_FAILURE)",Edge Chromium 131,,,2025-01-20 04:38:34,2025-01-20 04:38:34,0.338s,PASSED
"verifyElementText(findTestObject(""Object Repository/Registro de envíos/Test cases/span_CorreoPrevnt""), ""Se envió un correo con los detalles de su registro."", STOP_ON_FAILURE)",Edge Chromium 131,,,2025-01-20 04:38:34,2025-01-20 04:38:45,11.233s,PASSED
"verifyElementText(findTestObject(""Object Repository/Registro de envíos/Test cases/span_CorreoPrevnt""), ""Se envió un correo con los detalles de su registro."", STOP_ON_FAILURE)",Edge Chromium 131,,,2025-01-20 04:38:45,2025-01-20 04:38:45,0.309s,PASSED
"verifyElementPresent(findTestObject(""Object Repository/Registro de envíos/Test cases/div_NroPedid""), 0, STOP_ON_FAILURE)",Edge Chromium 131,,,2025-01-20 04:38:45,2025-01-20 04:38:46,0.282s,PASSED
,,,,,,,
Test Cases/Registro_Envíos/3. Positivas/1. Paquetes/Origen Lima/5. Cargo adjunto/7.EditarCargo_Tienda,Edge Chromium 131,,,2025-01-20 04:38:46,2025-01-20 04:40:32,1m - 46.019s,PASSED
"callTestCase(findTestCase(""Registro_Envíos/1.Inicio/1.Principal/Principal-Home""), [:], STOP_ON_FAILURE)",Edge Chromium 131,,,2025-01-20 04:38:46,2025-01-20 04:38:50,4.412s,PASSED
"callTestCase(findTestCase(""Registro_Envíos/1.Inicio/1.Principal/Selecc_paquete""), [:], STOP_ON_FAILURE)",Edge Chromium 131,,,2025-01-20 04:38:50,2025-01-20 04:38:59,8.830s,PASSED
"callTestCase(findTestCase(""Registro_Envíos/1.Inicio/2.Login/3.Login_CE""), [:], STOP_ON_FAILURE)",Edge Chromium 131,,,2025-01-20 04:38:59,2025-01-20 04:39:01,2.325s,PASSED
"click(findTestObject(""Object Repository/Registro de envíos/Test cases/button_SeleccArt""), STOP_ON_FAILURE)",Edge Chromium 131,,,2025-01-20 04:39:01,2025-01-20 04:39:02,0.385s,PASSED
"click(findTestObject(""Object Repository/Registro de envíos/Test cases/span_ART_LIMP""), STOP_ON_FAILURE)",Edge Chromium 131,,,2025-01-20 04:39:02,2025-01-20 04:39:02,0.347s,PASSED
"setText(findTestObject(""Object Repository/Registro de envíos/Test cases/input_pqte_artic""), ""PRUEBA1"", STOP_ON_FAILURE)",Edge Chromium 131,,,2025-01-20 04:39:02,2025-01-20 04:39:03,0.723s,PASSED
"setText(findTestObject(""Object Repository/Registro de envíos/Test cases/input_pqte_val""), ""12"", STOP_ON_FAILURE)",Edge Chromium 131,,,2025-01-20 04:39:03,2025-01-20 04:39:03,0.662s,PASSED
"setText(findTestObject(""Object Repository/Registro de envíos/Test cases/input_pqte_larg""), ""12"", STOP_ON_FAILURE)",Edge Chromium 131,,,2025-01-20 04:39:03,2025-01-20 04:39:04,0.672s,PASSED
"setText(findTestObject(""Object Repository/Registro de envíos/Test cases/input_pqte_anch""), ""14"", STOP_ON_FAILURE)",Edge Chromium 131,,,2025-01-20 04:39:04,2025-01-20 04:39:05,0.661s,PASSED
"setText(findTestObject(""Object Repository/Registro de envíos/Test cases/input_pqte_alt""), ""15"", STOP_ON_FAILURE)",Edge Chromium 131,,,2025-01-20 04:39:05,2025-01-20 04:39:05,0.663s,PASSED
"setText(findTestObject(""Object Repository/Registro de envíos/Test cases/input_pqte_peso""), ""1"", STOP_ON_FAILURE)",Edge Chromium 131,,,2025-01-20 04:39:05,2025-01-20 04:39:06,0.655s,PASSED
"click(findTestObject(""Object Repository/Registro de envíos/cargo adjunto/Page_Olva Courier  Datos Personales/span_Ingrese el punto de partida""))",Edge Chromium 131,,,2025-01-20 04:39:06,2025-01-20 04:39:06,0.345s,PASSED
"click(findTestObject(""Object Repository/Registro de envíos/cargo adjunto/Page_Olva Courier  Datos Personales/a_LIMA""))",Edge Chromium 131,,,2025-01-20 04:39:06,2025-01-20 04:39:07,0.355s,PASSED
"click(findTestObject(""Object Repository/Registro de envíos/cargo adjunto/Page_Olva Courier  Datos Personales/span_Ingrese el punto de llegada""))",Edge Chromium 131,,,2025-01-20 04:39:07,2025-01-20 04:39:10,3.119s,PASSED
"setText(findTestObject(""Object Repository/Registro de envíos/cargo adjunto/Page_Olva Courier  Datos Personales/input_Ingrese el punto de llegada_form-control""), ""miraflores"")",Edge Chromium 131,,,2025-01-20 04:39:10,2025-01-20 04:39:11,0.984s,PASSED
"click(findTestObject(""Object Repository/Registro de envíos/cargo adjunto/Page_Olva Courier  Datos Personales/span_LIMA - LIMA - MIRAFLORES""))",Edge Chromium 131,,,2025-01-20 04:39:11,2025-01-20 04:39:11,0.427s,PASSED
"scrollToElement(findTestObject(""Object Repository/Registro de envíos/cargo adjunto/Page_Olva Courier  Datos Personales/span_Tipo de entrega""), 0)",Edge Chromium 131,,,2025-01-20 04:39:11,2025-01-20 04:39:12,0.316s,PASSED
"click(findTestObject(""Object Repository/Registro de envíos/cargo adjunto/Page_Olva Courier  Datos Personales/span_Tipo de entrega""))",Edge Chromium 131,,,2025-01-20 04:39:12,2025-01-20 04:39:12,0.357s,PASSED
"click(findTestObject(""Object Repository/Registro de envíos/cargo adjunto/Page_Olva Courier  Datos Personales/a_Recojo en tienda""))",Edge Chromium 131,,,2025-01-20 04:39:12,2025-01-20 04:39:12,0.398s,PASSED
"click(findTestObject(""Object Repository/Registro de envíos/cargo adjunto/Page_Olva Courier  Datos Personales/span_Tienda""))",Edge Chromium 131,,,2025-01-20 04:39:12,2025-01-20 04:39:15,2.171s,PASSED
"click(findTestObject(""Object Repository/Registro de envíos/cargo adjunto/Page_Olva Courier  Datos Personales/span_OLVA MIRAFLORES - AV. COMANDANTE ESPIN_8deea8""))",Edge Chromium 131,,,2025-01-20 04:39:15,2025-01-20 04:39:15,0.351s,PASSED
"click(findTestObject(""Object Repository/Registro de envíos/cargo adjunto/Page_Olva Courier  Datos Personales/span_No""))",Edge Chromium 131,,,2025-01-20 04:39:15,2025-01-20 04:39:15,0.326s,PASSED
"click(findTestObject(""Object Repository/Registro de envíos/cargo adjunto/Page_Olva Courier  Datos Personales/a_Si""))",Edge Chromium 131,,,2025-01-20 04:39:15,2025-01-20 04:39:16,0.324s,PASSED
"click(findTestObject(""Object Repository/Registro de envíos/cargo adjunto/Page_Olva Courier  Datos Personales/button_Tipo De Documento""))",Edge Chromium 131,,,2025-01-20 04:39:16,2025-01-20 04:39:16,0.331s,PASSED
"click(findTestObject(""Object Repository/Registro de envíos/cargo adjunto/Page_Olva Courier  Datos Personales/a_DNI""))",Edge Chromium 131,,,2025-01-20 04:39:16,2025-01-20 04:39:16,0.362s,PASSED
"setText(findTestObject(""Object Repository/Registro de envíos/cargo adjunto/Page_Olva Courier  Datos Personales/input_CARN EXT_txt_consignado_dni""), ""12345678"")",Edge Chromium 131,,,2025-01-20 04:39:16,2025-01-20 04:39:17,0.697s,PASSED
"click(findTestObject(""Object Repository/Registro de envíos/cargo adjunto/Page_Olva Courier  Datos Personales/button_CONTINUAR""))",Edge Chromium 131,,,2025-01-20 04:39:17,2025-01-20 04:39:25,8.447s,PASSED
delay(4),Edge Chromium 131,,,2025-01-20 04:39:25,2025-01-20 04:39:29,4.000s,PASSED
"click(findTestObject(""Object Repository/Registro de envíos/cargo adjunto/Page_Olva Courier  Confirma tus datos/button_Cambiar""))",Edge Chromium 131,,,2025-01-20 04:39:29,2025-01-20 04:39:32,2.180s,PASSED
"click(findTestObject(""Object Repository/Registro de envíos/cargo adjunto/Page_Olva Courier  Confirma tus datos/span_Tipo de entrega""))",Edge Chromium 131,,,2025-01-20 04:39:32,2025-01-20 04:39:32,0.353s,PASSED
"click(findTestObject(""Object Repository/Registro de envíos/cargo adjunto/Page_Olva Courier  Confirma tus datos/span_Recojo en tienda""))",Edge Chromium 131,,,2025-01-20 04:39:32,2025-01-20 04:39:32,0.342s,PASSED
"click(findTestObject(""Object Repository/Registro de envíos/cargo adjunto/Page_Olva Courier  Confirma tus datos/button_Departamento - Provincia - Distrito""))",Edge Chromium 131,,,2025-01-20 04:39:32,2025-01-20 04:39:35,2.570s,PASSED
"click(findTestObject(""Object Repository/Registro de envíos/cargo adjunto/Page_Olva Courier  Confirma tus datos/span_CALLAO - CALLAO - CALLAO""))",Edge Chromium 131,,,2025-01-20 04:39:35,2025-01-20 04:39:35,0.344s,PASSED
"click(findTestObject(""Object Repository/Registro de envíos/cargo adjunto/Page_Olva Courier  Confirma tus datos/button_Tienda""))",Edge Chromium 131,,,2025-01-20 04:39:35,2025-01-20 04:39:38,2.549s,PASSED
"click(findTestObject(""Object Repository/Registro de envíos/cargo adjunto/Page_Olva Courier  Confirma tus datos/span_OLVA CANTA CALLAO - CALLAO - AV OFICIN_2e9f2e""))",Edge Chromium 131,,,2025-01-20 04:39:38,2025-01-20 04:39:38,0.339s,PASSED
"click(findTestObject(""Object Repository/Registro de envíos/cargo adjunto/Page_Olva Courier  Confirma tus datos/button_Tienda""))",Edge Chromium 131,,,2025-01-20 04:39:38,2025-01-20 04:39:38,0.322s,PASSED
"click(findTestObject(""Object Repository/Registro de envíos/cargo adjunto/Page_Olva Courier  Confirma tus datos/span_AGENTE OLVA ATE - PLAZA VITARTE BRI ST_5abd40""))",Edge Chromium 131,,,2025-01-20 04:39:38,2025-01-20 04:39:39,0.360s,PASSED
"click(findTestObject(""Object Repository/Registro de envíos/cargo adjunto/Page_Olva Courier  Confirma tus datos/button_Aceptar""))",Edge Chromium 131,,,2025-01-20 04:39:39,2025-01-20 04:39:39,0.343s,PASSED
"scrollToElement(findTestObject(""Object Repository/Registro de envíos/cargo adjunto/Page_Olva Courier  Confirma tus datos/button_IR A PAGAR S 17.30""), 0)",Edge Chromium 131,,,2025-01-20 04:39:39,2025-01-20 04:39:39,0.325s,PASSED
"click(findTestObject(""Object Repository/Registro de envíos/cargo adjunto/Page_Olva Courier  Confirma tus datos/button_IR A PAGAR S 17.30""))",Edge Chromium 131,,,2025-01-20 04:39:39,2025-01-20 04:39:40,0.334s,PASSED
"setText(findTestObject(""Object Repository/Registro de envíos/cargo adjunto/Page_Olva Courier  Confirma tus datos/input_Tienes envos con recojo en tienda, se_b85f5d""), ""1"")",Edge Chromium 131,,,2025-01-20 04:39:40,2025-01-20 04:39:40,0.700s,PASSED
"setText(findTestObject(""Object Repository/Registro de envíos/cargo adjunto/Page_Olva Courier  Confirma tus datos/input_Tienes envos con recojo en tienda, se_af5936""), ""2"")",Edge Chromium 131,,,2025-01-20 04:39:40,2025-01-20 04:39:41,0.651s,PASSED
"setText(findTestObject(""Object Repository/Registro de envíos/cargo adjunto/Page_Olva Courier  Confirma tus datos/input_Tienes envos con recojo en tienda, se_653975""), ""3"")",Edge Chromium 131,,,2025-01-20 04:39:41,2025-01-20 04:39:42,0.644s,PASSED
"setText(findTestObject(""Object Repository/Registro de envíos/cargo adjunto/Page_Olva Courier  Confirma tus datos/input_Tienes envos con recojo en tienda, se_8615a0""), ""4"")",Edge Chromium 131,,,2025-01-20 04:39:42,2025-01-20 04:39:42,0.757s,PASSED
"click(findTestObject(""Object Repository/Registro de envíos/cargo adjunto/Page_Olva Courier  Confirma tus datos/b_Aceptar""))",Edge Chromium 131,,,2025-01-20 04:39:42,2025-01-20 04:39:43,0.331s,PASSED
"delay(3, STOP_ON_FAILURE)",Edge Chromium 131,,,2025-01-20 04:39:43,2025-01-20 04:39:46,3.006s,PASSED
"scrollToElement(findTestObject(""Object Repository/Registro de envíos/Test cases/b_PagoAgencias""), 0, STOP_ON_FAILURE)",Edge Chromium 131,,,2025-01-20 04:39:46,2025-01-20 04:40:01,15.126s,PASSED
"click(findTestObject(""Object Repository/Registro de envíos/Test cases/b_PagoAgencias""), STOP_ON_FAILURE)",Edge Chromium 131,,,2025-01-20 04:40:01,2025-01-20 04:40:01,0.397s,PASSED
"scrollToElement(findTestObject(""Object Repository/Registro de envíos/Test cases/button_PAGAR""), 0, STOP_ON_FAILURE)",Edge Chromium 131,,,2025-01-20 04:40:01,2025-01-20 04:40:02,0.329s,PASSED
"click(findTestObject(""Object Repository/Registro de envíos/Test cases/button_PAGAR""), STOP_ON_FAILURE)",Edge Chromium 131,,,2025-01-20 04:40:02,2025-01-20 04:40:02,0.342s,PASSED
"verifyElementText(findTestObject(""Object Repository/Registro de envíos/Test cases/span_CorreoPrevnt""), ""Se envió un correo con los detalles de su registro."", STOP_ON_FAILURE)",Edge Chromium 131,,,2025-01-20 04:40:02,2025-01-20 04:40:31,29.080s,PASSED
"verifyElementText(findTestObject(""Object Repository/Registro de envíos/Test cases/span_CorreoPrevnt""), ""Se envió un correo con los detalles de su registro."", STOP_ON_FAILURE)",Edge Chromium 131,,,2025-01-20 04:40:31,2025-01-20 04:40:31,0.331s,PASSED
"verifyElementPresent(findTestObject(""Object Repository/Registro de envíos/Test cases/div_NroPedid""), 0, STOP_ON_FAILURE)",Edge Chromium 131,,,2025-01-20 04:40:31,2025-01-20 04:40:32,0.316s,PASSED
,,,,,,,
Test Cases/Registro_Envíos/3. Positivas/2. Sobres/Origen provincia/2.Girley/Geo sin seleccionar/6. Limpiar y digitar dirección,Edge Chromium 131,,,2025-01-20 04:40:32,2025-01-20 04:42:20,1m - 48.097s,PASSED
"callTestCase(findTestCase(""Registro_Envíos/1.Inicio/1.Principal/Principal-Home""), [:], STOP_ON_FAILURE)",Edge Chromium 131,,,2025-01-20 04:40:32,2025-01-20 04:40:36,4.559s,PASSED
"callTestCase(findTestCase(""Registro_Envíos/1.Inicio/1.Principal/Selecc_sobre""), [:], STOP_ON_FAILURE)",Edge Chromium 131,,,2025-01-20 04:40:36,2025-01-20 04:40:45,8.431s,PASSED
"callTestCase(findTestCase(""Registro_Envíos/1.Inicio/2.Login/4.LoginCE-Colab""), [:], STOP_ON_FAILURE)",Edge Chromium 131,,,2025-01-20 04:40:45,2025-01-20 04:40:47,2.000s,PASSED
"setText(findTestObject(""Registro de envíos/Test cases/Girley/input_Qu Envas_input_descripcion""), ""GHJK"")",Edge Chromium 131,,,2025-01-20 04:40:47,2025-01-20 04:40:48,0.676s,PASSED
"setText(findTestObject(""Registro de envíos/Test cases/Girley/input_Qu Envas_input_valor""), ""12"")",Edge Chromium 131,,,2025-01-20 04:40:48,2025-01-20 04:40:48,0.686s,PASSED
"click(findTestObject(""Object Repository/Registro de envíos/Test cases/span_PuntPartid""), STOP_ON_FAILURE)",Edge Chromium 131,,,2025-01-20 04:40:48,2025-01-20 04:40:49,0.332s,PASSED
"click(findTestObject(""Object Repository/Registro de envíos/valorados/Page_Olva Courier  Datos Personales/a_AREQUIPA""))",Edge Chromium 131,,,2025-01-20 04:40:49,2025-01-20 04:40:49,0.368s,PASSED
"click(findTestObject(""Object Repository/Registro de envíos/Test cases/span_PuntLlegad""), STOP_ON_FAILURE)",Edge Chromium 131,,,2025-01-20 04:40:49,2025-01-20 04:40:54,4.636s,PASSED
"click(findTestObject(""Object Repository/Registro de envíos/Test cases/input_PuntLlegad""), STOP_ON_FAILURE)",Edge Chromium 131,,,2025-01-20 04:40:54,2025-01-20 04:40:54,0.345s,PASSED
"setText(findTestObject(""Object Repository/Registro de envíos/Test cases/input_PuntLlegad""), ""san borja"", STOP_ON_FAILURE)",Edge Chromium 131,,,2025-01-20 04:40:54,2025-01-20 04:40:55,0.941s,PASSED
"delay(4, STOP_ON_FAILURE)",Edge Chromium 131,,,2025-01-20 04:40:55,2025-01-20 04:40:59,4.003s,PASSED
"scrollToElement(findTestObject(""Object Repository/Registro de envíos/Test cases/span_LIM_SanBorj""), 0, STOP_ON_FAILURE)",Edge Chromium 131,,,2025-01-20 04:40:59,2025-01-20 04:40:59,0.330s,PASSED
"click(findTestObject(""Object Repository/Registro de envíos/Test cases/span_LIM_SanBorj""), STOP_ON_FAILURE)",Edge Chromium 131,,,2025-01-20 04:40:59,2025-01-20 04:41:00,0.408s,PASSED
"click(findTestObject(""Object Repository/Registro de envíos/Test cases/span_TipEntreg""), STOP_ON_FAILURE)",Edge Chromium 131,,,2025-01-20 04:41:00,2025-01-20 04:41:00,0.365s,PASSED
"click(findTestObject(""Object Repository/Registro de envíos/Test cases/a_EntregDomic""), STOP_ON_FAILURE)",Edge Chromium 131,,,2025-01-20 04:41:00,2025-01-20 04:41:02,1.605s,PASSED
"scrollToElement(findTestObject(""Object Repository/Registro de envíos/Test cases/input_dir_entreg""), 0, STOP_ON_FAILURE)",Edge Chromium 131,,,2025-01-20 04:41:02,2025-01-20 04:41:02,0.316s,PASSED
"setText(findTestObject(""Object Repository/Registro de envíos/Test cases/input_dir_entreg""), ""Los Eucaliptos, 555 - San Isidro, Lima"", STOP_ON_FAILURE)",Edge Chromium 131,,,2025-01-20 04:41:02,2025-01-20 04:41:03,0.781s,PASSED
"click(findTestObject(""Registro de envíos/Test cases/Girley/ClickFuera""))",Edge Chromium 131,,,2025-01-20 04:41:03,2025-01-20 04:41:05,1.912s,PASSED
"scrollToElement(findTestObject(""Object Repository/Registro de envíos/Test cases/input_dir_ref""), 0, STOP_ON_FAILURE)",Edge Chromium 131,,,2025-01-20 04:41:05,2025-01-20 04:41:05,0.309s,PASSED
"setText(findTestObject(""Object Repository/Registro de envíos/Test cases/input_dir_ref""), ""ABC"", STOP_ON_FAILURE)",Edge Chromium 131,,,2025-01-20 04:41:05,2025-01-20 04:41:06,0.687s,PASSED
delay(2),Edge Chromium 131,,,2025-01-20 04:41:06,2025-01-20 04:41:08,2.008s,PASSED
"click(findTestObject(""Registro de envíos/Test cases/Girley/Limpiar""))",Edge Chromium 131,,,2025-01-20 04:41:08,2025-01-20 04:41:08,0.363s,PASSED
delay(3),Edge Chromium 131,,,2025-01-20 04:41:08,2025-01-20 04:41:11,3.015s,PASSED
"setText(findTestObject(""Object Repository/Registro de envíos/Test cases/input_dir_entreg""), ""Los Eucaliptos, 555 - San Isidro, Lima"", STOP_ON_FAILURE)",Edge Chromium 131,,,2025-01-20 04:41:11,2025-01-20 04:41:12,0.872s,PASSED
"click(findTestObject(""Registro de envíos/Test cases/Girley/ClickFuera""))",Edge Chromium 131,,,2025-01-20 04:41:12,2025-01-20 04:41:13,1.527s,PASSED
"scrollToElement(findTestObject(""Object Repository/Registro de envíos/Test cases/input_dir_ref""), 0, STOP_ON_FAILURE)",Edge Chromium 131,,,2025-01-20 04:41:13,2025-01-20 04:41:14,0.309s,PASSED
"setText(findTestObject(""Object Repository/Registro de envíos/Test cases/input_dir_ref""), ""ABC"", STOP_ON_FAILURE)",Edge Chromium 131,,,2025-01-20 04:41:14,2025-01-20 04:41:14,0.663s,PASSED
delay(2),Edge Chromium 131,,,2025-01-20 04:41:14,2025-01-20 04:41:16,2.016s,PASSED
"scrollToElement(findTestObject(""Registro de envíos/Test cases/Girley/validac_Destino""), 0)",Edge Chromium 131,,,2025-01-20 04:41:16,2025-01-20 04:41:17,0.343s,PASSED
delay(2),Edge Chromium 131,,,2025-01-20 04:41:17,2025-01-20 04:41:19,2.008s,PASSED
"scrollToElement(findTestObject(""Object Repository/Registro de envíos/Test cases/button_TipDocument""), 0, STOP_ON_FAILURE)",Edge Chromium 131,,,2025-01-20 04:41:19,2025-01-20 04:41:19,0.332s,PASSED
"click(findTestObject(""Object Repository/Registro de envíos/Test cases/button_TipDocument""), STOP_ON_FAILURE)",Edge Chromium 131,,,2025-01-20 04:41:19,2025-01-20 04:41:19,0.339s,PASSED
"click(findTestObject(""Object Repository/Registro de envíos/Test cases/a_DNI""), STOP_ON_FAILURE)",Edge Chromium 131,,,2025-01-20 04:41:19,2025-01-20 04:41:20,0.350s,PASSED
"setText(findTestObject(""Object Repository/Registro de envíos/Test cases/input_Consig_dni""), ""12345678"", STOP_ON_FAILURE)",Edge Chromium 131,,,2025-01-20 04:41:20,2025-01-20 04:41:20,0.686s,PASSED
"verifyElementPresent(findTestObject(""Object Repository/Registro de envíos/Test cases/div_PINTO""), 0, STOP_ON_FAILURE)",Edge Chromium 131,,,2025-01-20 04:41:20,2025-01-20 04:41:30,9.520s,PASSED
"scrollToElement(findTestObject(""Object Repository/Registro de envíos/Test cases/button_cntnuar(1)""), 0, STOP_ON_FAILURE)",Edge Chromium 131,,,2025-01-20 04:41:30,2025-01-20 04:41:30,0.322s,PASSED
"click(findTestObject(""Object Repository/Registro de envíos/Test cases/button_cntnuar(1)""), STOP_ON_FAILURE)",Edge Chromium 131,,,2025-01-20 04:41:30,2025-01-20 04:41:31,0.368s,PASSED
"verifyElementText(findTestObject(""Object Repository/Registro de envíos/Test cases/th_lima""), ""Tacna"", STOP_ON_FAILURE)",Edge Chromium 131,,,2025-01-20 04:41:31,2025-01-20 04:41:45,14.161s,PASSED
"verifyElementText(findTestObject(""Object Repository/Registro de envíos/Test cases/th_EntregDomic""), ""Entrega A Domicilio"", STOP_ON_FAILURE)",Edge Chromium 131,,,2025-01-20 04:41:45,2025-01-20 04:41:45,0.326s,PASSED
"verifyElementPresent(findTestObject(""Object Repository/Registro de envíos/Test cases/th_7.30""), 0, STOP_ON_FAILURE)",Edge Chromium 131,,,2025-01-20 04:41:45,2025-01-20 04:41:45,0.308s,PASSED
"verifyElementPresent(findTestObject(""Object Repository/Registro de envíos/Test cases/th_0.00""), 0, STOP_ON_FAILURE)",Edge Chromium 131,,,2025-01-20 04:41:45,2025-01-20 04:41:46,0.299s,PASSED
"click(findTestObject(""Object Repository/Registro de envíos/Test cases/1-Principal/button_IR A PAGAR S 7.30""))",Edge Chromium 131,,,2025-01-20 04:41:46,2025-01-20 04:41:46,0.405s,PASSED
"callTestCase(findTestCase(""Registro_Envíos/1.Inicio/3.Pago_envíos/Pago_TDC""), [:], STOP_ON_FAILURE)",Edge Chromium 131,,,2025-01-20 04:41:46,2025-01-20 04:42:20,33.726s,PASSED
,,,,,,,
Test Cases/Registro_Envíos/3. Positivas/2. Sobres/Origen provincia/2.Girley/Geo sin seleccionar/5. Dirección distinta al destino,Edge Chromium 131,,,2025-01-20 04:42:20,2025-01-20 04:43:29,1m - 9.131s,PASSED
"callTestCase(findTestCase(""Registro_Envíos/1.Inicio/1.Principal/Principal-Home""), [:], STOP_ON_FAILURE)",Edge Chromium 131,,,2025-01-20 04:42:20,2025-01-20 04:42:26,5.906s,PASSED
"callTestCase(findTestCase(""Registro_Envíos/1.Inicio/1.Principal/Selecc_sobre""), [:], STOP_ON_FAILURE)",Edge Chromium 131,,,2025-01-20 04:42:26,2025-01-20 04:42:33,7.435s,PASSED
"callTestCase(findTestCase(""Registro_Envíos/1.Inicio/2.Login/2.Log_DNI-Colab""), [:], STOP_ON_FAILURE)",Edge Chromium 131,,,2025-01-20 04:42:33,2025-01-20 04:42:36,3.050s,PASSED
"setText(findTestObject(""Registro de envíos/Test cases/Girley/input_Qu Envas_input_descripcion""), ""GHJK"")",Edge Chromium 131,,,2025-01-20 04:42:36,2025-01-20 04:42:37,0.655s,PASSED
"setText(findTestObject(""Registro de envíos/Test cases/Girley/input_Qu Envas_input_valor""), ""12"")",Edge Chromium 131,,,2025-01-20 04:42:37,2025-01-20 04:42:38,0.696s,PASSED
"click(findTestObject(""Object Repository/Registro de envíos/Test cases/span_PuntPartid""), STOP_ON_FAILURE)",Edge Chromium 131,,,2025-01-20 04:42:38,2025-01-20 04:42:38,0.352s,PASSED
"click(findTestObject(""Object Repository/Registro de envíos/valorados/Page_Olva Courier  Datos Personales/a_ICA""))",Edge Chromium 131,,,2025-01-20 04:42:38,2025-01-20 04:42:38,0.344s,PASSED
"click(findTestObject(""Object Repository/Registro de envíos/Test cases/span_PuntLlegad""), STOP_ON_FAILURE)",Edge Chromium 131,,,2025-01-20 04:42:38,2025-01-20 04:42:40,1.748s,PASSED
"click(findTestObject(""Object Repository/Registro de envíos/Test cases/input_PuntLlegad""), STOP_ON_FAILURE)",Edge Chromium 131,,,2025-01-20 04:42:40,2025-01-20 04:42:41,0.475s,PASSED
"setText(findTestObject(""Object Repository/Registro de envíos/Test cases/input_PuntLlegad""), ""san borja"", STOP_ON_FAILURE)",Edge Chromium 131,,,2025-01-20 04:42:41,2025-01-20 04:42:42,0.972s,PASSED
"delay(4, STOP_ON_FAILURE)",Edge Chromium 131,,,2025-01-20 04:42:42,2025-01-20 04:42:46,4.004s,PASSED
"scrollToElement(findTestObject(""Object Repository/Registro de envíos/Test cases/span_LIM_SanBorj""), 0, STOP_ON_FAILURE)",Edge Chromium 131,,,2025-01-20 04:42:46,2025-01-20 04:42:46,0.315s,PASSED
"click(findTestObject(""Object Repository/Registro de envíos/Test cases/span_LIM_SanBorj""), STOP_ON_FAILURE)",Edge Chromium 131,,,2025-01-20 04:42:46,2025-01-20 04:42:46,0.414s,PASSED
"click(findTestObject(""Object Repository/Registro de envíos/Test cases/span_TipEntreg""), STOP_ON_FAILURE)",Edge Chromium 131,,,2025-01-20 04:42:46,2025-01-20 04:42:47,0.338s,PASSED
"click(findTestObject(""Object Repository/Registro de envíos/Test cases/a_EntregDomic""), STOP_ON_FAILURE)",Edge Chromium 131,,,2025-01-20 04:42:47,2025-01-20 04:42:48,1.577s,PASSED
"scrollToElement(findTestObject(""Object Repository/Registro de envíos/Test cases/input_dir_entreg""), 0, STOP_ON_FAILURE)",Edge Chromium 131,,,2025-01-20 04:42:48,2025-01-20 04:42:49,0.315s,PASSED
"setText(findTestObject(""Object Repository/Registro de envíos/Test cases/input_dir_entreg""), ""Los Eucaliptos, 555 - San Isidro, Lima"", STOP_ON_FAILURE)",Edge Chromium 131,,,2025-01-20 04:42:49,2025-01-20 04:42:49,0.769s,PASSED
"click(findTestObject(""Registro de envíos/Test cases/Girley/ClickFuera""))",Edge Chromium 131,,,2025-01-20 04:42:49,2025-01-20 04:42:51,2.037s,PASSED
"scrollToElement(findTestObject(""Object Repository/Registro de envíos/Test cases/input_dir_ref""), 0, STOP_ON_FAILURE)",Edge Chromium 131,,,2025-01-20 04:42:51,2025-01-20 04:42:52,0.314s,PASSED
"setText(findTestObject(""Object Repository/Registro de envíos/Test cases/input_dir_ref""), ""ABC"", STOP_ON_FAILURE)",Edge Chromium 131,,,2025-01-20 04:42:52,2025-01-20 04:42:52,0.677s,PASSED
delay(2),Edge Chromium 131,,,2025-01-20 04:42:52,2025-01-20 04:42:54,2.011s,PASSED
"scrollToElement(findTestObject(""Object Repository/Registro de envíos/Test cases/button_TipDocument""), 0, STOP_ON_FAILURE)",Edge Chromium 131,,,2025-01-20 04:42:54,2025-01-20 04:42:55,0.319s,PASSED
"click(findTestObject(""Object Repository/Registro de envíos/Test cases/button_TipDocument""), STOP_ON_FAILURE)",Edge Chromium 131,,,2025-01-20 04:42:55,2025-01-20 04:42:55,0.344s,PASSED
"click(findTestObject(""Object Repository/Registro de envíos/Test cases/a_DNI""), STOP_ON_FAILURE)",Edge Chromium 131,,,2025-01-20 04:42:55,2025-01-20 04:42:55,0.356s,PASSED
"setText(findTestObject(""Object Repository/Registro de envíos/Test cases/input_Consig_dni""), ""12345678"", STOP_ON_FAILURE)",Edge Chromium 131,,,2025-01-20 04:42:55,2025-01-20 04:42:56,0.755s,PASSED
"verifyElementPresent(findTestObject(""Object Repository/Registro de envíos/Test cases/div_PINTO""), 0, STOP_ON_FAILURE)",Edge Chromium 131,,,2025-01-20 04:42:56,2025-01-20 04:43:03,6.752s,PASSED
"scrollToElement(findTestObject(""Object Repository/Registro de envíos/Test cases/button_cntnuar(1)""), 0, STOP_ON_FAILURE)",Edge Chromium 131,,,2025-01-20 04:43:03,2025-01-20 04:43:03,0.341s,PASSED
"click(findTestObject(""Object Repository/Registro de envíos/Test cases/button_cntnuar(1)""), STOP_ON_FAILURE)",Edge Chromium 131,,,2025-01-20 04:43:03,2025-01-20 04:43:04,0.575s,PASSED
"verifyElementText(findTestObject(""Object Repository/Registro de envíos/Test cases/th_lima""), ""Ica"", STOP_ON_FAILURE)",Edge Chromium 131,,,2025-01-20 04:43:04,2025-01-20 04:43:07,3.411s,PASSED
"verifyElementText(findTestObject(""Object Repository/Registro de envíos/Test cases/th_EntregDomic""), ""Entrega A Domicilio"", STOP_ON_FAILURE)",Edge Chromium 131,,,2025-01-20 04:43:07,2025-01-20 04:43:08,0.312s,PASSED
"verifyElementPresent(findTestObject(""Object Repository/Registro de envíos/Test cases/th_7.30""), 0, STOP_ON_FAILURE)",Edge Chromium 131,,,2025-01-20 04:43:08,2025-01-20 04:43:08,0.318s,PASSED
"verifyElementPresent(findTestObject(""Object Repository/Registro de envíos/Test cases/th_0.00""), 0, STOP_ON_FAILURE)",Edge Chromium 131,,,2025-01-20 04:43:08,2025-01-20 04:43:08,0.334s,PASSED
"click(findTestObject(""Object Repository/Registro de envíos/Test cases/1-Principal/button_IR A PAGAR S 7.30""))",Edge Chromium 131,,,2025-01-20 04:43:08,2025-01-20 04:43:09,0.359s,PASSED
"callTestCase(findTestCase(""Registro_Envíos/1.Inicio/3.Pago_envíos/Pago_TDC""), [:], STOP_ON_FAILURE)",Edge Chromium 131,,,2025-01-20 04:43:09,2025-01-20 04:43:29,20.404s,PASSED
,,,,,,,
Test Cases/Registro_Envíos/3. Positivas/2. Sobres/Origen provincia/2.Girley/Geo sin seleccionar/4. Dirección nueva,Edge Chromium 131,,,2025-01-20 04:43:29,2025-01-20 04:44:30,1m - 0.601s,PASSED
"callTestCase(findTestCase(""Registro_Envíos/1.Inicio/1.Principal/Principal-Home""), [:], STOP_ON_FAILURE)",Edge Chromium 131,,,2025-01-20 04:43:29,2025-01-20 04:43:34,4.491s,PASSED
"callTestCase(findTestCase(""Registro_Envíos/1.Inicio/1.Principal/Selecc_sobre""), [:], STOP_ON_FAILURE)",Edge Chromium 131,,,2025-01-20 04:43:34,2025-01-20 04:43:41,7.616s,PASSED
"callTestCase(findTestCase(""Registro_Envíos/1.Inicio/2.Login/6.LoginRUC10""), [:], STOP_ON_FAILURE)",Edge Chromium 131,,,2025-01-20 04:43:41,2025-01-20 04:43:44,2.770s,PASSED
"setText(findTestObject(""Registro de envíos/Test cases/Girley/input_Qu Envas_input_descripcion""), ""GHJK"")",Edge Chromium 131,,,2025-01-20 04:43:44,2025-01-20 04:43:45,0.656s,PASSED
"setText(findTestObject(""Registro de envíos/Test cases/Girley/input_Qu Envas_input_valor""), ""12"")",Edge Chromium 131,,,2025-01-20 04:43:45,2025-01-20 04:43:45,0.658s,PASSED
"click(findTestObject(""Object Repository/Registro de envíos/Test cases/span_PuntPartid""), STOP_ON_FAILURE)",Edge Chromium 131,,,2025-01-20 04:43:45,2025-01-20 04:43:46,0.353s,PASSED
"click(findTestObject(""Object Repository/Registro de envíos/valorados/Page_Olva Courier  Datos Personales/a_JAUJA""))",Edge Chromium 131,,,2025-01-20 04:43:46,2025-01-20 04:43:46,0.355s,PASSED
"click(findTestObject(""Object Repository/Registro de envíos/Test cases/span_PuntLlegad""), STOP_ON_FAILURE)",Edge Chromium 131,,,2025-01-20 04:43:46,2025-01-20 04:43:48,1.890s,PASSED
"click(findTestObject(""Object Repository/Registro de envíos/Test cases/input_PuntLlegad""), STOP_ON_FAILURE)",Edge Chromium 131,,,2025-01-20 04:43:48,2025-01-20 04:43:48,0.340s,PASSED
"setText(findTestObject(""Object Repository/Registro de envíos/Test cases/input_PuntLlegad""), ""san borja"", STOP_ON_FAILURE)",Edge Chromium 131,,,2025-01-20 04:43:48,2025-01-20 04:43:49,0.947s,PASSED
"delay(4, STOP_ON_FAILURE)",Edge Chromium 131,,,2025-01-20 04:43:49,2025-01-20 04:43:53,4.000s,PASSED
"scrollToElement(findTestObject(""Object Repository/Registro de envíos/Test cases/span_LIM_SanBorj""), 0, STOP_ON_FAILURE)",Edge Chromium 131,,,2025-01-20 04:43:53,2025-01-20 04:43:53,0.336s,PASSED
"click(findTestObject(""Object Repository/Registro de envíos/Test cases/span_LIM_SanBorj""), STOP_ON_FAILURE)",Edge Chromium 131,,,2025-01-20 04:43:53,2025-01-20 04:43:54,0.406s,PASSED
"click(findTestObject(""Object Repository/Registro de envíos/Test cases/span_TipEntreg""), STOP_ON_FAILURE)",Edge Chromium 131,,,2025-01-20 04:43:54,2025-01-20 04:43:54,0.365s,PASSED
"click(findTestObject(""Object Repository/Registro de envíos/Test cases/a_EntregDomic""), STOP_ON_FAILURE)",Edge Chromium 131,,,2025-01-20 04:43:54,2025-01-20 04:43:56,1.642s,PASSED
"scrollToElement(findTestObject(""Object Repository/Registro de envíos/Test cases/input_dir_entreg""), 0, STOP_ON_FAILURE)",Edge Chromium 131,,,2025-01-20 04:43:56,2025-01-20 04:43:56,0.323s,PASSED
"setText(findTestObject(""Object Repository/Registro de envíos/Test cases/input_dir_entreg""), ""Calle De Las Bellas Artes 122, San Borja, Lima, Lima, Perú"", STOP_ON_FAILURE)",Edge Chromium 131,,,2025-01-20 04:43:56,2025-01-20 04:43:57,0.968s,PASSED
"click(findTestObject(""Registro de envíos/Test cases/Girley/ClickFuera""))",Edge Chromium 131,,,2025-01-20 04:43:57,2025-01-20 04:43:58,1.147s,PASSED
"scrollToElement(findTestObject(""Object Repository/Registro de envíos/Test cases/input_dir_ref""), 0, STOP_ON_FAILURE)",Edge Chromium 131,,,2025-01-20 04:43:58,2025-01-20 04:43:59,0.324s,PASSED
"setText(findTestObject(""Object Repository/Registro de envíos/Test cases/input_dir_ref""), ""ABC"", STOP_ON_FAILURE)",Edge Chromium 131,,,2025-01-20 04:43:59,2025-01-20 04:43:59,0.679s,PASSED
"scrollToElement(findTestObject(""Object Repository/Registro de envíos/Test cases/button_TipDocument""), 0, STOP_ON_FAILURE)",Edge Chromium 131,,,2025-01-20 04:43:59,2025-01-20 04:44:00,0.313s,PASSED
"click(findTestObject(""Object Repository/Registro de envíos/Test cases/button_TipDocument""), STOP_ON_FAILURE)",Edge Chromium 131,,,2025-01-20 04:44:00,2025-01-20 04:44:00,0.339s,PASSED
"click(findTestObject(""Object Repository/Registro de envíos/Test cases/a_DNI""), STOP_ON_FAILURE)",Edge Chromium 131,,,2025-01-20 04:44:00,2025-01-20 04:44:00,0.319s,PASSED
"setText(findTestObject(""Object Repository/Registro de envíos/Test cases/input_Consig_dni""), ""12345678"", STOP_ON_FAILURE)",Edge Chromium 131,,,2025-01-20 04:44:00,2025-01-20 04:44:01,0.693s,PASSED
"verifyElementPresent(findTestObject(""Object Repository/Registro de envíos/Test cases/div_PINTO""), 0, STOP_ON_FAILURE)",Edge Chromium 131,,,2025-01-20 04:44:01,2025-01-20 04:44:04,3.301s,PASSED
"scrollToElement(findTestObject(""Object Repository/Registro de envíos/Test cases/button_cntnuar(1)""), 0, STOP_ON_FAILURE)",Edge Chromium 131,,,2025-01-20 04:44:04,2025-01-20 04:44:05,0.313s,PASSED
"click(findTestObject(""Object Repository/Registro de envíos/Test cases/button_cntnuar(1)""), STOP_ON_FAILURE)",Edge Chromium 131,,,2025-01-20 04:44:05,2025-01-20 04:44:05,0.370s,PASSED
"verifyElementText(findTestObject(""Object Repository/Registro de envíos/Test cases/th_lima""), ""Jauja"", STOP_ON_FAILURE)",Edge Chromium 131,,,2025-01-20 04:44:05,2025-01-20 04:44:08,3.211s,PASSED
"verifyElementText(findTestObject(""Object Repository/Registro de envíos/Test cases/th_EntregDomic""), ""Entrega A Domicilio"", STOP_ON_FAILURE)",Edge Chromium 131,,,2025-01-20 04:44:08,2025-01-20 04:44:08,0.288s,PASSED
"verifyElementPresent(findTestObject(""Object Repository/Registro de envíos/Test cases/th_7.30""), 0, STOP_ON_FAILURE)",Edge Chromium 131,,,2025-01-20 04:44:08,2025-01-20 04:44:09,0.305s,PASSED
"verifyElementPresent(findTestObject(""Object Repository/Registro de envíos/Test cases/th_0.00""), 0, STOP_ON_FAILURE)",Edge Chromium 131,,,2025-01-20 04:44:09,2025-01-20 04:44:09,0.309s,PASSED
"click(findTestObject(""Object Repository/Registro de envíos/Test cases/1-Principal/button_IR A PAGAR S 7.30""))",Edge Chromium 131,,,2025-01-20 04:44:09,2025-01-20 04:44:09,0.333s,PASSED
"callTestCase(findTestCase(""Registro_Envíos/1.Inicio/3.Pago_envíos/Pago_TDC""), [:], STOP_ON_FAILURE)",Edge Chromium 131,,,2025-01-20 04:44:09,2025-01-20 04:44:30,20.112s,PASSED
,,,,,,,
Test Cases/Registro_Envíos/3. Positivas/2. Sobres/Origen provincia/2.Girley/Geo sin seleccionar/3. Cambio por dirección a tienda,Edge Chromium 131,,,2025-01-20 04:44:30,2025-01-20 04:45:50,1m - 20.226s,FAILED
"callTestCase(findTestCase(""Registro_Envíos/1.Inicio/1.Principal/Principal-Home""), [:], STOP_ON_FAILURE)",Edge Chromium 131,,,2025-01-20 04:44:30,2025-01-20 04:44:35,4.899s,PASSED
"callTestCase(findTestCase(""Registro_Envíos/1.Inicio/1.Principal/Selecc_sobre""), [:], STOP_ON_FAILURE)",Edge Chromium 131,,,2025-01-20 04:44:35,2025-01-20 04:44:41,6.868s,PASSED
"callTestCase(findTestCase(""Registro_Envíos/1.Inicio/2.Login/5.LoginRUC20""), [:], STOP_ON_FAILURE)",Edge Chromium 131,,,2025-01-20 04:44:41,2025-01-20 04:44:44,2.680s,PASSED
"setText(findTestObject(""Registro de envíos/Test cases/Girley/input_Qu Envas_input_descripcion""), ""GHJK"")",Edge Chromium 131,,,2025-01-20 04:44:44,2025-01-20 04:44:45,0.772s,PASSED
"setText(findTestObject(""Registro de envíos/Test cases/Girley/input_Qu Envas_input_valor""), ""12"")",Edge Chromium 131,,,2025-01-20 04:44:45,2025-01-20 04:44:46,0.662s,PASSED
"click(findTestObject(""Object Repository/Registro de envíos/Test cases/span_PuntPartid""), STOP_ON_FAILURE)",Edge Chromium 131,,,2025-01-20 04:44:46,2025-01-20 04:44:46,0.342s,PASSED
"click(findTestObject(""Object Repository/Registro de envíos/valorados/Page_Olva Courier  Datos Personales/span_CHEPEN""))",Edge Chromium 131,,,2025-01-20 04:44:46,2025-01-20 04:44:46,0.429s,PASSED
"click(findTestObject(""Object Repository/Registro de envíos/Test cases/span_PuntLlegad""), STOP_ON_FAILURE)",Edge Chromium 131,,,2025-01-20 04:44:46,2025-01-20 04:44:48,1.795s,PASSED
"click(findTestObject(""Object Repository/Registro de envíos/Test cases/input_PuntLlegad""), STOP_ON_FAILURE)",Edge Chromium 131,,,2025-01-20 04:44:48,2025-01-20 04:44:48,0.342s,PASSED
"setText(findTestObject(""Object Repository/Registro de envíos/Test cases/input_PuntLlegad""), ""san borja"", STOP_ON_FAILURE)",Edge Chromium 131,,,2025-01-20 04:44:48,2025-01-20 04:44:49,0.949s,PASSED
"delay(4, STOP_ON_FAILURE)",Edge Chromium 131,,,2025-01-20 04:44:49,2025-01-20 04:44:53,4.011s,PASSED
"scrollToElement(findTestObject(""Object Repository/Registro de envíos/Test cases/span_LIM_SanBorj""), 0, STOP_ON_FAILURE)",Edge Chromium 131,,,2025-01-20 04:44:53,2025-01-20 04:44:54,0.375s,PASSED
"click(findTestObject(""Object Repository/Registro de envíos/Test cases/span_LIM_SanBorj""), STOP_ON_FAILURE)",Edge Chromium 131,,,2025-01-20 04:44:54,2025-01-20 04:44:54,0.423s,PASSED
"click(findTestObject(""Object Repository/Registro de envíos/Test cases/span_TipEntreg""), STOP_ON_FAILURE)",Edge Chromium 131,,,2025-01-20 04:44:54,2025-01-20 04:44:55,0.363s,PASSED
"click(findTestObject(""Object Repository/Registro de envíos/Test cases/a_EntregDomic""), STOP_ON_FAILURE)",Edge Chromium 131,,,2025-01-20 04:44:55,2025-01-20 04:44:56,1.604s,PASSED
"scrollToElement(findTestObject(""Object Repository/Registro de envíos/Test cases/input_dir_entreg""), 0, STOP_ON_FAILURE)",Edge Chromium 131,,,2025-01-20 04:44:56,2025-01-20 04:44:57,0.336s,PASSED
"setText(findTestObject(""Object Repository/Registro de envíos/Test cases/input_dir_entreg""), ""COMANDANTE ESPINAR 659, MIRAFLORES, LIMA, LIMA, PERU"", STOP_ON_FAILURE)",Edge Chromium 131,,,2025-01-20 04:44:57,2025-01-20 04:44:57,0.855s,PASSED
delay(3),Edge Chromium 131,,,2025-01-20 04:44:57,2025-01-20 04:45:00,3.001s,PASSED
"click(findTestObject(""Registro de envíos/Test cases/Girley/ClickFuera""))",Edge Chromium 131,,,2025-01-20 04:45:00,2025-01-20 04:45:01,0.351s,PASSED
delay(2),Edge Chromium 131,,,2025-01-20 04:45:01,2025-01-20 04:45:03,2.001s,PASSED
"scrollToElement(findTestObject(""Object Repository/Registro de envíos/Test cases/input_dir_ref""), 0, STOP_ON_FAILURE)",Edge Chromium 131,,,2025-01-20 04:45:03,2025-01-20 04:45:03,0.343s,PASSED
"setText(findTestObject(""Object Repository/Registro de envíos/Test cases/input_dir_ref""), ""ABC"", STOP_ON_FAILURE)",Edge Chromium 131,,,2025-01-20 04:45:03,2025-01-20 04:45:04,0.676s,PASSED
delay(2),Edge Chromium 131,,,2025-01-20 04:45:04,2025-01-20 04:45:06,2.005s,PASSED
"scrollToElement(findTestObject(""Object Repository/Registro de envíos/Test cases/button_TipDocument""), 0, STOP_ON_FAILURE)",Edge Chromium 131,,,2025-01-20 04:45:06,2025-01-20 04:45:06,0.330s,PASSED
"click(findTestObject(""Object Repository/Registro de envíos/Test cases/button_TipDocument""), STOP_ON_FAILURE)",Edge Chromium 131,,,2025-01-20 04:45:06,2025-01-20 04:45:06,0.338s,PASSED
"click(findTestObject(""Object Repository/Registro de envíos/Test cases/a_DNI""), STOP_ON_FAILURE)",Edge Chromium 131,,,2025-01-20 04:45:06,2025-01-20 04:45:07,0.348s,PASSED
"setText(findTestObject(""Object Repository/Registro de envíos/Test cases/input_Consig_dni""), ""12345678"", STOP_ON_FAILURE)",Edge Chromium 131,,,2025-01-20 04:45:07,2025-01-20 04:45:08,0.819s,PASSED
"verifyElementPresent(findTestObject(""Object Repository/Registro de envíos/Test cases/div_PINTO""), 0, STOP_ON_FAILURE)",Edge Chromium 131,,,2025-01-20 04:45:08,2025-01-20 04:45:10,2.811s,PASSED
"scrollToElement(findTestObject(""Object Repository/Registro de envíos/Test cases/button_cntnuar(1)""), 0, STOP_ON_FAILURE)",Edge Chromium 131,,,2025-01-20 04:45:10,2025-01-20 04:45:11,0.329s,PASSED
"click(findTestObject(""Object Repository/Registro de envíos/Test cases/button_cntnuar(1)""), STOP_ON_FAILURE)",Edge Chromium 131,,,2025-01-20 04:45:11,2025-01-20 04:45:11,0.367s,PASSED
delay(6),Edge Chromium 131,,,2025-01-20 04:45:11,2025-01-20 04:45:17,6.010s,PASSED
"verifyElementText(findTestObject(""Object Repository/Registro de envíos/Test cases/th_lima""), ""Chepen"", STOP_ON_FAILURE)",Edge Chromium 131,,,2025-01-20 04:45:17,2025-01-20 04:45:17,0.282s,PASSED
"verifyElementPresent(findTestObject(""Object Repository/Registro de envíos/Test cases/th_7.30""), 0, STOP_ON_FAILURE)",Edge Chromium 131,,,2025-01-20 04:45:17,2025-01-20 04:45:18,0.337s,PASSED
"verifyElementPresent(findTestObject(""Object Repository/Registro de envíos/Test cases/th_0.00""), 0, STOP_ON_FAILURE)",Edge Chromium 131,,,2025-01-20 04:45:18,2025-01-20 04:45:18,0.341s,PASSED
"click(findTestObject(""Object Repository/Registro de envíos/Test cases/1-Principal/button_IR A PAGAR S 7.30""))",Edge Chromium 131,,,2025-01-20 04:45:18,2025-01-20 04:45:18,0.358s,PASSED
"verifyElementPresent(findTestObject(""Object Repository/Registro de envíos/Test cases/Girley/div_INGRESA TU CLAVE DE SEGURIDAD          _f716a0""), 0)",Edge Chromium 131,,,2025-01-20 04:45:18,2025-01-20 04:45:50,31.333s,FAILED
,,,,,,,
Test Cases/Registro_Envíos/3. Positivas/2. Sobres/Origen provincia/2.Girley/Geo sin seleccionar/2. Dirección callao,Edge Chromium 131,,,2025-01-20 04:45:50,2025-01-20 04:46:53,1m - 2.800s,PASSED
"callTestCase(findTestCase(""Registro_Envíos/1.Inicio/1.Principal/Principal-Home""), [:], STOP_ON_FAILURE)",Edge Chromium 131,,,2025-01-20 04:45:50,2025-01-20 04:45:54,4.487s,PASSED
"callTestCase(findTestCase(""Registro_Envíos/1.Inicio/1.Principal/Selecc_sobre""), [:], STOP_ON_FAILURE)",Edge Chromium 131,,,2025-01-20 04:45:54,2025-01-20 04:46:01,6.881s,PASSED
"callTestCase(findTestCase(""Registro_Envíos/1.Inicio/2.Login/3.Login_CE""), [:], STOP_ON_FAILURE)",Edge Chromium 131,,,2025-01-20 04:46:01,2025-01-20 04:46:03,1.872s,PASSED
"setText(findTestObject(""Registro de envíos/Test cases/Girley/input_Qu Envas_input_descripcion""), ""GHJK"")",Edge Chromium 131,,,2025-01-20 04:46:03,2025-01-20 04:46:04,0.663s,PASSED
"setText(findTestObject(""Registro de envíos/Test cases/Girley/input_Qu Envas_input_valor""), ""12"")",Edge Chromium 131,,,2025-01-20 04:46:04,2025-01-20 04:46:04,0.662s,PASSED
"click(findTestObject(""Object Repository/Registro de envíos/Test cases/span_PuntPartid""), STOP_ON_FAILURE)",Edge Chromium 131,,,2025-01-20 04:46:04,2025-01-20 04:46:05,0.396s,PASSED
"click(findTestObject(""Object Repository/Registro de envíos/valorados/Page_Olva Courier  Datos Personales/a_TRUJILLO""))",Edge Chromium 131,,,2025-01-20 04:46:05,2025-01-20 04:46:05,0.370s,PASSED
"click(findTestObject(""Object Repository/Registro de envíos/Test cases/span_PuntLlegad""), STOP_ON_FAILURE)",Edge Chromium 131,,,2025-01-20 04:46:05,2025-01-20 04:46:07,1.855s,PASSED
"click(findTestObject(""Object Repository/Registro de envíos/Test cases/input_PuntLlegad""), STOP_ON_FAILURE)",Edge Chromium 131,,,2025-01-20 04:46:07,2025-01-20 04:46:07,0.342s,PASSED
"setText(findTestObject(""Object Repository/Registro de envíos/Test cases/input_PuntLlegad""), ""san borja"", STOP_ON_FAILURE)",Edge Chromium 131,,,2025-01-20 04:46:07,2025-01-20 04:46:08,1.048s,PASSED
"delay(4, STOP_ON_FAILURE)",Edge Chromium 131,,,2025-01-20 04:46:08,2025-01-20 04:46:13,4.011s,PASSED
"scrollToElement(findTestObject(""Object Repository/Registro de envíos/Test cases/span_LIM_SanBorj""), 0, STOP_ON_FAILURE)",Edge Chromium 131,,,2025-01-20 04:46:13,2025-01-20 04:46:13,0.341s,PASSED
"click(findTestObject(""Object Repository/Registro de envíos/Test cases/span_LIM_SanBorj""), STOP_ON_FAILURE)",Edge Chromium 131,,,2025-01-20 04:46:13,2025-01-20 04:46:13,0.405s,PASSED
"click(findTestObject(""Object Repository/Registro de envíos/Test cases/span_TipEntreg""), STOP_ON_FAILURE)",Edge Chromium 131,,,2025-01-20 04:46:13,2025-01-20 04:46:14,0.356s,PASSED
"click(findTestObject(""Object Repository/Registro de envíos/Test cases/a_EntregDomic""), STOP_ON_FAILURE)",Edge Chromium 131,,,2025-01-20 04:46:14,2025-01-20 04:46:15,1.574s,PASSED
"scrollToElement(findTestObject(""Object Repository/Registro de envíos/Test cases/input_dir_entreg""), 0, STOP_ON_FAILURE)",Edge Chromium 131,,,2025-01-20 04:46:15,2025-01-20 04:46:16,0.345s,PASSED
"setText(findTestObject(""Object Repository/Registro de envíos/Test cases/input_dir_entreg""), ""Jr. Atahualpa No 602, Callao, Callao"", STOP_ON_FAILURE)",Edge Chromium 131,,,2025-01-20 04:46:16,2025-01-20 04:46:16,0.809s,PASSED
"click(findTestObject(""Registro de envíos/Test cases/Girley/ClickFuera""))",Edge Chromium 131,,,2025-01-20 04:46:16,2025-01-20 04:46:17,1.085s,PASSED
"scrollToElement(findTestObject(""Object Repository/Registro de envíos/Test cases/input_dir_ref""), 0, STOP_ON_FAILURE)",Edge Chromium 131,,,2025-01-20 04:46:17,2025-01-20 04:46:18,0.315s,PASSED
"setText(findTestObject(""Object Repository/Registro de envíos/Test cases/input_dir_ref""), ""ABC"", STOP_ON_FAILURE)",Edge Chromium 131,,,2025-01-20 04:46:18,2025-01-20 04:46:18,0.675s,PASSED
"scrollToElement(findTestObject(""Object Repository/Registro de envíos/Test cases/button_TipDocument""), 0, STOP_ON_FAILURE)",Edge Chromium 131,,,2025-01-20 04:46:18,2025-01-20 04:46:19,0.311s,PASSED
"click(findTestObject(""Object Repository/Registro de envíos/Test cases/button_TipDocument""), STOP_ON_FAILURE)",Edge Chromium 131,,,2025-01-20 04:46:19,2025-01-20 04:46:19,0.391s,PASSED
"click(findTestObject(""Object Repository/Registro de envíos/Test cases/a_DNI""), STOP_ON_FAILURE)",Edge Chromium 131,,,2025-01-20 04:46:19,2025-01-20 04:46:19,0.348s,PASSED
"setText(findTestObject(""Object Repository/Registro de envíos/Test cases/input_Consig_dni""), ""12345678"", STOP_ON_FAILURE)",Edge Chromium 131,,,2025-01-20 04:46:19,2025-01-20 04:46:20,0.779s,PASSED
"verifyElementPresent(findTestObject(""Object Repository/Registro de envíos/Test cases/div_PINTO""), 0, STOP_ON_FAILURE)",Edge Chromium 131,,,2025-01-20 04:46:20,2025-01-20 04:46:28,7.345s,PASSED
"scrollToElement(findTestObject(""Object Repository/Registro de envíos/Test cases/button_cntnuar(1)""), 0, STOP_ON_FAILURE)",Edge Chromium 131,,,2025-01-20 04:46:28,2025-01-20 04:46:28,0.300s,PASSED
"click(findTestObject(""Object Repository/Registro de envíos/Test cases/button_cntnuar(1)""), STOP_ON_FAILURE)",Edge Chromium 131,,,2025-01-20 04:46:28,2025-01-20 04:46:28,0.375s,PASSED
"verifyElementText(findTestObject(""Object Repository/Registro de envíos/Test cases/th_lima""), ""Trujillo"", STOP_ON_FAILURE)",Edge Chromium 131,,,2025-01-20 04:46:28,2025-01-20 04:46:31,2.844s,PASSED
"verifyElementText(findTestObject(""Object Repository/Registro de envíos/Test cases/th_EntregDomic""), ""Entrega A Domicilio"", STOP_ON_FAILURE)",Edge Chromium 131,,,2025-01-20 04:46:31,2025-01-20 04:46:31,0.314s,PASSED
"verifyElementPresent(findTestObject(""Object Repository/Registro de envíos/Test cases/th_7.30""), 0, STOP_ON_FAILURE)",Edge Chromium 131,,,2025-01-20 04:46:31,2025-01-20 04:46:32,0.294s,PASSED
"verifyElementPresent(findTestObject(""Object Repository/Registro de envíos/Test cases/th_0.00""), 0, STOP_ON_FAILURE)",Edge Chromium 131,,,2025-01-20 04:46:32,2025-01-20 04:46:32,0.325s,PASSED
"click(findTestObject(""Object Repository/Registro de envíos/Test cases/1-Principal/button_IR A PAGAR S 7.30""))",Edge Chromium 131,,,2025-01-20 04:46:32,2025-01-20 04:46:32,0.352s,PASSED
"callTestCase(findTestCase(""Registro_Envíos/1.Inicio/3.Pago_envíos/Pago_TDC""), [:], STOP_ON_FAILURE)",Edge Chromium 131,,,2025-01-20 04:46:32,2025-01-20 04:46:53,20.192s,PASSED
,,,,,,,
Test Cases/Registro_Envíos/3. Positivas/2. Sobres/Origen provincia/2.Girley/Geo sin seleccionar/1.Destin_Lima,Edge Chromium 131,,,2025-01-20 04:46:53,2025-01-20 04:48:14,1m - 21.849s,FAILED
"callTestCase(findTestCase(""Registro_Envíos/1.Inicio/1.Principal/Principal-Home""), [:], STOP_ON_FAILURE)",Edge Chromium 131,,,2025-01-20 04:46:53,2025-01-20 04:46:58,5.581s,PASSED
"callTestCase(findTestCase(""Registro_Envíos/1.Inicio/1.Principal/Selecc_sobre""), [:], STOP_ON_FAILURE)",Edge Chromium 131,,,2025-01-20 04:46:58,2025-01-20 04:47:06,7.461s,PASSED
"callTestCase(findTestCase(""Registro_Envíos/1.Inicio/2.Login/2.Log_DNI-Colab""), [:], STOP_ON_FAILURE)",Edge Chromium 131,,,2025-01-20 04:47:06,2025-01-20 04:47:09,3.044s,PASSED
"delay(3, STOP_ON_FAILURE)",Edge Chromium 131,,,2025-01-20 04:47:09,2025-01-20 04:47:12,3.005s,PASSED
"setText(findTestObject(""Registro de envíos/Test cases/Girley/input_Qu Envas_input_descripcion""), ""GHJK"")",Edge Chromium 131,,,2025-01-20 04:47:12,2025-01-20 04:47:12,0.689s,PASSED
"setText(findTestObject(""Registro de envíos/Test cases/Girley/input_Qu Envas_input_valor""), ""12"")",Edge Chromium 131,,,2025-01-20 04:47:12,2025-01-20 04:47:13,0.761s,PASSED
"click(findTestObject(""Object Repository/Registro de envíos/Test cases/span_PuntPartid""), STOP_ON_FAILURE)",Edge Chromium 131,,,2025-01-20 04:47:13,2025-01-20 04:47:14,0.559s,PASSED
"click(findTestObject(""Object Repository/Registro de envíos/valorados/Page_Olva Courier  Datos Personales/a_CHILCA""))",Edge Chromium 131,,,2025-01-20 04:47:14,2025-01-20 04:47:14,0.360s,PASSED
"click(findTestObject(""Object Repository/Registro de envíos/Test cases/span_PuntLlegad""), STOP_ON_FAILURE)",Edge Chromium 131,,,2025-01-20 04:47:14,2025-01-20 04:47:16,1.933s,PASSED
"click(findTestObject(""Object Repository/Registro de envíos/Test cases/input_PuntLlegad""), STOP_ON_FAILURE)",Edge Chromium 131,,,2025-01-20 04:47:16,2025-01-20 04:47:16,0.361s,PASSED
"setText(findTestObject(""Object Repository/Registro de envíos/Test cases/input_PuntLlegad""), ""san borja"", STOP_ON_FAILURE)",Edge Chromium 131,,,2025-01-20 04:47:16,2025-01-20 04:47:18,1.111s,PASSED
"delay(4, STOP_ON_FAILURE)",Edge Chromium 131,,,2025-01-20 04:47:18,2025-01-20 04:47:22,4.004s,PASSED
"scrollToElement(findTestObject(""Object Repository/Registro de envíos/Test cases/span_LIM_SanBorj""), 0, STOP_ON_FAILURE)",Edge Chromium 131,,,2025-01-20 04:47:22,2025-01-20 04:47:22,0.319s,PASSED
"click(findTestObject(""Object Repository/Registro de envíos/Test cases/span_LIM_SanBorj""), STOP_ON_FAILURE)",Edge Chromium 131,,,2025-01-20 04:47:22,2025-01-20 04:47:22,0.404s,PASSED
"click(findTestObject(""Object Repository/Registro de envíos/Test cases/span_TipEntreg""), STOP_ON_FAILURE)",Edge Chromium 131,,,2025-01-20 04:47:22,2025-01-20 04:47:23,0.344s,PASSED
"click(findTestObject(""Object Repository/Registro de envíos/Test cases/a_EntregDomic""), STOP_ON_FAILURE)",Edge Chromium 131,,,2025-01-20 04:47:23,2025-01-20 04:47:24,1.645s,PASSED
"scrollToElement(findTestObject(""Object Repository/Registro de envíos/Test cases/input_dir_entreg""), 0, STOP_ON_FAILURE)",Edge Chromium 131,,,2025-01-20 04:47:24,2025-01-20 04:47:25,0.332s,PASSED
"setText(findTestObject(""Object Repository/Registro de envíos/Test cases/input_dir_entreg""), ""Calle De Las Bellas Artes 122, San Borja, Lima, Lima, Perú"", STOP_ON_FAILURE)",Edge Chromium 131,,,2025-01-20 04:47:25,2025-01-20 04:47:25,0.851s,PASSED
"click(findTestObject(""Registro de envíos/Test cases/Girley/ClickFuera""))",Edge Chromium 131,,,2025-01-20 04:47:25,2025-01-20 04:47:29,3.456s,PASSED
"scrollToElement(findTestObject(""Object Repository/Registro de envíos/Test cases/input_dir_ref""), 0, STOP_ON_FAILURE)",Edge Chromium 131,,,2025-01-20 04:47:29,2025-01-20 04:47:29,0.302s,PASSED
"setText(findTestObject(""Object Repository/Registro de envíos/Test cases/input_dir_ref""), ""ABC"", STOP_ON_FAILURE)",Edge Chromium 131,,,2025-01-20 04:47:29,2025-01-20 04:47:30,0.667s,PASSED
"scrollToElement(findTestObject(""Object Repository/Registro de envíos/Test cases/button_TipDocument""), 0, STOP_ON_FAILURE)",Edge Chromium 131,,,2025-01-20 04:47:30,2025-01-20 04:47:30,0.309s,PASSED
"click(findTestObject(""Object Repository/Registro de envíos/Test cases/button_TipDocument""), STOP_ON_FAILURE)",Edge Chromium 131,,,2025-01-20 04:47:30,2025-01-20 04:47:31,0.332s,PASSED
"click(findTestObject(""Object Repository/Registro de envíos/Test cases/a_DNI""), STOP_ON_FAILURE)",Edge Chromium 131,,,2025-01-20 04:47:31,2025-01-20 04:47:31,0.333s,PASSED
"setText(findTestObject(""Object Repository/Registro de envíos/Test cases/input_Consig_dni""), ""12345678"", STOP_ON_FAILURE)",Edge Chromium 131,,,2025-01-20 04:47:31,2025-01-20 04:47:32,0.687s,PASSED
"verifyElementPresent(findTestObject(""Object Repository/Registro de envíos/Test cases/div_PINTO""), 0, STOP_ON_FAILURE)",Edge Chromium 131,,,2025-01-20 04:47:32,2025-01-20 04:47:34,2.899s,PASSED
"scrollToElement(findTestObject(""Object Repository/Registro de envíos/Test cases/button_cntnuar(1)""), 0, STOP_ON_FAILURE)",Edge Chromium 131,,,2025-01-20 04:47:34,2025-01-20 04:47:35,0.349s,PASSED
"click(findTestObject(""Object Repository/Registro de envíos/Test cases/button_cntnuar(1)""), STOP_ON_FAILURE)",Edge Chromium 131,,,2025-01-20 04:47:35,2025-01-20 04:47:35,0.380s,PASSED
"verifyElementText(findTestObject(""Object Repository/Registro de envíos/Test cases/th_lima""), ""Lurin"", STOP_ON_FAILURE)",Edge Chromium 131,,,2025-01-20 04:47:35,2025-01-20 04:47:38,3.142s,PASSED
"verifyElementText(findTestObject(""Object Repository/Registro de envíos/Test cases/th_EntregDomic""), ""Entrega A Domicilio"", STOP_ON_FAILURE)",Edge Chromium 131,,,2025-01-20 04:47:38,2025-01-20 04:47:39,0.310s,PASSED
"verifyElementText(findTestObject(""Registro de envíos/Test cases/Girley/validac_Destino_Resum""), ""Lima - Lima - San Borja"")",Edge Chromium 131,,,2025-01-20 04:47:39,2025-01-20 04:47:39,0.296s,PASSED
"verifyElementPresent(findTestObject(""Object Repository/Registro de envíos/Test cases/th_7.30""), 0, STOP_ON_FAILURE)",Edge Chromium 131,,,2025-01-20 04:47:39,2025-01-20 04:47:39,0.311s,PASSED
"verifyElementPresent(findTestObject(""Object Repository/Registro de envíos/Test cases/th_0.00""), 0, STOP_ON_FAILURE)",Edge Chromium 131,,,2025-01-20 04:47:39,2025-01-20 04:47:40,0.295s,PASSED
"click(findTestObject(""Object Repository/Registro de envíos/Test cases/1-Principal/button_IR A PAGAR S 7.30""))",Edge Chromium 131,,,2025-01-20 04:47:40,2025-01-20 04:47:40,0.363s,PASSED
"callTestCase(findTestCase(""Registro_Envíos/1.Inicio/3.Pago_envíos/Pago_Tienda""), [:], STOP_ON_FAILURE)",Edge Chromium 131,,,2025-01-20 04:47:40,2025-01-20 04:48:14,34.530s,FAILED
,,,,,,,
Test Cases/Registro_Envíos/3. Positivas/2. Sobres/Origen provincia/2.Girley/7. Limpiar y digitar dirección distinta a destino,Edge Chromium 131,,,2025-01-20 04:48:14,2025-01-20 04:49:33,1m - 18.334s,PASSED
"callTestCase(findTestCase(""Registro_Envíos/1.Inicio/1.Principal/Principal-Home""), [:], STOP_ON_FAILURE)",Edge Chromium 131,,,2025-01-20 04:48:15,2025-01-20 04:48:19,4.450s,PASSED
"callTestCase(findTestCase(""Registro_Envíos/1.Inicio/1.Principal/Selecc_sobre""), [:], STOP_ON_FAILURE)",Edge Chromium 131,,,2025-01-20 04:48:19,2025-01-20 04:48:27,7.600s,PASSED
"callTestCase(findTestCase(""Registro_Envíos/1.Inicio/2.Login/3.Login_CE""), [:], STOP_ON_FAILURE)",Edge Chromium 131,,,2025-01-20 04:48:27,2025-01-20 04:48:29,1.891s,PASSED
"setText(findTestObject(""Registro de envíos/Test cases/Girley/input_Qu Envas_input_descripcion""), ""GHJK"")",Edge Chromium 131,,,2025-01-20 04:48:29,2025-01-20 04:48:29,0.687s,PASSED
"setText(findTestObject(""Registro de envíos/Test cases/Girley/input_Qu Envas_input_valor""), ""12"")",Edge Chromium 131,,,2025-01-20 04:48:29,2025-01-20 04:48:30,0.689s,PASSED
"click(findTestObject(""Object Repository/Registro de envíos/Test cases/span_PuntPartid""), STOP_ON_FAILURE)",Edge Chromium 131,,,2025-01-20 04:48:30,2025-01-20 04:48:30,0.342s,PASSED
"click(findTestObject(""Object Repository/Registro de envíos/valorados/Page_Olva Courier  Datos Personales/a_CUSCO""))",Edge Chromium 131,,,2025-01-20 04:48:30,2025-01-20 04:48:31,0.373s,PASSED
"click(findTestObject(""Object Repository/Registro de envíos/Test cases/span_PuntLlegad""), STOP_ON_FAILURE)",Edge Chromium 131,,,2025-01-20 04:48:31,2025-01-20 04:48:32,1.837s,PASSED
"click(findTestObject(""Object Repository/Registro de envíos/Test cases/input_PuntLlegad""), STOP_ON_FAILURE)",Edge Chromium 131,,,2025-01-20 04:48:32,2025-01-20 04:48:33,0.351s,PASSED
"setText(findTestObject(""Object Repository/Registro de envíos/Test cases/input_PuntLlegad""), ""san borja"", STOP_ON_FAILURE)",Edge Chromium 131,,,2025-01-20 04:48:33,2025-01-20 04:48:34,0.961s,PASSED
"delay(4, STOP_ON_FAILURE)",Edge Chromium 131,,,2025-01-20 04:48:34,2025-01-20 04:48:38,4.004s,PASSED
"scrollToElement(findTestObject(""Object Repository/Registro de envíos/Test cases/span_LIM_SanBorj""), 0, STOP_ON_FAILURE)",Edge Chromium 131,,,2025-01-20 04:48:38,2025-01-20 04:48:38,0.318s,PASSED
"click(findTestObject(""Object Repository/Registro de envíos/Test cases/span_LIM_SanBorj""), STOP_ON_FAILURE)",Edge Chromium 131,,,2025-01-20 04:48:38,2025-01-20 04:48:38,0.404s,PASSED
"click(findTestObject(""Object Repository/Registro de envíos/Test cases/span_TipEntreg""), STOP_ON_FAILURE)",Edge Chromium 131,,,2025-01-20 04:48:38,2025-01-20 04:48:39,0.346s,PASSED
"click(findTestObject(""Object Repository/Registro de envíos/Test cases/a_EntregDomic""), STOP_ON_FAILURE)",Edge Chromium 131,,,2025-01-20 04:48:39,2025-01-20 04:48:40,1.588s,PASSED
"scrollToElement(findTestObject(""Object Repository/Registro de envíos/Test cases/input_dir_entreg""), 0, STOP_ON_FAILURE)",Edge Chromium 131,,,2025-01-20 04:48:40,2025-01-20 04:48:41,0.327s,PASSED
"setText(findTestObject(""Object Repository/Registro de envíos/Test cases/input_dir_entreg""), ""Los Eucaliptos, 555 - San Isidro, Lima"", STOP_ON_FAILURE)",Edge Chromium 131,,,2025-01-20 04:48:41,2025-01-20 04:48:42,0.799s,PASSED
"sendKeys(findTestObject(""Object Repository/Registro de envíos/Test cases/input_dir_entreg""), Keys.chord(ENTER), STOP_ON_FAILURE)",Edge Chromium 131,,,2025-01-20 04:48:42,2025-01-20 04:48:43,1.834s,PASSED
"scrollToElement(findTestObject(""Object Repository/Registro de envíos/Test cases/input_dir_ref""), 0, STOP_ON_FAILURE)",Edge Chromium 131,,,2025-01-20 04:48:43,2025-01-20 04:48:47,3.196s,PASSED
"setText(findTestObject(""Object Repository/Registro de envíos/Test cases/input_dir_ref""), ""ABC"", STOP_ON_FAILURE)",Edge Chromium 131,,,2025-01-20 04:48:47,2025-01-20 04:48:47,0.698s,PASSED
delay(2),Edge Chromium 131,,,2025-01-20 04:48:47,2025-01-20 04:48:49,2.001s,PASSED
"click(findTestObject(""Registro de envíos/Test cases/Girley/Limpiar""))",Edge Chromium 131,,,2025-01-20 04:48:49,2025-01-20 04:48:50,0.352s,PASSED
delay(3),Edge Chromium 131,,,2025-01-20 04:48:50,2025-01-20 04:48:53,3.006s,PASSED
"setText(findTestObject(""Object Repository/Registro de envíos/Test cases/input_dir_entreg""), ""Av. Pedro De Osma 301, Lima"", STOP_ON_FAILURE)",Edge Chromium 131,,,2025-01-20 04:48:53,2025-01-20 04:48:53,0.809s,PASSED
"sendKeys(findTestObject(""Object Repository/Registro de envíos/Test cases/input_dir_entreg""), Keys.chord(ENTER), STOP_ON_FAILURE)",Edge Chromium 131,,,2025-01-20 04:48:53,2025-01-20 04:48:55,1.177s,PASSED
"scrollToElement(findTestObject(""Object Repository/Registro de envíos/Test cases/input_dir_ref""), 0, STOP_ON_FAILURE)",Edge Chromium 131,,,2025-01-20 04:48:55,2025-01-20 04:48:58,3.428s,PASSED
"setText(findTestObject(""Object Repository/Registro de envíos/Test cases/input_dir_ref""), ""ABC"", STOP_ON_FAILURE)",Edge Chromium 131,,,2025-01-20 04:48:58,2025-01-20 04:48:59,0.666s,PASSED
delay(2),Edge Chromium 131,,,2025-01-20 04:48:59,2025-01-20 04:49:01,2.015s,PASSED
"scrollToElement(findTestObject(""Registro de envíos/Test cases/Girley/validac_Destino""), 0)",Edge Chromium 131,,,2025-01-20 04:49:01,2025-01-20 04:49:01,0.325s,PASSED
delay(2),Edge Chromium 131,,,2025-01-20 04:49:01,2025-01-20 04:49:03,2.000s,PASSED
"scrollToElement(findTestObject(""Object Repository/Registro de envíos/Test cases/button_TipDocument""), 0, STOP_ON_FAILURE)",Edge Chromium 131,,,2025-01-20 04:49:03,2025-01-20 04:49:03,0.322s,PASSED
"click(findTestObject(""Object Repository/Registro de envíos/Test cases/button_TipDocument""), STOP_ON_FAILURE)",Edge Chromium 131,,,2025-01-20 04:49:03,2025-01-20 04:49:04,0.333s,PASSED
"click(findTestObject(""Object Repository/Registro de envíos/Test cases/a_DNI""), STOP_ON_FAILURE)",Edge Chromium 131,,,2025-01-20 04:49:04,2025-01-20 04:49:04,0.345s,PASSED
"setText(findTestObject(""Object Repository/Registro de envíos/Test cases/input_Consig_dni""), ""12345678"", STOP_ON_FAILURE)",Edge Chromium 131,,,2025-01-20 04:49:04,2025-01-20 04:49:05,0.686s,PASSED
"verifyElementPresent(findTestObject(""Object Repository/Registro de envíos/Test cases/div_PINTO""), 0, STOP_ON_FAILURE)",Edge Chromium 131,,,2025-01-20 04:49:05,2025-01-20 04:49:07,2.650s,PASSED
"scrollToElement(findTestObject(""Object Repository/Registro de envíos/Test cases/button_cntnuar(1)""), 0, STOP_ON_FAILURE)",Edge Chromium 131,,,2025-01-20 04:49:07,2025-01-20 04:49:08,0.321s,PASSED
"click(findTestObject(""Object Repository/Registro de envíos/Test cases/button_cntnuar(1)""), STOP_ON_FAILURE)",Edge Chromium 131,,,2025-01-20 04:49:08,2025-01-20 04:49:08,0.366s,PASSED
"verifyElementText(findTestObject(""Object Repository/Registro de envíos/Test cases/th_lima""), ""Arequipa"", STOP_ON_FAILURE)",Edge Chromium 131,,,2025-01-20 04:49:08,2025-01-20 04:49:10,2.401s,PASSED
"verifyElementText(findTestObject(""Object Repository/Registro de envíos/Test cases/th_EntregDomic""), ""Entrega A Domicilio"", STOP_ON_FAILURE)",Edge Chromium 131,,,2025-01-20 04:49:10,2025-01-20 04:49:11,0.294s,PASSED
"verifyElementPresent(findTestObject(""Object Repository/Registro de envíos/Test cases/th_7.30""), 0, STOP_ON_FAILURE)",Edge Chromium 131,,,2025-01-20 04:49:11,2025-01-20 04:49:11,0.310s,PASSED
"verifyElementPresent(findTestObject(""Object Repository/Registro de envíos/Test cases/th_0.00""), 0, STOP_ON_FAILURE)",Edge Chromium 131,,,2025-01-20 04:49:11,2025-01-20 04:49:11,0.289s,PASSED
"click(findTestObject(""Object Repository/Registro de envíos/Test cases/1-Principal/button_IR A PAGAR S 7.30""))",Edge Chromium 131,,,2025-01-20 04:49:11,2025-01-20 04:49:12,0.333s,PASSED
"callTestCase(findTestCase(""Registro_Envíos/1.Inicio/3.Pago_envíos/Pago_TDC""), [:], STOP_ON_FAILURE)",Edge Chromium 131,,,2025-01-20 04:49:12,2025-01-20 04:49:33,21.066s,PASSED
,,,,,,,
Test Cases/Registro_Envíos/3. Positivas/2. Sobres/Origen provincia/2.Girley/6. Limpiar y digitar dirección,Edge Chromium 131,,,2025-01-20 04:49:33,2025-01-20 04:50:50,1m - 16.998s,PASSED
"callTestCase(findTestCase(""Registro_Envíos/1.Inicio/1.Principal/Principal-Home""), [:], STOP_ON_FAILURE)",Edge Chromium 131,,,2025-01-20 04:49:33,2025-01-20 04:49:37,4.558s,PASSED
"callTestCase(findTestCase(""Registro_Envíos/1.Inicio/1.Principal/Selecc_sobre""), [:], STOP_ON_FAILURE)",Edge Chromium 131,,,2025-01-20 04:49:37,2025-01-20 04:49:45,7.388s,PASSED
"callTestCase(findTestCase(""Registro_Envíos/1.Inicio/2.Login/2.Log_DNI-Colab""), [:], STOP_ON_FAILURE)",Edge Chromium 131,,,2025-01-20 04:49:45,2025-01-20 04:49:48,3.076s,PASSED
"setText(findTestObject(""Registro de envíos/Test cases/Girley/input_Qu Envas_input_descripcion""), ""GHJK"")",Edge Chromium 131,,,2025-01-20 04:49:48,2025-01-20 04:49:49,0.673s,PASSED
"setText(findTestObject(""Registro de envíos/Test cases/Girley/input_Qu Envas_input_valor""), ""12"")",Edge Chromium 131,,,2025-01-20 04:49:49,2025-01-20 04:49:49,0.654s,PASSED
"click(findTestObject(""Object Repository/Registro de envíos/Test cases/span_PuntPartid""), STOP_ON_FAILURE)",Edge Chromium 131,,,2025-01-20 04:49:49,2025-01-20 04:49:50,0.361s,PASSED
"click(findTestObject(""Object Repository/Registro de envíos/valorados/Page_Olva Courier  Datos Personales/a_AREQUIPA""))",Edge Chromium 131,,,2025-01-20 04:49:50,2025-01-20 04:49:50,0.356s,PASSED
"click(findTestObject(""Object Repository/Registro de envíos/Test cases/span_PuntLlegad""), STOP_ON_FAILURE)",Edge Chromium 131,,,2025-01-20 04:49:50,2025-01-20 04:49:52,1.780s,PASSED
"click(findTestObject(""Object Repository/Registro de envíos/Test cases/input_PuntLlegad""), STOP_ON_FAILURE)",Edge Chromium 131,,,2025-01-20 04:49:52,2025-01-20 04:49:52,0.347s,PASSED
"setText(findTestObject(""Object Repository/Registro de envíos/Test cases/input_PuntLlegad""), ""san borja"", STOP_ON_FAILURE)",Edge Chromium 131,,,2025-01-20 04:49:52,2025-01-20 04:49:53,0.930s,PASSED
"delay(4, STOP_ON_FAILURE)",Edge Chromium 131,,,2025-01-20 04:49:53,2025-01-20 04:49:57,4.011s,PASSED
"scrollToElement(findTestObject(""Object Repository/Registro de envíos/Test cases/span_LIM_SanBorj""), 0, STOP_ON_FAILURE)",Edge Chromium 131,,,2025-01-20 04:49:57,2025-01-20 04:49:57,0.385s,PASSED
"click(findTestObject(""Object Repository/Registro de envíos/Test cases/span_LIM_SanBorj""), STOP_ON_FAILURE)",Edge Chromium 131,,,2025-01-20 04:49:57,2025-01-20 04:49:58,0.439s,PASSED
"click(findTestObject(""Object Repository/Registro de envíos/Test cases/span_TipEntreg""), STOP_ON_FAILURE)",Edge Chromium 131,,,2025-01-20 04:49:58,2025-01-20 04:49:58,0.352s,PASSED
"click(findTestObject(""Object Repository/Registro de envíos/Test cases/a_EntregDomic""), STOP_ON_FAILURE)",Edge Chromium 131,,,2025-01-20 04:49:58,2025-01-20 04:50:00,1.585s,PASSED
"scrollToElement(findTestObject(""Object Repository/Registro de envíos/Test cases/input_dir_entreg""), 0, STOP_ON_FAILURE)",Edge Chromium 131,,,2025-01-20 04:50:00,2025-01-20 04:50:00,0.324s,PASSED
"setText(findTestObject(""Object Repository/Registro de envíos/Test cases/input_dir_entreg""), ""Los Eucaliptos, 555 - San Isidro, Lima"", STOP_ON_FAILURE)",Edge Chromium 131,,,2025-01-20 04:50:00,2025-01-20 04:50:01,0.804s,PASSED
"sendKeys(findTestObject(""Object Repository/Registro de envíos/Test cases/input_dir_entreg""), Keys.chord(ENTER), STOP_ON_FAILURE)",Edge Chromium 131,,,2025-01-20 04:50:01,2025-01-20 04:50:03,1.947s,PASSED
"scrollToElement(findTestObject(""Object Repository/Registro de envíos/Test cases/input_dir_ref""), 0, STOP_ON_FAILURE)",Edge Chromium 131,,,2025-01-20 04:50:03,2025-01-20 04:50:05,2.340s,PASSED
"setText(findTestObject(""Object Repository/Registro de envíos/Test cases/input_dir_ref""), ""ABC"", STOP_ON_FAILURE)",Edge Chromium 131,,,2025-01-20 04:50:05,2025-01-20 04:50:06,0.695s,PASSED
delay(2),Edge Chromium 131,,,2025-01-20 04:50:06,2025-01-20 04:50:08,2.002s,PASSED
"click(findTestObject(""Registro de envíos/Test cases/Girley/Limpiar""))",Edge Chromium 131,,,2025-01-20 04:50:08,2025-01-20 04:50:08,0.482s,PASSED
delay(3),Edge Chromium 131,,,2025-01-20 04:50:08,2025-01-20 04:50:11,3.000s,PASSED
"setText(findTestObject(""Object Repository/Registro de envíos/Test cases/input_dir_entreg""), ""Los Eucaliptos, 555 - San Isidro, Lima"", STOP_ON_FAILURE)",Edge Chromium 131,,,2025-01-20 04:50:11,2025-01-20 04:50:12,0.800s,PASSED
"sendKeys(findTestObject(""Object Repository/Registro de envíos/Test cases/input_dir_entreg""), Keys.chord(ENTER), STOP_ON_FAILURE)",Edge Chromium 131,,,2025-01-20 04:50:12,2025-01-20 04:50:14,1.616s,PASSED
"scrollToElement(findTestObject(""Object Repository/Registro de envíos/Test cases/input_dir_ref""), 0, STOP_ON_FAILURE)",Edge Chromium 131,,,2025-01-20 04:50:14,2025-01-20 04:50:16,1.841s,PASSED
"setText(findTestObject(""Object Repository/Registro de envíos/Test cases/input_dir_ref""), ""ABC"", STOP_ON_FAILURE)",Edge Chromium 131,,,2025-01-20 04:50:16,2025-01-20 04:50:17,0.861s,PASSED
delay(2),Edge Chromium 131,,,2025-01-20 04:50:17,2025-01-20 04:50:19,2.011s,PASSED
"scrollToElement(findTestObject(""Registro de envíos/Test cases/Girley/validac_Destino""), 0)",Edge Chromium 131,,,2025-01-20 04:50:19,2025-01-20 04:50:19,0.316s,PASSED
delay(2),Edge Chromium 131,,,2025-01-20 04:50:19,2025-01-20 04:50:21,2.002s,PASSED
"scrollToElement(findTestObject(""Object Repository/Registro de envíos/Test cases/button_TipDocument""), 0, STOP_ON_FAILURE)",Edge Chromium 131,,,2025-01-20 04:50:21,2025-01-20 04:50:21,0.350s,PASSED
"click(findTestObject(""Object Repository/Registro de envíos/Test cases/button_TipDocument""), STOP_ON_FAILURE)",Edge Chromium 131,,,2025-01-20 04:50:21,2025-01-20 04:50:22,0.339s,PASSED
"click(findTestObject(""Object Repository/Registro de envíos/Test cases/a_DNI""), STOP_ON_FAILURE)",Edge Chromium 131,,,2025-01-20 04:50:22,2025-01-20 04:50:22,0.366s,PASSED
"setText(findTestObject(""Object Repository/Registro de envíos/Test cases/input_Consig_dni""), ""12345678"", STOP_ON_FAILURE)",Edge Chromium 131,,,2025-01-20 04:50:22,2025-01-20 04:50:23,0.692s,PASSED
"verifyElementPresent(findTestObject(""Object Repository/Registro de envíos/Test cases/div_PINTO""), 0, STOP_ON_FAILURE)",Edge Chromium 131,,,2025-01-20 04:50:23,2025-01-20 04:50:26,2.906s,PASSED
"scrollToElement(findTestObject(""Object Repository/Registro de envíos/Test cases/button_cntnuar(1)""), 0, STOP_ON_FAILURE)",Edge Chromium 131,,,2025-01-20 04:50:26,2025-01-20 04:50:26,0.323s,PASSED
"click(findTestObject(""Object Repository/Registro de envíos/Test cases/button_cntnuar(1)""), STOP_ON_FAILURE)",Edge Chromium 131,,,2025-01-20 04:50:26,2025-01-20 04:50:26,0.369s,PASSED
"verifyElementText(findTestObject(""Object Repository/Registro de envíos/Test cases/th_lima""), ""Tacna"", STOP_ON_FAILURE)",Edge Chromium 131,,,2025-01-20 04:50:26,2025-01-20 04:50:28,2.112s,PASSED
"verifyElementText(findTestObject(""Object Repository/Registro de envíos/Test cases/th_EntregDomic""), ""Entrega A Domicilio"", STOP_ON_FAILURE)",Edge Chromium 131,,,2025-01-20 04:50:28,2025-01-20 04:50:29,0.293s,PASSED
"verifyElementPresent(findTestObject(""Object Repository/Registro de envíos/Test cases/th_7.30""), 0, STOP_ON_FAILURE)",Edge Chromium 131,,,2025-01-20 04:50:29,2025-01-20 04:50:29,0.309s,PASSED
"verifyElementPresent(findTestObject(""Object Repository/Registro de envíos/Test cases/th_0.00""), 0, STOP_ON_FAILURE)",Edge Chromium 131,,,2025-01-20 04:50:29,2025-01-20 04:50:29,0.305s,PASSED
"click(findTestObject(""Object Repository/Registro de envíos/Test cases/1-Principal/button_IR A PAGAR S 7.30""))",Edge Chromium 131,,,2025-01-20 04:50:29,2025-01-20 04:50:30,0.371s,PASSED
"callTestCase(findTestCase(""Registro_Envíos/1.Inicio/3.Pago_envíos/Pago_TDC""), [:], STOP_ON_FAILURE)",Edge Chromium 131,,,2025-01-20 04:50:30,2025-01-20 04:50:50,20.177s,PASSED
,,,,,,,
Test Cases/Registro_Envíos/3. Positivas/2. Sobres/Origen provincia/2.Girley/5. Dirección distinta al destino,Edge Chromium 131,,,2025-01-20 04:50:50,2025-01-20 04:51:56,1m - 6.678s,PASSED
"callTestCase(findTestCase(""Registro_Envíos/1.Inicio/1.Principal/Principal-Home""), [:], STOP_ON_FAILURE)",Edge Chromium 131,,,2025-01-20 04:50:50,2025-01-20 04:50:55,4.977s,PASSED
"callTestCase(findTestCase(""Registro_Envíos/1.Inicio/1.Principal/Selecc_sobre""), [:], STOP_ON_FAILURE)",Edge Chromium 131,,,2025-01-20 04:50:55,2025-01-20 04:51:02,6.959s,PASSED
"callTestCase(findTestCase(""Registro_Envíos/1.Inicio/2.Login/1.Login_DNI""), [:], STOP_ON_FAILURE)",Edge Chromium 131,,,2025-01-20 04:51:02,2025-01-20 04:51:05,3.263s,PASSED
"setText(findTestObject(""Registro de envíos/Test cases/Girley/input_Qu Envas_input_descripcion""), ""GHJK"")",Edge Chromium 131,,,2025-01-20 04:51:05,2025-01-20 04:51:06,0.688s,PASSED
"setText(findTestObject(""Registro de envíos/Test cases/Girley/input_Qu Envas_input_valor""), ""12"")",Edge Chromium 131,,,2025-01-20 04:51:06,2025-01-20 04:51:06,0.666s,PASSED
"click(findTestObject(""Object Repository/Registro de envíos/Test cases/span_PuntPartid""), STOP_ON_FAILURE)",Edge Chromium 131,,,2025-01-20 04:51:06,2025-01-20 04:51:07,0.332s,PASSED
"click(findTestObject(""Object Repository/Registro de envíos/valorados/Page_Olva Courier  Datos Personales/a_PACASMAYO""))",Edge Chromium 131,,,2025-01-20 04:51:07,2025-01-20 04:51:07,0.354s,PASSED
"click(findTestObject(""Object Repository/Registro de envíos/Test cases/span_PuntLlegad""), STOP_ON_FAILURE)",Edge Chromium 131,,,2025-01-20 04:51:07,2025-01-20 04:51:09,1.912s,PASSED
"click(findTestObject(""Object Repository/Registro de envíos/Test cases/input_PuntLlegad""), STOP_ON_FAILURE)",Edge Chromium 131,,,2025-01-20 04:51:09,2025-01-20 04:51:09,0.362s,PASSED
"setText(findTestObject(""Object Repository/Registro de envíos/Test cases/input_PuntLlegad""), ""san borja"", STOP_ON_FAILURE)",Edge Chromium 131,,,2025-01-20 04:51:09,2025-01-20 04:51:10,0.939s,PASSED
"delay(4, STOP_ON_FAILURE)",Edge Chromium 131,,,2025-01-20 04:51:10,2025-01-20 04:51:14,4.013s,PASSED
"scrollToElement(findTestObject(""Object Repository/Registro de envíos/Test cases/span_LIM_SanBorj""), 0, STOP_ON_FAILURE)",Edge Chromium 131,,,2025-01-20 04:51:14,2025-01-20 04:51:15,0.314s,PASSED
"click(findTestObject(""Object Repository/Registro de envíos/Test cases/span_LIM_SanBorj""), STOP_ON_FAILURE)",Edge Chromium 131,,,2025-01-20 04:51:15,2025-01-20 04:51:15,0.431s,PASSED
"click(findTestObject(""Object Repository/Registro de envíos/Test cases/span_TipEntreg""), STOP_ON_FAILURE)",Edge Chromium 131,,,2025-01-20 04:51:15,2025-01-20 04:51:15,0.342s,PASSED
"click(findTestObject(""Object Repository/Registro de envíos/Test cases/a_EntregDomic""), STOP_ON_FAILURE)",Edge Chromium 131,,,2025-01-20 04:51:15,2025-01-20 04:51:17,1.565s,PASSED
"scrollToElement(findTestObject(""Object Repository/Registro de envíos/Test cases/input_dir_entreg""), 0, STOP_ON_FAILURE)",Edge Chromium 131,,,2025-01-20 04:51:17,2025-01-20 04:51:17,0.339s,PASSED
"setText(findTestObject(""Object Repository/Registro de envíos/Test cases/input_dir_entreg""), ""Los Eucaliptos, 555 - San Isidro, Lima"", STOP_ON_FAILURE)",Edge Chromium 131,,,2025-01-20 04:51:17,2025-01-20 04:51:18,0.785s,PASSED
"sendKeys(findTestObject(""Object Repository/Registro de envíos/Test cases/input_dir_entreg""), Keys.chord(ENTER), STOP_ON_FAILURE)",Edge Chromium 131,,,2025-01-20 04:51:18,2025-01-20 04:51:20,2.095s,PASSED
"scrollToElement(findTestObject(""Object Repository/Registro de envíos/Test cases/input_dir_ref""), 0, STOP_ON_FAILURE)",Edge Chromium 131,,,2025-01-20 04:51:20,2025-01-20 04:51:22,2.027s,PASSED
"setText(findTestObject(""Object Repository/Registro de envíos/Test cases/input_dir_ref""), ""ABC"", STOP_ON_FAILURE)",Edge Chromium 131,,,2025-01-20 04:51:22,2025-01-20 04:51:23,0.665s,PASSED
delay(2),Edge Chromium 131,,,2025-01-20 04:51:23,2025-01-20 04:51:25,2.006s,PASSED
"scrollToElement(findTestObject(""Registro de envíos/Test cases/Girley/validac_Destino""), 0)",Edge Chromium 131,,,2025-01-20 04:51:25,2025-01-20 04:51:25,0.313s,PASSED
delay(2),Edge Chromium 131,,,2025-01-20 04:51:25,2025-01-20 04:51:27,2.007s,PASSED
"scrollToElement(findTestObject(""Object Repository/Registro de envíos/Test cases/button_TipDocument""), 0, STOP_ON_FAILURE)",Edge Chromium 131,,,2025-01-20 04:51:27,2025-01-20 04:51:28,0.307s,PASSED
"click(findTestObject(""Object Repository/Registro de envíos/Test cases/button_TipDocument""), STOP_ON_FAILURE)",Edge Chromium 131,,,2025-01-20 04:51:28,2025-01-20 04:51:28,0.319s,PASSED
"click(findTestObject(""Object Repository/Registro de envíos/Test cases/a_DNI""), STOP_ON_FAILURE)",Edge Chromium 131,,,2025-01-20 04:51:28,2025-01-20 04:51:28,0.347s,PASSED
"setText(findTestObject(""Object Repository/Registro de envíos/Test cases/input_Consig_dni""), ""12345678"", STOP_ON_FAILURE)",Edge Chromium 131,,,2025-01-20 04:51:28,2025-01-20 04:51:29,0.684s,PASSED
"verifyElementPresent(findTestObject(""Object Repository/Registro de envíos/Test cases/div_PINTO""), 0, STOP_ON_FAILURE)",Edge Chromium 131,,,2025-01-20 04:51:29,2025-01-20 04:51:32,3.019s,PASSED
"scrollToElement(findTestObject(""Object Repository/Registro de envíos/Test cases/button_cntnuar(1)""), 0, STOP_ON_FAILURE)",Edge Chromium 131,,,2025-01-20 04:51:32,2025-01-20 04:51:32,0.319s,PASSED
"click(findTestObject(""Object Repository/Registro de envíos/Test cases/button_cntnuar(1)""), STOP_ON_FAILURE)",Edge Chromium 131,,,2025-01-20 04:51:32,2025-01-20 04:51:33,0.367s,PASSED
"verifyElementText(findTestObject(""Object Repository/Registro de envíos/Test cases/th_lima""), ""Pacasmayo"", STOP_ON_FAILURE)",Edge Chromium 131,,,2025-01-20 04:51:33,2025-01-20 04:51:35,2.470s,PASSED
"verifyElementText(findTestObject(""Object Repository/Registro de envíos/Test cases/th_EntregDomic""), ""Entrega A Domicilio"", STOP_ON_FAILURE)",Edge Chromium 131,,,2025-01-20 04:51:35,2025-01-20 04:51:35,0.290s,PASSED
"verifyElementPresent(findTestObject(""Object Repository/Registro de envíos/Test cases/th_7.30""), 0, STOP_ON_FAILURE)",Edge Chromium 131,,,2025-01-20 04:51:35,2025-01-20 04:51:36,0.324s,PASSED
"verifyElementPresent(findTestObject(""Object Repository/Registro de envíos/Test cases/th_0.00""), 0, STOP_ON_FAILURE)",Edge Chromium 131,,,2025-01-20 04:51:36,2025-01-20 04:51:36,0.357s,PASSED
"click(findTestObject(""Object Repository/Registro de envíos/Test cases/1-Principal/button_IR A PAGAR S 7.30""))",Edge Chromium 131,,,2025-01-20 04:51:36,2025-01-20 04:51:36,0.336s,PASSED
"callTestCase(findTestCase(""Registro_Envíos/1.Inicio/3.Pago_envíos/Pago_TDC""), [:], STOP_ON_FAILURE)",Edge Chromium 131,,,2025-01-20 04:51:36,2025-01-20 04:51:56,20.028s,PASSED
,,,,,,,
Test Cases/Registro_Envíos/3. Positivas/2. Sobres/Origen provincia/2.Girley/4. Dirección nueva,Edge Chromium 131,,,2025-01-20 04:51:56,2025-01-20 04:53:06,1m - 9.606s,PASSED
"callTestCase(findTestCase(""Registro_Envíos/1.Inicio/1.Principal/Principal-Home""), [:], STOP_ON_FAILURE)",Edge Chromium 131,,,2025-01-20 04:51:57,2025-01-20 04:52:01,4.424s,PASSED
"callTestCase(findTestCase(""Registro_Envíos/1.Inicio/1.Principal/Selecc_sobre""), [:], STOP_ON_FAILURE)",Edge Chromium 131,,,2025-01-20 04:52:01,2025-01-20 04:52:08,7.485s,PASSED
"callTestCase(findTestCase(""Registro_Envíos/1.Inicio/2.Login/6.LoginRUC10""), [:], STOP_ON_FAILURE)",Edge Chromium 131,,,2025-01-20 04:52:08,2025-01-20 04:52:11,2.788s,PASSED
"delay(3, STOP_ON_FAILURE)",Edge Chromium 131,,,2025-01-20 04:52:11,2025-01-20 04:52:14,3.006s,PASSED
"setText(findTestObject(""Registro de envíos/Test cases/Girley/input_Qu Envas_input_descripcion""), ""GHJK"")",Edge Chromium 131,,,2025-01-20 04:52:14,2025-01-20 04:52:15,0.677s,PASSED
"setText(findTestObject(""Registro de envíos/Test cases/Girley/input_Qu Envas_input_valor""), ""12"")",Edge Chromium 131,,,2025-01-20 04:52:15,2025-01-20 04:52:16,0.671s,PASSED
"click(findTestObject(""Object Repository/Registro de envíos/Test cases/span_PuntPartid""), STOP_ON_FAILURE)",Edge Chromium 131,,,2025-01-20 04:52:16,2025-01-20 04:52:16,0.354s,PASSED
"click(findTestObject(""Object Repository/Registro de envíos/valorados/Page_Olva Courier  Datos Personales/a_ICA""))",Edge Chromium 131,,,2025-01-20 04:52:16,2025-01-20 04:52:16,0.345s,PASSED
"click(findTestObject(""Object Repository/Registro de envíos/Test cases/span_PuntLlegad""), STOP_ON_FAILURE)",Edge Chromium 131,,,2025-01-20 04:52:16,2025-01-20 04:52:18,2.041s,PASSED
"click(findTestObject(""Object Repository/Registro de envíos/Test cases/input_PuntLlegad""), STOP_ON_FAILURE)",Edge Chromium 131,,,2025-01-20 04:52:18,2025-01-20 04:52:19,0.361s,PASSED
"setText(findTestObject(""Object Repository/Registro de envíos/Test cases/input_PuntLlegad""), ""san borja"", STOP_ON_FAILURE)",Edge Chromium 131,,,2025-01-20 04:52:19,2025-01-20 04:52:20,0.975s,PASSED
"delay(4, STOP_ON_FAILURE)",Edge Chromium 131,,,2025-01-20 04:52:20,2025-01-20 04:52:24,4.001s,PASSED
"scrollToElement(findTestObject(""Object Repository/Registro de envíos/Test cases/span_LIM_SanBorj""), 0, STOP_ON_FAILURE)",Edge Chromium 131,,,2025-01-20 04:52:24,2025-01-20 04:52:24,0.335s,PASSED
"click(findTestObject(""Object Repository/Registro de envíos/Test cases/span_LIM_SanBorj""), STOP_ON_FAILURE)",Edge Chromium 131,,,2025-01-20 04:52:24,2025-01-20 04:52:24,0.400s,PASSED
"click(findTestObject(""Object Repository/Registro de envíos/Test cases/span_TipEntreg""), STOP_ON_FAILURE)",Edge Chromium 131,,,2025-01-20 04:52:24,2025-01-20 04:52:25,0.364s,PASSED
"click(findTestObject(""Object Repository/Registro de envíos/Test cases/a_EntregDomic""), STOP_ON_FAILURE)",Edge Chromium 131,,,2025-01-20 04:52:25,2025-01-20 04:52:26,1.568s,PASSED
"scrollToElement(findTestObject(""Object Repository/Registro de envíos/Test cases/input_dir_entreg""), 0, STOP_ON_FAILURE)",Edge Chromium 131,,,2025-01-20 04:52:26,2025-01-20 04:52:27,0.318s,PASSED
"setText(findTestObject(""Object Repository/Registro de envíos/Test cases/input_dir_entreg""), ""Calle De Las Bellas Artes 122, San Borja, Lima, Lima, Perú"", STOP_ON_FAILURE)",Edge Chromium 131,,,2025-01-20 04:52:27,2025-01-20 04:52:28,0.853s,PASSED
"sendKeys(findTestObject(""Object Repository/Registro de envíos/Test cases/input_dir_entreg""), Keys.chord(ENTER), STOP_ON_FAILURE)",Edge Chromium 131,,,2025-01-20 04:52:28,2025-01-20 04:52:30,2.551s,PASSED
"scrollToElement(findTestObject(""Object Repository/Registro de envíos/Test cases/input_dir_ref""), 0, STOP_ON_FAILURE)",Edge Chromium 131,,,2025-01-20 04:52:30,2025-01-20 04:52:32,1.982s,PASSED
"setText(findTestObject(""Object Repository/Registro de envíos/Test cases/input_dir_ref""), ""ABC"", STOP_ON_FAILURE)",Edge Chromium 131,,,2025-01-20 04:52:32,2025-01-20 04:52:33,0.674s,PASSED
"scrollToElement(findTestObject(""Object Repository/Registro de envíos/Test cases/button_TipDocument""), 0, STOP_ON_FAILURE)",Edge Chromium 131,,,2025-01-20 04:52:33,2025-01-20 04:52:33,0.322s,PASSED
"click(findTestObject(""Object Repository/Registro de envíos/Test cases/button_TipDocument""), STOP_ON_FAILURE)",Edge Chromium 131,,,2025-01-20 04:52:33,2025-01-20 04:52:33,0.332s,PASSED
"click(findTestObject(""Object Repository/Registro de envíos/Test cases/a_DNI""), STOP_ON_FAILURE)",Edge Chromium 131,,,2025-01-20 04:52:33,2025-01-20 04:52:34,0.363s,PASSED
"setText(findTestObject(""Object Repository/Registro de envíos/Test cases/input_Consig_dni""), ""12345678"", STOP_ON_FAILURE)",Edge Chromium 131,,,2025-01-20 04:52:34,2025-01-20 04:52:34,0.666s,PASSED
"verifyElementPresent(findTestObject(""Object Repository/Registro de envíos/Test cases/div_PINTO""), 0, STOP_ON_FAILURE)",Edge Chromium 131,,,2025-01-20 04:52:34,2025-01-20 04:52:42,7.256s,PASSED
"scrollToElement(findTestObject(""Object Repository/Registro de envíos/Test cases/button_cntnuar(1)""), 0, STOP_ON_FAILURE)",Edge Chromium 131,,,2025-01-20 04:52:42,2025-01-20 04:52:42,0.333s,PASSED
"click(findTestObject(""Object Repository/Registro de envíos/Test cases/button_cntnuar(1)""), STOP_ON_FAILURE)",Edge Chromium 131,,,2025-01-20 04:52:42,2025-01-20 04:52:42,0.459s,PASSED
"verifyElementText(findTestObject(""Object Repository/Registro de envíos/Test cases/th_lima""), ""Ica"", STOP_ON_FAILURE)",Edge Chromium 131,,,2025-01-20 04:52:42,2025-01-20 04:52:44,2.009s,PASSED
"verifyElementText(findTestObject(""Object Repository/Registro de envíos/Test cases/th_EntregDomic""), ""Entrega A Domicilio"", STOP_ON_FAILURE)",Edge Chromium 131,,,2025-01-20 04:52:44,2025-01-20 04:52:45,0.293s,PASSED
"verifyElementPresent(findTestObject(""Object Repository/Registro de envíos/Test cases/th_7.30""), 0, STOP_ON_FAILURE)",Edge Chromium 131,,,2025-01-20 04:52:45,2025-01-20 04:52:45,0.310s,PASSED
"verifyElementPresent(findTestObject(""Object Repository/Registro de envíos/Test cases/th_0.00""), 0, STOP_ON_FAILURE)",Edge Chromium 131,,,2025-01-20 04:52:45,2025-01-20 04:52:45,0.299s,PASSED
"click(findTestObject(""Object Repository/Registro de envíos/Test cases/1-Principal/button_IR A PAGAR S 7.30""))",Edge Chromium 131,,,2025-01-20 04:52:45,2025-01-20 04:52:46,0.339s,PASSED
"callTestCase(findTestCase(""Registro_Envíos/1.Inicio/3.Pago_envíos/Pago_TDC""), [:], STOP_ON_FAILURE)",Edge Chromium 131,,,2025-01-20 04:52:46,2025-01-20 04:53:06,20.311s,PASSED
,,,,,,,
Test Cases/Registro_Envíos/3. Positivas/2. Sobres/Origen provincia/2.Girley/3. Cambio por dirección a tienda,Edge Chromium 131,,,2025-01-20 04:53:06,2025-01-20 04:54:13,1m - 7.346s,PASSED
"callTestCase(findTestCase(""Registro_Envíos/1.Inicio/1.Principal/Principal-Home""), [:], STOP_ON_FAILURE)",Edge Chromium 131,,,2025-01-20 04:53:06,2025-01-20 04:53:11,4.389s,PASSED
"callTestCase(findTestCase(""Registro_Envíos/1.Inicio/1.Principal/Selecc_sobre""), [:], STOP_ON_FAILURE)",Edge Chromium 131,,,2025-01-20 04:53:11,2025-01-20 04:53:17,6.826s,PASSED
"callTestCase(findTestCase(""Registro_Envíos/1.Inicio/2.Login/5.LoginRUC20""), [:], STOP_ON_FAILURE)",Edge Chromium 131,,,2025-01-20 04:53:17,2025-01-20 04:53:20,2.661s,PASSED
"setText(findTestObject(""Registro de envíos/cargo adjunto/Page_Olva Courier  Datos Personales/input_Qu Envas_input_descripcion""), ""GHJK"")",Edge Chromium 131,,,2025-01-20 04:53:20,2025-01-20 04:53:21,0.664s,PASSED
"setText(findTestObject(""Registro de envíos/cargo adjunto/Page_Olva Courier  Datos Personales/input_Qu Envas_input_valor""), ""12"")",Edge Chromium 131,,,2025-01-20 04:53:21,2025-01-20 04:53:21,0.654s,PASSED
"click(findTestObject(""Object Repository/Registro de envíos/Test cases/span_PuntPartid""), STOP_ON_FAILURE)",Edge Chromium 131,,,2025-01-20 04:53:21,2025-01-20 04:53:22,0.391s,PASSED
"click(findTestObject(""Object Repository/Registro de envíos/valorados/Page_Olva Courier  Datos Personales/a_JAUJA""))",Edge Chromium 131,,,2025-01-20 04:53:22,2025-01-20 04:53:22,0.375s,PASSED
"click(findTestObject(""Object Repository/Registro de envíos/Test cases/span_PuntLlegad""), STOP_ON_FAILURE)",Edge Chromium 131,,,2025-01-20 04:53:22,2025-01-20 04:53:24,1.676s,PASSED
"click(findTestObject(""Object Repository/Registro de envíos/Test cases/input_PuntLlegad""), STOP_ON_FAILURE)",Edge Chromium 131,,,2025-01-20 04:53:24,2025-01-20 04:53:24,0.364s,PASSED
"setText(findTestObject(""Object Repository/Registro de envíos/Test cases/input_PuntLlegad""), ""san borja"", STOP_ON_FAILURE)",Edge Chromium 131,,,2025-01-20 04:53:24,2025-01-20 04:53:25,0.989s,PASSED
"delay(4, STOP_ON_FAILURE)",Edge Chromium 131,,,2025-01-20 04:53:25,2025-01-20 04:53:29,4.005s,PASSED
"scrollToElement(findTestObject(""Object Repository/Registro de envíos/Test cases/span_LIM_SanBorj""), 0, STOP_ON_FAILURE)",Edge Chromium 131,,,2025-01-20 04:53:29,2025-01-20 04:53:30,0.359s,PASSED
"click(findTestObject(""Object Repository/Registro de envíos/Test cases/span_LIM_SanBorj""), STOP_ON_FAILURE)",Edge Chromium 131,,,2025-01-20 04:53:30,2025-01-20 04:53:30,0.425s,PASSED
"click(findTestObject(""Object Repository/Registro de envíos/Test cases/span_TipEntreg""), STOP_ON_FAILURE)",Edge Chromium 131,,,2025-01-20 04:53:30,2025-01-20 04:53:30,0.384s,PASSED
"click(findTestObject(""Object Repository/Registro de envíos/Test cases/a_EntregDomic""), STOP_ON_FAILURE)",Edge Chromium 131,,,2025-01-20 04:53:30,2025-01-20 04:53:32,1.622s,PASSED
"scrollToElement(findTestObject(""Object Repository/Registro de envíos/Test cases/input_dir_entreg""), 0, STOP_ON_FAILURE)",Edge Chromium 131,,,2025-01-20 04:53:32,2025-01-20 04:53:32,0.298s,PASSED
"setText(findTestObject(""Object Repository/Registro de envíos/Test cases/input_dir_entreg""), ""Comandante espinar 659, miraflores"", STOP_ON_FAILURE)",Edge Chromium 131,,,2025-01-20 04:53:32,2025-01-20 04:53:33,0.843s,PASSED
delay(2),Edge Chromium 131,,,2025-01-20 04:53:33,2025-01-20 04:53:35,2.008s,PASSED
"sendKeys(findTestObject(""Object Repository/Registro de envíos/Test cases/input_dir_entreg""), Keys.chord(ENTER), STOP_ON_FAILURE)",Edge Chromium 131,,,2025-01-20 04:53:35,2025-01-20 04:53:35,0.359s,PASSED
delay(3),Edge Chromium 131,,,2025-01-20 04:53:35,2025-01-20 04:53:38,3.015s,PASSED
"scrollToElement(findTestObject(""Registro de envíos/Test cases/Girley/validac_Destino""), 0)",Edge Chromium 131,,,2025-01-20 04:53:38,2025-01-20 04:53:40,1.466s,PASSED
delay(2),Edge Chromium 131,,,2025-01-20 04:53:40,2025-01-20 04:53:42,2.012s,PASSED
"scrollToElement(findTestObject(""Object Repository/Registro de envíos/Test cases/button_TipDocument""), 0, STOP_ON_FAILURE)",Edge Chromium 131,,,2025-01-20 04:53:42,2025-01-20 04:53:42,0.339s,PASSED
"click(findTestObject(""Object Repository/Registro de envíos/Test cases/button_TipDocument""), STOP_ON_FAILURE)",Edge Chromium 131,,,2025-01-20 04:53:42,2025-01-20 04:53:43,0.354s,PASSED
"click(findTestObject(""Object Repository/Registro de envíos/Test cases/a_DNI""), STOP_ON_FAILURE)",Edge Chromium 131,,,2025-01-20 04:53:43,2025-01-20 04:53:43,0.346s,PASSED
"setText(findTestObject(""Object Repository/Registro de envíos/Test cases/input_Consig_dni""), ""12345678"", STOP_ON_FAILURE)",Edge Chromium 131,,,2025-01-20 04:53:43,2025-01-20 04:53:44,0.692s,PASSED
"verifyElementPresent(findTestObject(""Object Repository/Registro de envíos/Test cases/div_PINTO""), 0, STOP_ON_FAILURE)",Edge Chromium 131,,,2025-01-20 04:53:44,2025-01-20 04:53:47,2.813s,PASSED
"scrollToElement(findTestObject(""Object Repository/Registro de envíos/Test cases/button_cntnuar(1)""), 0, STOP_ON_FAILURE)",Edge Chromium 131,,,2025-01-20 04:53:47,2025-01-20 04:53:47,0.311s,PASSED
"click(findTestObject(""Object Repository/Registro de envíos/Test cases/button_cntnuar(1)""), STOP_ON_FAILURE)",Edge Chromium 131,,,2025-01-20 04:53:47,2025-01-20 04:53:47,0.354s,PASSED
"verifyElementText(findTestObject(""Object Repository/Registro de envíos/Test cases/th_lima""), ""Jauja"", STOP_ON_FAILURE)",Edge Chromium 131,,,2025-01-20 04:53:47,2025-01-20 04:53:48,1.326s,PASSED
"verifyElementText(findTestObject(""Object Repository/Registro de envíos/Test cases/th_EntregDomic""), ""Recojo En Tienda"", STOP_ON_FAILURE)",Edge Chromium 131,,,2025-01-20 04:53:48,2025-01-20 04:53:49,0.292s,PASSED
"verifyElementText(findTestObject(""Registro de envíos/Test cases/Girley/validac_Destino_Resum""), ""Lima - Lima - Miraflores"", STOP_ON_FAILURE)",Edge Chromium 131,,,2025-01-20 04:53:49,2025-01-20 04:53:49,0.303s,PASSED
"verifyElementPresent(findTestObject(""Object Repository/Registro de envíos/Test cases/th_7.30""), 0, STOP_ON_FAILURE)",Edge Chromium 131,,,2025-01-20 04:53:49,2025-01-20 04:53:49,0.318s,PASSED
"verifyElementPresent(findTestObject(""Object Repository/Registro de envíos/Test cases/th_0.00""), 0, STOP_ON_FAILURE)",Edge Chromium 131,,,2025-01-20 04:53:49,2025-01-20 04:53:50,0.283s,PASSED
"click(findTestObject(""Object Repository/Registro de envíos/Test cases/1-Principal/button_IR A PAGAR S 7.30""))",Edge Chromium 131,,,2025-01-20 04:53:50,2025-01-20 04:53:50,0.417s,PASSED
"verifyElementPresent(findTestObject(""Object Repository/Registro de envíos/Test cases/Girley/div_INGRESA TU CLAVE DE SEGURIDAD          _f716a0""), 0)",Edge Chromium 131,,,2025-01-20 04:53:50,2025-01-20 04:53:50,0.301s,PASSED
"verifyElementText(findTestObject(""Object Repository/Registro de envíos/Test cases/Girley/b_INGRESA TU CLAVE DE SEGURIDAD""), ""INGRESA TU CLAVE DE SEGURIDAD"")",Edge Chromium 131,,,2025-01-20 04:53:50,2025-01-20 04:53:51,0.301s,PASSED
"setText(findTestObject(""Object Repository/Registro de envíos/Test cases/Girley/input_Tienes envos con recojo en tienda, se_b85f5d""), ""1"")",Edge Chromium 131,,,2025-01-20 04:53:51,2025-01-20 04:53:51,0.655s,PASSED
"setText(findTestObject(""Object Repository/Registro de envíos/Test cases/Girley/input_Tienes envos con recojo en tienda, se_af5936""), ""2"")",Edge Chromium 131,,,2025-01-20 04:53:51,2025-01-20 04:53:52,0.638s,PASSED
"setText(findTestObject(""Object Repository/Registro de envíos/Test cases/Girley/input_Tienes envos con recojo en tienda, se_653975""), ""3"")",Edge Chromium 131,,,2025-01-20 04:53:52,2025-01-20 04:53:53,0.631s,PASSED
"setText(findTestObject(""Object Repository/Registro de envíos/Test cases/Girley/input_Tienes envos con recojo en tienda, se_8615a0""), ""4"")",Edge Chromium 131,,,2025-01-20 04:53:53,2025-01-20 04:53:53,0.680s,PASSED
"click(findTestObject(""Object Repository/Registro de envíos/Test cases/Girley/b_Aceptar""))",Edge Chromium 131,,,2025-01-20 04:53:53,2025-01-20 04:53:54,0.327s,PASSED
"callTestCase(findTestCase(""Registro_Envíos/1.Inicio/3.Pago_envíos/Pago_TDC""), [:], STOP_ON_FAILURE)",Edge Chromium 131,,,2025-01-20 04:53:54,2025-01-20 04:54:13,19.754s,PASSED
,,,,,,,
Test Cases/Registro_Envíos/3. Positivas/2. Sobres/Origen provincia/2.Girley/2.Direccion_callao,Edge Chromium 131,,,2025-01-20 04:54:13,2025-01-20 04:55:19,1m - 5.361s,PASSED
"callTestCase(findTestCase(""Registro_Envíos/1.Inicio/1.Principal/Principal-Home""), [:], STOP_ON_FAILURE)",Edge Chromium 131,,,2025-01-20 04:54:14,2025-01-20 04:54:18,4.444s,PASSED
"callTestCase(findTestCase(""Registro_Envíos/1.Inicio/1.Principal/Selecc_sobre""), [:], STOP_ON_FAILURE)",Edge Chromium 131,,,2025-01-20 04:54:18,2025-01-20 04:54:26,7.530s,PASSED
"callTestCase(findTestCase(""Registro_Envíos/1.Inicio/2.Login/4.LoginCE-Colab""), [:], STOP_ON_FAILURE)",Edge Chromium 131,,,2025-01-20 04:54:26,2025-01-20 04:54:27,1.840s,PASSED
"setText(findTestObject(""Registro de envíos/Test cases/Girley/input_Qu Envas_input_descripcion""), ""GHJK"")",Edge Chromium 131,,,2025-01-20 04:54:27,2025-01-20 04:54:28,0.659s,PASSED
"setText(findTestObject(""Registro de envíos/Test cases/Girley/input_Qu Envas_input_valor""), ""12"")",Edge Chromium 131,,,2025-01-20 04:54:28,2025-01-20 04:54:29,0.687s,PASSED
"click(findTestObject(""Object Repository/Registro de envíos/Test cases/span_PuntPartid""), STOP_ON_FAILURE)",Edge Chromium 131,,,2025-01-20 04:54:29,2025-01-20 04:54:29,0.449s,PASSED
"click(findTestObject(""Object Repository/Registro de envíos/valorados/Page_Olva Courier  Datos Personales/span_CHEPEN""))",Edge Chromium 131,,,2025-01-20 04:54:29,2025-01-20 04:54:29,0.352s,PASSED
"click(findTestObject(""Object Repository/Registro de envíos/Test cases/span_PuntLlegad""), STOP_ON_FAILURE)",Edge Chromium 131,,,2025-01-20 04:54:29,2025-01-20 04:54:31,1.713s,PASSED
"click(findTestObject(""Object Repository/Registro de envíos/Test cases/input_PuntLlegad""), STOP_ON_FAILURE)",Edge Chromium 131,,,2025-01-20 04:54:31,2025-01-20 04:54:32,0.362s,PASSED
"setText(findTestObject(""Object Repository/Registro de envíos/Test cases/input_PuntLlegad""), ""san borja"", STOP_ON_FAILURE)",Edge Chromium 131,,,2025-01-20 04:54:32,2025-01-20 04:54:33,0.949s,PASSED
"delay(4, STOP_ON_FAILURE)",Edge Chromium 131,,,2025-01-20 04:54:33,2025-01-20 04:54:37,4.014s,PASSED
"scrollToElement(findTestObject(""Object Repository/Registro de envíos/Test cases/span_LIM_SanBorj""), 0, STOP_ON_FAILURE)",Edge Chromium 131,,,2025-01-20 04:54:37,2025-01-20 04:54:37,0.321s,PASSED
"click(findTestObject(""Object Repository/Registro de envíos/Test cases/span_LIM_SanBorj""), STOP_ON_FAILURE)",Edge Chromium 131,,,2025-01-20 04:54:37,2025-01-20 04:54:37,0.411s,PASSED
"click(findTestObject(""Object Repository/Registro de envíos/Test cases/span_TipEntreg""), STOP_ON_FAILURE)",Edge Chromium 131,,,2025-01-20 04:54:37,2025-01-20 04:54:38,0.350s,PASSED
"click(findTestObject(""Object Repository/Registro de envíos/Test cases/a_EntregDomic""), STOP_ON_FAILURE)",Edge Chromium 131,,,2025-01-20 04:54:38,2025-01-20 04:54:39,1.600s,PASSED
"scrollToElement(findTestObject(""Object Repository/Registro de envíos/Test cases/input_dir_entreg""), 0, STOP_ON_FAILURE)",Edge Chromium 131,,,2025-01-20 04:54:39,2025-01-20 04:54:40,0.317s,PASSED
"setText(findTestObject(""Object Repository/Registro de envíos/Test cases/input_dir_entreg""), ""Jr. Atahualpa No 602, Callao, Callao"", STOP_ON_FAILURE)",Edge Chromium 131,,,2025-01-20 04:54:40,2025-01-20 04:54:40,0.770s,PASSED
"sendKeys(findTestObject(""Object Repository/Registro de envíos/Test cases/input_dir_entreg""), Keys.chord(ENTER), STOP_ON_FAILURE)",Edge Chromium 131,,,2025-01-20 04:54:40,2025-01-20 04:54:42,1.827s,PASSED
"scrollToElement(findTestObject(""Object Repository/Registro de envíos/Test cases/input_dir_ref""), 0, STOP_ON_FAILURE)",Edge Chromium 131,,,2025-01-20 04:54:42,2025-01-20 04:54:44,2.087s,PASSED
"setText(findTestObject(""Object Repository/Registro de envíos/Test cases/input_dir_ref""), ""ABC"", STOP_ON_FAILURE)",Edge Chromium 131,,,2025-01-20 04:54:44,2025-01-20 04:54:45,0.697s,PASSED
"scrollToElement(findTestObject(""Object Repository/Registro de envíos/Test cases/button_TipDocument""), 0, STOP_ON_FAILURE)",Edge Chromium 131,,,2025-01-20 04:54:45,2025-01-20 04:54:45,0.314s,PASSED
"click(findTestObject(""Object Repository/Registro de envíos/Test cases/button_TipDocument""), STOP_ON_FAILURE)",Edge Chromium 131,,,2025-01-20 04:54:45,2025-01-20 04:54:46,0.349s,PASSED
"click(findTestObject(""Object Repository/Registro de envíos/Test cases/a_DNI""), STOP_ON_FAILURE)",Edge Chromium 131,,,2025-01-20 04:54:46,2025-01-20 04:54:46,0.347s,PASSED
"setText(findTestObject(""Object Repository/Registro de envíos/Test cases/input_Consig_dni""), ""12345678"", STOP_ON_FAILURE)",Edge Chromium 131,,,2025-01-20 04:54:46,2025-01-20 04:54:47,0.669s,PASSED
"verifyElementPresent(findTestObject(""Object Repository/Registro de envíos/Test cases/div_PINTO""), 0, STOP_ON_FAILURE)",Edge Chromium 131,,,2025-01-20 04:54:47,2025-01-20 04:54:54,7.828s,PASSED
"scrollToElement(findTestObject(""Object Repository/Registro de envíos/Test cases/button_cntnuar(1)""), 0, STOP_ON_FAILURE)",Edge Chromium 131,,,2025-01-20 04:54:54,2025-01-20 04:54:55,0.361s,PASSED
"click(findTestObject(""Object Repository/Registro de envíos/Test cases/button_cntnuar(1)""), STOP_ON_FAILURE)",Edge Chromium 131,,,2025-01-20 04:54:55,2025-01-20 04:54:55,0.362s,PASSED
"verifyElementText(findTestObject(""Object Repository/Registro de envíos/Test cases/th_lima""), ""Chepen"", STOP_ON_FAILURE)",Edge Chromium 131,,,2025-01-20 04:54:55,2025-01-20 04:54:57,2.210s,PASSED
"verifyElementText(findTestObject(""Object Repository/Registro de envíos/Test cases/th_EntregDomic""), ""Entrega A Domicilio"", STOP_ON_FAILURE)",Edge Chromium 131,,,2025-01-20 04:54:57,2025-01-20 04:54:58,0.315s,PASSED
"verifyElementPresent(findTestObject(""Object Repository/Registro de envíos/Test cases/th_7.30""), 0, STOP_ON_FAILURE)",Edge Chromium 131,,,2025-01-20 04:54:58,2025-01-20 04:54:58,0.314s,PASSED
"verifyElementPresent(findTestObject(""Object Repository/Registro de envíos/Test cases/th_0.00""), 0, STOP_ON_FAILURE)",Edge Chromium 131,,,2025-01-20 04:54:58,2025-01-20 04:54:58,0.311s,PASSED
"click(findTestObject(""Object Repository/Registro de envíos/Test cases/1-Principal/button_IR A PAGAR S 7.30""))",Edge Chromium 131,,,2025-01-20 04:54:58,2025-01-20 04:54:59,0.334s,PASSED
"callTestCase(findTestCase(""Registro_Envíos/1.Inicio/3.Pago_envíos/Pago_TDC""), [:], STOP_ON_FAILURE)",Edge Chromium 131,,,2025-01-20 04:54:59,2025-01-20 04:55:19,20.128s,PASSED
,,,,,,,
Test Cases/Registro_Envíos/3. Positivas/2. Sobres/Origen provincia/2.Girley/1.Destin_Lima,Edge Chromium 131,,,2025-01-20 04:55:19,2025-01-20 04:56:15,56.272s,PASSED
"callTestCase(findTestCase(""Registro_Envíos/1.Inicio/1.Principal/Principal-Home""), [:], STOP_ON_FAILURE)",Edge Chromium 131,,,2025-01-20 04:55:19,2025-01-20 04:55:23,4.408s,PASSED
"callTestCase(findTestCase(""Registro_Envíos/1.Inicio/1.Principal/Selecc_sobre""), [:], STOP_ON_FAILURE)",Edge Chromium 131,,,2025-01-20 04:55:23,2025-01-20 04:55:32,8.741s,PASSED
"callTestCase(findTestCase(""Registro_Envíos/1.Inicio/2.Login/3.Login_CE""), [:], STOP_ON_FAILURE)",Edge Chromium 131,,,2025-01-20 04:55:32,2025-01-20 04:55:34,1.814s,PASSED
"setText(findTestObject(""Registro de envíos/Test cases/Girley/input_Qu Envas_input_descripcion""), ""GHJK"")",Edge Chromium 131,,,2025-01-20 04:55:34,2025-01-20 04:55:35,0.658s,PASSED
"setText(findTestObject(""Registro de envíos/Test cases/Girley/input_Qu Envas_input_valor""), ""12"")",Edge Chromium 131,,,2025-01-20 04:55:35,2025-01-20 04:55:35,0.662s,PASSED
"click(findTestObject(""Object Repository/Registro de envíos/Test cases/span_PuntPartid""), STOP_ON_FAILURE)",Edge Chromium 131,,,2025-01-20 04:55:35,2025-01-20 04:55:36,0.360s,PASSED
"click(findTestObject(""Object Repository/Registro de envíos/valorados/Page_Olva Courier  Datos Personales/a_TRUJILLO""))",Edge Chromium 131,,,2025-01-20 04:55:36,2025-01-20 04:55:36,0.388s,PASSED
"click(findTestObject(""Object Repository/Registro de envíos/Test cases/span_PuntLlegad""), STOP_ON_FAILURE)",Edge Chromium 131,,,2025-01-20 04:55:36,2025-01-20 04:55:38,1.705s,PASSED
"click(findTestObject(""Object Repository/Registro de envíos/Test cases/input_PuntLlegad""), STOP_ON_FAILURE)",Edge Chromium 131,,,2025-01-20 04:55:38,2025-01-20 04:55:38,0.341s,PASSED
"setText(findTestObject(""Object Repository/Registro de envíos/Test cases/input_PuntLlegad""), ""san borja"", STOP_ON_FAILURE)",Edge Chromium 131,,,2025-01-20 04:55:38,2025-01-20 04:55:39,0.954s,PASSED
"delay(4, STOP_ON_FAILURE)",Edge Chromium 131,,,2025-01-20 04:55:39,2025-01-20 04:55:43,4.001s,PASSED
"scrollToElement(findTestObject(""Object Repository/Registro de envíos/Test cases/span_LIM_SanBorj""), 0, STOP_ON_FAILURE)",Edge Chromium 131,,,2025-01-20 04:55:43,2025-01-20 04:55:43,0.333s,PASSED
"click(findTestObject(""Object Repository/Registro de envíos/Test cases/span_LIM_SanBorj""), STOP_ON_FAILURE)",Edge Chromium 131,,,2025-01-20 04:55:43,2025-01-20 04:55:44,0.400s,PASSED
"click(findTestObject(""Object Repository/Registro de envíos/Test cases/span_TipEntreg""), STOP_ON_FAILURE)",Edge Chromium 131,,,2025-01-20 04:55:44,2025-01-20 04:55:44,0.332s,PASSED
"click(findTestObject(""Object Repository/Registro de envíos/Test cases/a_EntregDomic""), STOP_ON_FAILURE)",Edge Chromium 131,,,2025-01-20 04:55:44,2025-01-20 04:55:46,1.578s,PASSED
"scrollToElement(findTestObject(""Object Repository/Registro de envíos/Test cases/input_dir_entreg""), 0, STOP_ON_FAILURE)",Edge Chromium 131,,,2025-01-20 04:55:46,2025-01-20 04:55:46,0.327s,PASSED
"setText(findTestObject(""Object Repository/Registro de envíos/Test cases/input_dir_entreg""), ""Calle De Las Bellas Artes 122, San Borja, Lima, Lima, Perú"", STOP_ON_FAILURE)",Edge Chromium 131,,,2025-01-20 04:55:46,2025-01-20 04:55:47,0.846s,PASSED
"sendKeys(findTestObject(""Object Repository/Registro de envíos/Test cases/input_dir_entreg""), Keys.chord(ENTER), STOP_ON_FAILURE)",Edge Chromium 131,,,2025-01-20 04:55:47,2025-01-20 04:55:49,2.554s,PASSED
"scrollToElement(findTestObject(""Object Repository/Registro de envíos/Test cases/input_dir_ref""), 0, STOP_ON_FAILURE)",Edge Chromium 131,,,2025-01-20 04:55:49,2025-01-20 04:55:51,2.007s,PASSED
"setText(findTestObject(""Object Repository/Registro de envíos/Test cases/input_dir_ref""), ""ABC"", STOP_ON_FAILURE)",Edge Chromium 131,,,2025-01-20 04:55:51,2025-01-20 04:55:52,0.696s,PASSED
"scrollToElement(findTestObject(""Object Repository/Registro de envíos/Test cases/button_TipDocument""), 0, STOP_ON_FAILURE)",Edge Chromium 131,,,2025-01-20 04:55:52,2025-01-20 04:55:52,0.313s,PASSED
"click(findTestObject(""Object Repository/Registro de envíos/Test cases/button_TipDocument""), STOP_ON_FAILURE)",Edge Chromium 131,,,2025-01-20 04:55:52,2025-01-20 04:55:53,0.351s,PASSED
"click(findTestObject(""Object Repository/Registro de envíos/Test cases/a_DNI""), STOP_ON_FAILURE)",Edge Chromium 131,,,2025-01-20 04:55:53,2025-01-20 04:55:53,0.332s,PASSED
"setText(findTestObject(""Object Repository/Registro de envíos/Test cases/input_Consig_dni""), ""12345678"", STOP_ON_FAILURE)",Edge Chromium 131,,,2025-01-20 04:55:53,2025-01-20 04:55:54,0.711s,PASSED
"verifyElementPresent(findTestObject(""Object Repository/Registro de envíos/Test cases/div_PINTO""), 0, STOP_ON_FAILURE)",Edge Chromium 131,,,2025-01-20 04:55:54,2025-01-20 04:56:01,7.178s,PASSED
"scrollToElement(findTestObject(""Object Repository/Registro de envíos/Test cases/button_cntnuar(1)""), 0, STOP_ON_FAILURE)",Edge Chromium 131,,,2025-01-20 04:56:01,2025-01-20 04:56:01,0.314s,PASSED
"click(findTestObject(""Object Repository/Registro de envíos/Test cases/button_cntnuar(1)""), STOP_ON_FAILURE)",Edge Chromium 131,,,2025-01-20 04:56:01,2025-01-20 04:56:02,0.375s,PASSED
"verifyElementText(findTestObject(""Object Repository/Registro de envíos/Test cases/th_EntregDomic""), ""Entrega A Domicilio"", STOP_ON_FAILURE)",Edge Chromium 131,,,2025-01-20 04:56:02,2025-01-20 04:56:04,2.177s,PASSED
"verifyElementPresent(findTestObject(""Object Repository/Registro de envíos/Test cases/th_7.30""), 0, STOP_ON_FAILURE)",Edge Chromium 131,,,2025-01-20 04:56:04,2025-01-20 04:56:04,0.303s,PASSED
"verifyElementPresent(findTestObject(""Object Repository/Registro de envíos/Test cases/th_0.00""), 0, STOP_ON_FAILURE)",Edge Chromium 131,,,2025-01-20 04:56:04,2025-01-20 04:56:04,0.305s,PASSED
"click(findTestObject(""Object Repository/Registro de envíos/Test cases/1-Principal/button_IR A PAGAR S 7.30""))",Edge Chromium 131,,,2025-01-20 04:56:04,2025-01-20 04:56:05,0.347s,PASSED
"callTestCase(findTestCase(""Registro_Envíos/1.Inicio/3.Pago_envíos/Pago_Efectivo""), [:], STOP_ON_FAILURE)",Edge Chromium 131,,,2025-01-20 04:56:05,2025-01-20 04:56:15,10.328s,PASSED
,,,,,,,
"Test Cases/Registro_Envíos/3. Positivas/2. Sobres/Origen provincia/3. Destinos D, DO y O/1.Destino_D",Edge Chromium 131,,,2025-01-20 04:56:15,2025-01-20 04:57:17,1m - 1.667s,PASSED
"callTestCase(findTestCase(""Registro_Envíos/1.Inicio/1.Principal/Principal-Home""), [:], STOP_ON_FAILURE)",Edge Chromium 131,,,2025-01-20 04:56:15,2025-01-20 04:56:20,4.418s,PASSED
"callTestCase(findTestCase(""Registro_Envíos/1.Inicio/1.Principal/Selecc_sobre""), [:], STOP_ON_FAILURE)",Edge Chromium 131,,,2025-01-20 04:56:20,2025-01-20 04:56:27,7.538s,PASSED
"callTestCase(findTestCase(""Registro_Envíos/1.Inicio/2.Login/5.LoginRUC20""), [:], STOP_ON_FAILURE)",Edge Chromium 131,,,2025-01-20 04:56:27,2025-01-20 04:56:30,2.746s,PASSED
"setText(findTestObject(""Registro de envíos/Test cases/Girley/input_Qu Envas_input_descripcion""), ""GHJK"")",Edge Chromium 131,,,2025-01-20 04:56:30,2025-01-20 04:56:31,0.687s,PASSED
"setText(findTestObject(""Registro de envíos/Test cases/Girley/input_Qu Envas_input_valor""), ""12"")",Edge Chromium 131,,,2025-01-20 04:56:31,2025-01-20 04:56:31,0.625s,PASSED
"click(findTestObject(""Object Repository/Registro de envíos/valorados/Page_Olva Courier  Datos Personales/button_Ingrese el punto de partida""))",Edge Chromium 131,,,2025-01-20 04:56:31,2025-01-20 04:56:32,0.321s,PASSED
"click(findTestObject(""Object Repository/Registro de envíos/valorados/Page_Olva Courier  Datos Personales/a_TRUJILLO""))",Edge Chromium 131,,,2025-01-20 04:56:32,2025-01-20 04:56:32,0.361s,PASSED
"delay(3, STOP_ON_FAILURE)",Edge Chromium 131,,,2025-01-20 04:56:32,2025-01-20 04:56:35,3.002s,PASSED
"click(findTestObject(""Object Repository/Registro de envíos/Test cases/span_PuntLlegad""), STOP_ON_FAILURE)",Edge Chromium 131,,,2025-01-20 04:56:35,2025-01-20 04:56:35,0.396s,PASSED
"click(findTestObject(""Object Repository/Registro de envíos/Test cases/input_PuntLlegad""), STOP_ON_FAILURE)",Edge Chromium 131,,,2025-01-20 04:56:35,2025-01-20 04:56:36,0.347s,PASSED
"setText(findTestObject(""Object Repository/Registro de envíos/Test cases/input_PuntLlegad""), ""aramango"", STOP_ON_FAILURE)",Edge Chromium 131,,,2025-01-20 04:56:36,2025-01-20 04:56:36,0.882s,PASSED
"scrollToElement(findTestObject(""Object Repository/span_AMAZONAS - BAGUA - ARAMANGO""), 0)",Edge Chromium 131,,,2025-01-20 04:56:36,2025-01-20 04:56:37,0.298s,PASSED
"click(findTestObject(""Object Repository/span_AMAZONAS - BAGUA - ARAMANGO""))",Edge Chromium 131,,,2025-01-20 04:56:37,2025-01-20 04:56:39,1.907s,PASSED
"setText(findTestObject(""Registro de envíos/Test cases/input_dir_entreg""), ""ARAMANGO DIRECCIÓN DE PRUEBa"")",Edge Chromium 131,,,2025-01-20 04:56:39,2025-01-20 04:56:39,0.707s,PASSED
"click(findTestObject(""Object Repository/span_Entrega a domicilio""))",Edge Chromium 131,,,2025-01-20 04:56:39,2025-01-20 04:56:40,0.373s,PASSED
"click(findTestObject(""Registro de envíos/Test cases/Girley/a_Recojo en tienda""))",Edge Chromium 131,,,2025-01-20 04:56:40,2025-01-20 04:56:40,0.321s,PASSED
"click(findTestObject(""D, O, DO/button_Acept_D""))",Edge Chromium 131,,,2025-01-20 04:56:40,2025-01-20 04:56:40,0.312s,PASSED
"click(findTestObject(""Object Repository/span_Entrega a domicilio""))",Edge Chromium 131,,,2025-01-20 04:56:40,2025-01-20 04:56:41,0.318s,PASSED
"click(findTestObject(""Registro de envíos/Test cases/a_EntregDomic""))",Edge Chromium 131,,,2025-01-20 04:56:41,2025-01-20 04:56:41,0.327s,PASSED
"setText(findTestObject(""Registro de envíos/Test cases/input_dir_entreg""), ""ARAMANGO DIRECCIÓN DE PRUEBa"")",Edge Chromium 131,,,2025-01-20 04:56:41,2025-01-20 04:56:42,0.692s,PASSED
"setText(findTestObject(""Registro de envíos/Test cases/input_dir_ref""), ""PRUEBa"")",Edge Chromium 131,,,2025-01-20 04:56:42,2025-01-20 04:56:42,0.638s,PASSED
"scrollToElement(findTestObject(""Object Repository/Registro de envíos/Test cases/button_TipDocument""), 0, STOP_ON_FAILURE)",Edge Chromium 131,,,2025-01-20 04:56:42,2025-01-20 04:56:43,0.312s,PASSED
"click(findTestObject(""Object Repository/Registro de envíos/Test cases/button_TipDocument""), STOP_ON_FAILURE)",Edge Chromium 131,,,2025-01-20 04:56:43,2025-01-20 04:56:43,0.311s,PASSED
"click(findTestObject(""Object Repository/span_CARN EXT""))",Edge Chromium 131,,,2025-01-20 04:56:43,2025-01-20 04:56:43,0.324s,PASSED
"setText(findTestObject(""Difuminado/input_CARN EXT_txt_consignado_dni""), ""003680378"")",Edge Chromium 131,,,2025-01-20 04:56:43,2025-01-20 04:56:44,0.637s,PASSED
"click(findTestObject(""Registro de envíos/Test cases/button_cntnuar(1)""))",Edge Chromium 131,,,2025-01-20 04:56:44,2025-01-20 04:56:44,0.373s,PASSED
"click(findTestObject(""Object Repository/a_AGREGAR ENVOS""))",Edge Chromium 131,,,2025-01-20 04:56:44,2025-01-20 04:56:47,2.190s,PASSED
"click(findTestObject(""Difuminado/img_Envo de cajas o paquetescon un peso mxi_37770f""))",Edge Chromium 131,,,2025-01-20 04:56:47,2025-01-20 04:56:47,0.534s,PASSED
"click(findTestObject(""Registro de envíos/Test cases/button_cntnuar""))",Edge Chromium 131,,,2025-01-20 04:56:47,2025-01-20 04:56:48,0.711s,PASSED
delay(5),Edge Chromium 131,,,2025-01-20 04:56:48,2025-01-20 04:56:53,5.002s,PASSED
"setText(findTestObject(""Difuminado/input_Qu Envas_input_descripcion""), ""PRUEBA"")",Edge Chromium 131,,,2025-01-20 04:56:53,2025-01-20 04:56:53,0.633s,PASSED
"setText(findTestObject(""Difuminado/input_Qu Envas_input_valor""), ""12"")",Edge Chromium 131,,,2025-01-20 04:56:53,2025-01-20 04:56:54,0.618s,PASSED
"click(findTestObject(""Difuminado/span_Ingrese el punto de llegada""))",Edge Chromium 131,,,2025-01-20 04:56:54,2025-01-20 04:56:55,0.499s,PASSED
"setText(findTestObject(""Registro de envíos/cargo adjunto/Page_Olva Courier  Datos Personales/input_Ingrese el punto de llegada_form-control""), ""punta negra"")",Edge Chromium 131,,,2025-01-20 04:56:55,2025-01-20 04:56:56,1.009s,PASSED
"click(findTestObject(""Object Repository/a_LIMA - LIMA - PUNTA NEGRA""))",Edge Chromium 131,,,2025-01-20 04:56:56,2025-01-20 04:56:58,2.033s,PASSED
"setText(findTestObject(""Registro de envíos/Test cases/input_dir_entreg""), ""PUNTA NEGRa"")",Edge Chromium 131,,,2025-01-20 04:56:58,2025-01-20 04:56:58,0.751s,PASSED
"setText(findTestObject(""Registro de envíos/Test cases/input_dir_ref""), ""PRUEBa"")",Edge Chromium 131,,,2025-01-20 04:56:58,2025-01-20 04:57:00,1.480s,PASSED
"click(findTestObject(""Object Repository/span_Entrega a domicilio""))",Edge Chromium 131,,,2025-01-20 04:57:00,2025-01-20 04:57:00,0.321s,PASSED
"click(findTestObject(""Difuminado/a_Recojo en tienda""))",Edge Chromium 131,,,2025-01-20 04:57:00,2025-01-20 04:57:00,0.326s,PASSED
"verifyElementPresent(findTestObject(""Object Repository/div_No se encontr oficinas en el destino se_5eeb82""), 0)",Edge Chromium 131,,,2025-01-20 04:57:00,2025-01-20 04:57:01,0.294s,PASSED
"verifyElementText(findTestObject(""Object Repository/p_No se encontr oficinas en el destino sele_1183e7""), ""No se encontró oficinas en el destino seleccionado."")",Edge Chromium 131,,,2025-01-20 04:57:01,2025-01-20 04:57:01,0.295s,PASSED
"click(findTestObject(""D, O, DO/button_Acept_D""))",Edge Chromium 131,,,2025-01-20 04:57:01,2025-01-20 04:57:01,0.314s,PASSED
"scrollToElement(findTestObject(""Object Repository/Registro de envíos/Test cases/button_TipDocument""), 0, STOP_ON_FAILURE)",Edge Chromium 131,,,2025-01-20 04:57:01,2025-01-20 04:57:02,0.295s,PASSED
"click(findTestObject(""Object Repository/Registro de envíos/Test cases/button_TipDocument""), STOP_ON_FAILURE)",Edge Chromium 131,,,2025-01-20 04:57:02,2025-01-20 04:57:02,0.336s,PASSED
"click(findTestObject(""Object Repository/a_RUC""))",Edge Chromium 131,,,2025-01-20 04:57:02,2025-01-20 04:57:02,0.326s,PASSED
"setText(findTestObject(""Difuminado/input_CARN EXT_txt_consignado_dni""), ""12345678909"")",Edge Chromium 131,,,2025-01-20 04:57:02,2025-01-20 04:57:03,0.642s,PASSED
"click(findTestObject(""Registro de envíos/Test cases/button_cntnuar(1)""))",Edge Chromium 131,,,2025-01-20 04:57:03,2025-01-20 04:57:03,0.452s,PASSED
"scrollToElement(findTestObject(""Object Repository/button_IR A PAGAR S 33.79""), 0)",Edge Chromium 131,,,2025-01-20 04:57:03,2025-01-20 04:57:06,2.790s,PASSED
"click(findTestObject(""Object Repository/button_IR A PAGAR S 33.79""))",Edge Chromium 131,,,2025-01-20 04:57:06,2025-01-20 04:57:07,0.326s,PASSED
"callTestCase(findTestCase(""Registro_Envíos/1.Inicio/3.Pago_envíos/Pago_Efectivo""), [:], STOP_ON_FAILURE)",Edge Chromium 131,,,2025-01-20 04:57:07,2025-01-20 04:57:17,10.174s,PASSED
,,,,,,,
"Test Cases/Registro_Envíos/3. Positivas/2. Sobres/Origen provincia/3. Destinos D, DO y O/2.Destino_O",Edge Chromium 131,,,2025-01-20 04:57:17,2025-01-20 04:58:27,1m - 10.356s,PASSED
"callTestCase(findTestCase(""Registro_Envíos/1.Inicio/1.Principal/Principal-Home""), [:], STOP_ON_FAILURE)",Edge Chromium 131,,,2025-01-20 04:57:17,2025-01-20 04:57:21,4.428s,PASSED
"callTestCase(findTestCase(""Registro_Envíos/1.Inicio/1.Principal/Selecc_sobre""), [:], STOP_ON_FAILURE)",Edge Chromium 131,,,2025-01-20 04:57:21,2025-01-20 04:57:28,6.938s,PASSED
"callTestCase(findTestCase(""Registro_Envíos/1.Inicio/2.Login/4.LoginCE-Colab""), [:], STOP_ON_FAILURE)",Edge Chromium 131,,,2025-01-20 04:57:28,2025-01-20 04:57:30,1.776s,PASSED
"setText(findTestObject(""Registro de envíos/Test cases/Girley/input_Qu Envas_input_descripcion""), ""GHJK"")",Edge Chromium 131,,,2025-01-20 04:57:30,2025-01-20 04:57:31,0.645s,PASSED
"setText(findTestObject(""Registro de envíos/Test cases/Girley/input_Qu Envas_input_valor""), ""12"")",Edge Chromium 131,,,2025-01-20 04:57:31,2025-01-20 04:57:31,0.639s,PASSED
"delay(3, STOP_ON_FAILURE)",Edge Chromium 131,,,2025-01-20 04:57:31,2025-01-20 04:57:34,3.015s,PASSED
"click(findTestObject(""Object Repository/Registro de envíos/valorados/Page_Olva Courier  Datos Personales/button_Ingrese el punto de partida""))",Edge Chromium 131,,,2025-01-20 04:57:34,2025-01-20 04:57:35,0.317s,PASSED
"click(findTestObject(""Object Repository/Registro de envíos/valorados/Page_Olva Courier  Datos Personales/span_CHEPEN""))",Edge Chromium 131,,,2025-01-20 04:57:35,2025-01-20 04:57:35,0.340s,PASSED
"click(findTestObject(""Object Repository/Registro de envíos/Test cases/span_PuntLlegad""), STOP_ON_FAILURE)",Edge Chromium 131,,,2025-01-20 04:57:35,2025-01-20 04:57:37,1.811s,PASSED
"click(findTestObject(""Object Repository/Registro de envíos/Test cases/input_PuntLlegad""), STOP_ON_FAILURE)",Edge Chromium 131,,,2025-01-20 04:57:37,2025-01-20 04:57:37,0.328s,PASSED
"setText(findTestObject(""Object Repository/Registro de envíos/Test cases/input_PuntLlegad""), ""aramango"", STOP_ON_FAILURE)",Edge Chromium 131,,,2025-01-20 04:57:37,2025-01-20 04:57:38,0.873s,PASSED
"scrollToElement(findTestObject(""Object Repository/span_AMAZONAS - BAGUA - ARAMANGO""), 0)",Edge Chromium 131,,,2025-01-20 04:57:38,2025-01-20 04:57:38,0.300s,PASSED
"click(findTestObject(""Object Repository/span_AMAZONAS - BAGUA - ARAMANGO""))",Edge Chromium 131,,,2025-01-20 04:57:38,2025-01-20 04:57:40,1.773s,PASSED
"setText(findTestObject(""Registro de envíos/Test cases/input_dir_entreg""), ""ARAMANGO DIRECCIÓN DE PRUEBa"")",Edge Chromium 131,,,2025-01-20 04:57:40,2025-01-20 04:57:41,0.692s,PASSED
"click(findTestObject(""Object Repository/span_Entrega a domicilio""))",Edge Chromium 131,,,2025-01-20 04:57:41,2025-01-20 04:57:41,0.322s,PASSED
"click(findTestObject(""Registro de envíos/Test cases/Girley/a_Recojo en tienda""))",Edge Chromium 131,,,2025-01-20 04:57:41,2025-01-20 04:57:41,0.339s,PASSED
"click(findTestObject(""D, O, DO/button_Acept_D""))",Edge Chromium 131,,,2025-01-20 04:57:41,2025-01-20 04:57:42,0.323s,PASSED
"click(findTestObject(""Object Repository/span_Entrega a domicilio""))",Edge Chromium 131,,,2025-01-20 04:57:42,2025-01-20 04:57:42,0.331s,PASSED
"click(findTestObject(""Registro de envíos/Test cases/a_EntregDomic""))",Edge Chromium 131,,,2025-01-20 04:57:42,2025-01-20 04:57:42,0.324s,PASSED
"setText(findTestObject(""Registro de envíos/Test cases/input_dir_entreg""), ""ARAMANGO DIRECCIÓN DE PRUEBa"")",Edge Chromium 131,,,2025-01-20 04:57:42,2025-01-20 04:57:43,0.758s,PASSED
"setText(findTestObject(""Registro de envíos/Test cases/input_dir_ref""), ""PRUEBa"")",Edge Chromium 131,,,2025-01-20 04:57:43,2025-01-20 04:57:44,0.646s,PASSED
"scrollToElement(findTestObject(""Object Repository/Registro de envíos/Test cases/button_TipDocument""), 0, STOP_ON_FAILURE)",Edge Chromium 131,,,2025-01-20 04:57:44,2025-01-20 04:57:44,0.301s,PASSED
"click(findTestObject(""Object Repository/Registro de envíos/Test cases/button_TipDocument""), STOP_ON_FAILURE)",Edge Chromium 131,,,2025-01-20 04:57:44,2025-01-20 04:57:44,0.309s,PASSED
"click(findTestObject(""Object Repository/span_CARN EXT""))",Edge Chromium 131,,,2025-01-20 04:57:44,2025-01-20 04:57:45,0.324s,PASSED
"setText(findTestObject(""Difuminado/input_CARN EXT_txt_consignado_dni""), ""003680378"")",Edge Chromium 131,,,2025-01-20 04:57:45,2025-01-20 04:57:45,0.667s,PASSED
"click(findTestObject(""Registro de envíos/Test cases/button_cntnuar(1)""))",Edge Chromium 131,,,2025-01-20 04:57:45,2025-01-20 04:57:46,0.324s,PASSED
"click(findTestObject(""Object Repository/a_AGREGAR ENVOS""))",Edge Chromium 131,,,2025-01-20 04:57:46,2025-01-20 04:57:48,2.171s,PASSED
"click(findTestObject(""Difuminado/img_Envo de cajas o paquetescon un peso mxi_37770f""))",Edge Chromium 131,,,2025-01-20 04:57:48,2025-01-20 04:57:48,0.548s,PASSED
"click(findTestObject(""Registro de envíos/Test cases/button_cntnuar""))",Edge Chromium 131,,,2025-01-20 04:57:48,2025-01-20 04:57:49,0.659s,PASSED
delay(5),Edge Chromium 131,,,2025-01-20 04:57:49,2025-01-20 04:57:54,5.006s,PASSED
"setText(findTestObject(""Difuminado/input_Qu Envas_input_descripcion""), ""PRUEBA"")",Edge Chromium 131,,,2025-01-20 04:57:54,2025-01-20 04:57:55,0.678s,PASSED
"setText(findTestObject(""Difuminado/input_Qu Envas_input_valor""), ""12"")",Edge Chromium 131,,,2025-01-20 04:57:55,2025-01-20 04:57:55,0.622s,PASSED
"click(findTestObject(""Difuminado/span_Ingrese el punto de llegada""))",Edge Chromium 131,,,2025-01-20 04:57:55,2025-01-20 04:57:56,0.401s,PASSED
"setText(findTestObject(""Registro de envíos/cargo adjunto/Page_Olva Courier  Datos Personales/input_Ingrese el punto de llegada_form-control""), ""viru"")",Edge Chromium 131,,,2025-01-20 04:57:56,2025-01-20 04:57:57,0.751s,PASSED
"click(findTestObject(""D, O, DO/a_LA LIBERTAD - VIRU - VIRU""))",Edge Chromium 131,,,2025-01-20 04:57:57,2025-01-20 04:57:57,0.410s,PASSED
"click(findTestObject(""D, O, DO/button_Recojo en tienda""))",Edge Chromium 131,,,2025-01-20 04:57:57,2025-01-20 04:57:57,0.326s,PASSED
"click(findTestObject(""D, O, DO/a_Entrega a domicilio""))",Edge Chromium 131,,,2025-01-20 04:57:57,2025-01-20 04:57:58,0.357s,PASSED
"verifyElementPresent(findTestObject(""D, O, DO/div_No se encontr la opcin de entregas a domicilio en el destino seleccionado.                                Aceptar""), 0)",Edge Chromium 131,,,2025-01-20 04:57:58,2025-01-20 04:57:58,0.288s,PASSED
"verifyElementText(findTestObject(""D, O, DO/p_No se encontr la opcin de entregas a domicilio en el destino seleccionado""), ""No se encontró la opción de entregas a domicilio en el destino seleccionado."")",Edge Chromium 131,,,2025-01-20 04:57:58,2025-01-20 04:57:58,0.299s,PASSED
"scrollToElement(findTestObject(""D, O, DO/button_Acept_O""), 0)",Edge Chromium 131,,,2025-01-20 04:57:58,2025-01-20 04:57:59,0.292s,PASSED
"click(findTestObject(""D, O, DO/button_Acept_O""))",Edge Chromium 131,,,2025-01-20 04:57:59,2025-01-20 04:57:59,0.322s,PASSED
"click(findTestObject(""D, O, DO/button_Recojo en tienda""))",Edge Chromium 131,,,2025-01-20 04:57:59,2025-01-20 04:57:59,0.346s,PASSED
"click(findTestObject(""Difuminado/a_Recojo en tienda""))",Edge Chromium 131,,,2025-01-20 04:57:59,2025-01-20 04:58:00,0.324s,PASSED
"click(findTestObject(""D, O, DO/span_Tienda""))",Edge Chromium 131,,,2025-01-20 04:58:00,2025-01-20 04:58:00,0.327s,PASSED
"click(findTestObject(""D, O, DO/span_VIRU - TIENDA VIRU - VIRU - AV PANAMERICANA NORTE NRO 381""))",Edge Chromium 131,,,2025-01-20 04:58:00,2025-01-20 04:58:00,0.341s,PASSED
"scrollToElement(findTestObject(""Object Repository/Registro de envíos/Test cases/button_TipDocument""), 0, STOP_ON_FAILURE)",Edge Chromium 131,,,2025-01-20 04:58:00,2025-01-20 04:58:00,0.304s,PASSED
"click(findTestObject(""Object Repository/Registro de envíos/Test cases/button_TipDocument""), STOP_ON_FAILURE)",Edge Chromium 131,,,2025-01-20 04:58:00,2025-01-20 04:58:01,0.328s,PASSED
"click(findTestObject(""Object Repository/a_RUC""))",Edge Chromium 131,,,2025-01-20 04:58:01,2025-01-20 04:58:01,0.323s,PASSED
"setText(findTestObject(""Difuminado/input_CARN EXT_txt_consignado_dni""), ""12345678909"")",Edge Chromium 131,,,2025-01-20 04:58:01,2025-01-20 04:58:02,0.638s,PASSED
"click(findTestObject(""Registro de envíos/Test cases/button_cntnuar(1)""))",Edge Chromium 131,,,2025-01-20 04:58:02,2025-01-20 04:58:02,0.447s,PASSED
"scrollToElement(findTestObject(""Object Repository/button_IR A PAGAR S 33.79""), 0)",Edge Chromium 131,,,2025-01-20 04:58:02,2025-01-20 04:58:04,1.333s,PASSED
"click(findTestObject(""Object Repository/button_IR A PAGAR S 33.79""))",Edge Chromium 131,,,2025-01-20 04:58:04,2025-01-20 04:58:04,0.353s,PASSED
"setText(findTestObject(""Object Repository/Difuminado/input_Tienes envos con recojo en tienda, se_b85f5d""), ""1"")",Edge Chromium 131,,,2025-01-20 04:58:04,2025-01-20 04:58:05,0.609s,PASSED
"setText(findTestObject(""Object Repository/Difuminado/input_Tienes envos con recojo en tienda, se_af5936""), ""2"")",Edge Chromium 131,,,2025-01-20 04:58:05,2025-01-20 04:58:05,0.688s,PASSED
"setText(findTestObject(""Object Repository/Difuminado/input_Tienes envos con recojo en tienda, se_653975""), ""3"")",Edge Chromium 131,,,2025-01-20 04:58:05,2025-01-20 04:58:06,0.620s,PASSED
"setText(findTestObject(""Object Repository/Difuminado/input_Tienes envos con recojo en tienda, se_8615a0""), ""4"")",Edge Chromium 131,,,2025-01-20 04:58:06,2025-01-20 04:58:06,0.620s,PASSED
"click(findTestObject(""Object Repository/Difuminado/b_Aceptar""))",Edge Chromium 131,,,2025-01-20 04:58:06,2025-01-20 04:58:07,0.315s,PASSED
"callTestCase(findTestCase(""Registro_Envíos/1.Inicio/3.Pago_envíos/Pago_TDC""), [:], STOP_ON_FAILURE)",Edge Chromium 131,,,2025-01-20 04:58:07,2025-01-20 04:58:27,20.304s,PASSED
,,,,,,,
"Test Cases/Registro_Envíos/3. Positivas/2. Sobres/Origen provincia/3. Destinos D, DO y O/3.Destino_DO",Edge Chromium 131,,,2025-01-20 04:58:27,2025-01-20 04:59:17,50.275s,PASSED
"callTestCase(findTestCase(""Registro_Envíos/1.Inicio/1.Principal/Principal-Home""), [:], STOP_ON_FAILURE)",Edge Chromium 131,,,2025-01-20 04:58:27,2025-01-20 04:58:32,4.979s,PASSED
"callTestCase(findTestCase(""Registro_Envíos/1.Inicio/1.Principal/Selecc_sobre""), [:], STOP_ON_FAILURE)",Edge Chromium 131,,,2025-01-20 04:58:32,2025-01-20 04:58:40,7.641s,PASSED
"callTestCase(findTestCase(""Registro_Envíos/1.Inicio/2.Login/2.Log_DNI-Colab""), [:], STOP_ON_FAILURE)",Edge Chromium 131,,,2025-01-20 04:58:40,2025-01-20 04:58:43,2.989s,PASSED
"setText(findTestObject(""Registro de envíos/Test cases/Girley/input_Qu Envas_input_descripcion""), ""GHJK"")",Edge Chromium 131,,,2025-01-20 04:58:43,2025-01-20 04:58:44,0.757s,PASSED
"setText(findTestObject(""Registro de envíos/Test cases/Girley/input_Qu Envas_input_valor""), ""12"")",Edge Chromium 131,,,2025-01-20 04:58:44,2025-01-20 04:58:44,0.644s,PASSED
delay(2),Edge Chromium 131,,,2025-01-20 04:58:44,2025-01-20 04:58:46,2.011s,PASSED
"click(findTestObject(""Object Repository/Registro de envíos/valorados/Page_Olva Courier  Datos Personales/button_Ingrese el punto de partida""))",Edge Chromium 131,,,2025-01-20 04:58:46,2025-01-20 04:58:47,0.352s,PASSED
"click(findTestObject(""Object Repository/Registro de envíos/valorados/Page_Olva Courier  Datos Personales/a_TRUJILLO""))",Edge Chromium 131,,,2025-01-20 04:58:47,2025-01-20 04:58:47,0.343s,PASSED
"click(findTestObject(""Object Repository/Difuminado/span_Ingrese el punto de llegada""))",Edge Chromium 131,,,2025-01-20 04:58:47,2025-01-20 04:58:49,1.767s,PASSED
"click(findTestObject(""D, O, DO/span_AMAZONAS - BAGUA - BAGUA""))",Edge Chromium 131,,,2025-01-20 04:58:49,2025-01-20 04:58:49,0.498s,PASSED
delay(2),Edge Chromium 131,,,2025-01-20 04:58:49,2025-01-20 04:58:51,2.014s,PASSED
"scrollToElement(findTestObject(""Object Repository/Difuminado/span_Tipo de entrega""), 0)",Edge Chromium 131,,,2025-01-20 04:58:51,2025-01-20 04:58:52,0.311s,PASSED
"click(findTestObject(""Object Repository/Difuminado/span_Tipo de entrega""))",Edge Chromium 131,,,2025-01-20 04:58:52,2025-01-20 04:58:52,0.326s,PASSED
"click(findTestObject(""Object Repository/Difuminado/a_Recojo en tienda""))",Edge Chromium 131,,,2025-01-20 04:58:52,2025-01-20 04:58:52,0.333s,PASSED
"click(findTestObject(""Object Repository/Difuminado/span_Tienda""))",Edge Chromium 131,,,2025-01-20 04:58:52,2025-01-20 04:58:52,0.314s,PASSED
"click(findTestObject(""D, O, DO/span_BAGUA CHICA - BAGUA - PJ ALFONSO UGARTE NRO 171 BAGUA CHICA""))",Edge Chromium 131,,,2025-01-20 04:58:52,2025-01-20 04:58:53,0.325s,PASSED
delay(2),Edge Chromium 131,,,2025-01-20 04:58:53,2025-01-20 04:58:55,2.015s,PASSED
"click(findTestObject(""Object Repository/Difuminado/button_Tipo De Documento""))",Edge Chromium 131,,,2025-01-20 04:58:55,2025-01-20 04:58:55,0.361s,PASSED
"click(findTestObject(""Object Repository/Difuminado/a_DNI""))",Edge Chromium 131,,,2025-01-20 04:58:55,2025-01-20 04:58:56,0.340s,PASSED
"setText(findTestObject(""Object Repository/Difuminado/input_CARN EXT_txt_consignado_dni""), ""12345678"")",Edge Chromium 131,,,2025-01-20 04:58:56,2025-01-20 04:58:56,0.662s,PASSED
delay(3),Edge Chromium 131,,,2025-01-20 04:58:56,2025-01-20 04:58:59,3.004s,PASSED
"verifyElementNotChecked(findTestObject(""Object Repository/Difuminado/span_QAQA""), 0)",Edge Chromium 131,,,2025-01-20 04:58:59,2025-01-20 04:59:03,4.020s,PASSED
"click(findTestObject(""Object Repository/Difuminado/button_CONTINUAR (1)""))",Edge Chromium 131,,,2025-01-20 04:59:03,2025-01-20 04:59:04,0.319s,PASSED
"click(findTestObject(""Object Repository/Difuminado/button_IR A PAGAR S 7.30""))",Edge Chromium 131,,,2025-01-20 04:59:04,2025-01-20 04:59:05,1.235s,PASSED
"setText(findTestObject(""Object Repository/Difuminado/input_Tienes envos con recojo en tienda, se_b85f5d""), ""1"")",Edge Chromium 131,,,2025-01-20 04:59:05,2025-01-20 04:59:05,0.718s,PASSED
"setText(findTestObject(""Object Repository/Difuminado/input_Tienes envos con recojo en tienda, se_af5936""), ""2"")",Edge Chromium 131,,,2025-01-20 04:59:05,2025-01-20 04:59:06,0.656s,PASSED
"setText(findTestObject(""Object Repository/Difuminado/input_Tienes envos con recojo en tienda, se_653975""), ""3"")",Edge Chromium 131,,,2025-01-20 04:59:06,2025-01-20 04:59:07,0.607s,PASSED
"setText(findTestObject(""Object Repository/Difuminado/input_Tienes envos con recojo en tienda, se_8615a0""), ""4"")",Edge Chromium 131,,,2025-01-20 04:59:07,2025-01-20 04:59:07,0.682s,PASSED
"click(findTestObject(""Object Repository/Difuminado/b_Aceptar""))",Edge Chromium 131,,,2025-01-20 04:59:07,2025-01-20 04:59:08,0.313s,PASSED
"callTestCase(findTestCase(""Registro_Envíos/1.Inicio/3.Pago_envíos/Pago_Efectivo""), [:], STOP_ON_FAILURE)",Edge Chromium 131,,,2025-01-20 04:59:08,2025-01-20 04:59:17,9.596s,PASSED
,,,,,,,
Test Cases/Registro_Envíos/3. Positivas/2. Sobres/Origen provincia/6. Difuminado Consignado/Difumind_CE,Edge Chromium 131,,,2025-01-20 04:59:17,2025-01-20 05:00:21,1m - 3.484s,PASSED
"callTestCase(findTestCase(""Registro_Envíos/1.Inicio/1.Principal/Principal-Home""), [:], STOP_ON_FAILURE)",Edge Chromium 131,,,2025-01-20 04:59:18,2025-01-20 04:59:23,5.034s,PASSED
"callTestCase(findTestCase(""Registro_Envíos/1.Inicio/1.Principal/Selecc_sobre""), [:], STOP_ON_FAILURE)",Edge Chromium 131,,,2025-01-20 04:59:23,2025-01-20 04:59:29,6.908s,PASSED
"callTestCase(findTestCase(""Registro_Envíos/1.Inicio/2.Login/6.LoginRUC10""), [:], STOP_ON_FAILURE)",Edge Chromium 131,,,2025-01-20 04:59:29,2025-01-20 04:59:32,2.698s,PASSED
"setText(findTestObject(""Registro de envíos/Test cases/Girley/input_Qu Envas_input_descripcion""), ""GHJK"")",Edge Chromium 131,,,2025-01-20 04:59:32,2025-01-20 04:59:33,0.633s,PASSED
"setText(findTestObject(""Registro de envíos/Test cases/Girley/input_Qu Envas_input_valor""), ""12"")",Edge Chromium 131,,,2025-01-20 04:59:33,2025-01-20 04:59:33,0.649s,PASSED
"click(findTestObject(""Object Repository/Difuminado/button_Ingrese el punto de partida""))",Edge Chromium 131,,,2025-01-20 04:59:33,2025-01-20 04:59:34,0.325s,PASSED
"click(findTestObject(""Registro de envíos/valorados/Page_Olva Courier  Datos Personales/a_PACASMAYO""))",Edge Chromium 131,,,2025-01-20 04:59:34,2025-01-20 04:59:34,0.344s,PASSED
delay(2),Edge Chromium 131,,,2025-01-20 04:59:34,2025-01-20 04:59:36,2.003s,PASSED
"click(findTestObject(""Object Repository/Difuminado/span_Ingrese el punto de llegada""))",Edge Chromium 131,,,2025-01-20 04:59:36,2025-01-20 04:59:37,0.415s,PASSED
delay(2),Edge Chromium 131,,,2025-01-20 04:59:37,2025-01-20 04:59:39,2.013s,PASSED
"scrollToElement(findTestObject(""Object Repository/Difuminado/input_LIMA_form-control""), 0)",Edge Chromium 131,,,2025-01-20 04:59:39,2025-01-20 04:59:39,0.314s,PASSED
"setText(findTestObject(""Object Repository/Difuminado/input_LIMA_form-control""), ""lince"")",Edge Chromium 131,,,2025-01-20 04:59:39,2025-01-20 04:59:40,0.804s,PASSED
delay(2),Edge Chromium 131,,,2025-01-20 04:59:40,2025-01-20 04:59:42,2.014s,PASSED
"click(findTestObject(""Object Repository/Difuminado/a_LIMA - LIMA - LINCE""))",Edge Chromium 131,,,2025-01-20 04:59:42,2025-01-20 04:59:42,0.398s,PASSED
"click(findTestObject(""Object Repository/Difuminado/span_Tipo de entrega""))",Edge Chromium 131,,,2025-01-20 04:59:42,2025-01-20 04:59:43,0.473s,PASSED
"click(findTestObject(""Object Repository/Difuminado/a_Entrega a domicilio""))",Edge Chromium 131,,,2025-01-20 04:59:43,2025-01-20 04:59:44,1.622s,PASSED
"setText(findTestObject(""Object Repository/Difuminado/input_Dnde lo entregamos_txt_direccion_entrega""), ""ARENALES LINCe"")",Edge Chromium 131,,,2025-01-20 04:59:44,2025-01-20 04:59:45,0.722s,PASSED
"sendKeys(findTestObject(""Object Repository/Difuminado/input_Dnde lo entregamos_txt_direccion_entrega""), Keys.chord(ENTER))",Edge Chromium 131,,,2025-01-20 04:59:45,2025-01-20 04:59:46,1.407s,PASSED
"scrollToElement(findTestObject(""Object Repository/Difuminado/input_Direccin encontrada_txt_direccion_ent_ece73e""), 0)",Edge Chromium 131,,,2025-01-20 04:59:46,2025-01-20 04:59:50,3.438s,PASSED
"setText(findTestObject(""Object Repository/Difuminado/input_Direccin encontrada_txt_direccion_ent_ece73e""), ""PRUEBa"")",Edge Chromium 131,,,2025-01-20 04:59:50,2025-01-20 04:59:50,0.630s,PASSED
delay(2),Edge Chromium 131,,,2025-01-20 04:59:50,2025-01-20 04:59:52,2.010s,PASSED
"click(findTestObject(""Object Repository/Difuminado/button_Tipo De Documento""))",Edge Chromium 131,,,2025-01-20 04:59:52,2025-01-20 04:59:53,0.330s,PASSED
"scrollToElement(findTestObject(""Object Repository/Difuminado/button_Tipo De Documento""), 0)",Edge Chromium 131,,,2025-01-20 04:59:53,2025-01-20 04:59:53,0.300s,PASSED
"click(findTestObject(""Object Repository/Difuminado/a_CARN EXT""))",Edge Chromium 131,,,2025-01-20 04:59:53,2025-01-20 04:59:53,0.341s,PASSED
"setText(findTestObject(""Object Repository/Difuminado/input_CARN EXT_txt_consignado_dni""), ""003680378"")",Edge Chromium 131,,,2025-01-20 04:59:53,2025-01-20 04:59:54,0.653s,PASSED
delay(3),Edge Chromium 131,,,2025-01-20 04:59:54,2025-01-20 04:59:57,3.002s,PASSED
"verifyElementNotChecked(findTestObject(""Object Repository/Difuminado/span_QAQA""), 0)",Edge Chromium 131,,,2025-01-20 04:59:57,2025-01-20 04:59:57,0.293s,PASSED
"click(findTestObject(""Object Repository/Difuminado/button_CONTINUAR (1)""))",Edge Chromium 131,,,2025-01-20 04:59:57,2025-01-20 04:59:58,0.343s,PASSED
"click(findTestObject(""Object Repository/Difuminado/button_IR A PAGAR S 7.30""))",Edge Chromium 131,,,2025-01-20 04:59:58,2025-01-20 05:00:00,2.011s,PASSED
"callTestCase(findTestCase(""Registro_Envíos/1.Inicio/3.Pago_envíos/Pago_TDC""), [:], STOP_ON_FAILURE)",Edge Chromium 131,,,2025-01-20 05:00:00,2025-01-20 05:00:21,21.187s,PASSED
,,,,,,,
Test Cases/Registro_Envíos/3. Positivas/2. Sobres/Origen provincia/6. Difuminado Consignado/Difuminad_DNI,Edge Chromium 131,,,2025-01-20 05:00:21,2025-01-20 05:01:12,51.501s,PASSED
"callTestCase(findTestCase(""Registro_Envíos/1.Inicio/1.Principal/Principal-Home""), [:], STOP_ON_FAILURE)",Edge Chromium 131,,,2025-01-20 05:00:21,2025-01-20 05:00:25,4.446s,PASSED
"callTestCase(findTestCase(""Registro_Envíos/1.Inicio/1.Principal/Selecc_sobre""), [:], STOP_ON_FAILURE)",Edge Chromium 131,,,2025-01-20 05:00:25,2025-01-20 05:00:33,7.555s,PASSED
"callTestCase(findTestCase(""Registro_Envíos/1.Inicio/2.Login/5.LoginRUC20""), [:], STOP_ON_FAILURE)",Edge Chromium 131,,,2025-01-20 05:00:33,2025-01-20 05:00:36,2.796s,PASSED
"setText(findTestObject(""Registro de envíos/Test cases/Girley/input_Qu Envas_input_descripcion""), ""GHJK"")",Edge Chromium 131,,,2025-01-20 05:00:36,2025-01-20 05:00:36,0.694s,PASSED
"setText(findTestObject(""Registro de envíos/Test cases/Girley/input_Qu Envas_input_valor""), ""12"")",Edge Chromium 131,,,2025-01-20 05:00:36,2025-01-20 05:00:37,0.728s,PASSED
"click(findTestObject(""Object Repository/Difuminado/button_Ingrese el punto de partida""))",Edge Chromium 131,,,2025-01-20 05:00:37,2025-01-20 05:00:38,0.326s,PASSED
"click(findTestObject(""Registro de envíos/valorados/Page_Olva Courier  Datos Personales/a_CUSCO""))",Edge Chromium 131,,,2025-01-20 05:00:38,2025-01-20 05:00:38,0.339s,PASSED
delay(2),Edge Chromium 131,,,2025-01-20 05:00:38,2025-01-20 05:00:40,2.004s,PASSED
"click(findTestObject(""Object Repository/Difuminado/span_Ingrese el punto de llegada""))",Edge Chromium 131,,,2025-01-20 05:00:40,2025-01-20 05:00:40,0.394s,PASSED
delay(2),Edge Chromium 131,,,2025-01-20 05:00:40,2025-01-20 05:00:42,2.004s,PASSED
"scrollToElement(findTestObject(""Object Repository/Difuminado/input_LIMA_form-control""), 0)",Edge Chromium 131,,,2025-01-20 05:00:42,2025-01-20 05:00:43,0.300s,PASSED
"setText(findTestObject(""Object Repository/Difuminado/input_LIMA_form-control""), ""lince"")",Edge Chromium 131,,,2025-01-20 05:00:43,2025-01-20 05:00:43,0.782s,PASSED
delay(2),Edge Chromium 131,,,2025-01-20 05:00:43,2025-01-20 05:00:45,2.004s,PASSED
"click(findTestObject(""Object Repository/Difuminado/a_LIMA - LIMA - LINCE""))",Edge Chromium 131,,,2025-01-20 05:00:45,2025-01-20 05:00:46,0.446s,PASSED
"click(findTestObject(""Object Repository/Difuminado/span_Tipo de entrega""))",Edge Chromium 131,,,2025-01-20 05:00:46,2025-01-20 05:00:46,0.331s,PASSED
"click(findTestObject(""Object Repository/Difuminado/a_Recojo en tienda""))",Edge Chromium 131,,,2025-01-20 05:00:46,2025-01-20 05:00:46,0.365s,PASSED
"click(findTestObject(""Object Repository/Difuminado/span_Tienda""))",Edge Chromium 131,,,2025-01-20 05:00:46,2025-01-20 05:00:47,0.324s,PASSED
"click(findTestObject(""Object Repository/Difuminado/span_OLVA LINCE - AV. ARENALES 1775 - LINCE_e0577d""))",Edge Chromium 131,,,2025-01-20 05:00:47,2025-01-20 05:00:47,0.328s,PASSED
delay(2),Edge Chromium 131,,,2025-01-20 05:00:47,2025-01-20 05:00:49,2.006s,PASSED
"scrollToElement(findTestObject(""Object Repository/Difuminado/button_Tipo De Documento""), 0)",Edge Chromium 131,,,2025-01-20 05:00:49,2025-01-20 05:00:49,0.309s,PASSED
"click(findTestObject(""Object Repository/Difuminado/button_Tipo De Documento""))",Edge Chromium 131,,,2025-01-20 05:00:49,2025-01-20 05:00:50,0.324s,PASSED
"click(findTestObject(""Object Repository/Difuminado/a_DNI""))",Edge Chromium 131,,,2025-01-20 05:00:50,2025-01-20 05:00:50,0.325s,PASSED
"setText(findTestObject(""Object Repository/Difuminado/input_CARN EXT_txt_consignado_dni""), ""12345678"")",Edge Chromium 131,,,2025-01-20 05:00:50,2025-01-20 05:00:51,0.680s,PASSED
delay(3),Edge Chromium 131,,,2025-01-20 05:00:51,2025-01-20 05:00:54,3.005s,PASSED
"verifyElementNotChecked(findTestObject(""Object Repository/Difuminado/span_QAQA""), 0)",Edge Chromium 131,,,2025-01-20 05:00:54,2025-01-20 05:00:58,4.224s,PASSED
"click(findTestObject(""Object Repository/Difuminado/button_CONTINUAR (1)""))",Edge Chromium 131,,,2025-01-20 05:00:58,2025-01-20 05:00:58,0.317s,PASSED
"click(findTestObject(""Object Repository/Difuminado/button_IR A PAGAR S 7.30""))",Edge Chromium 131,,,2025-01-20 05:00:58,2025-01-20 05:01:00,1.302s,PASSED
"setText(findTestObject(""Object Repository/Difuminado/input_Tienes envos con recojo en tienda, se_b85f5d""), ""1"")",Edge Chromium 131,,,2025-01-20 05:01:00,2025-01-20 05:01:00,0.626s,PASSED
"setText(findTestObject(""Object Repository/Difuminado/input_Tienes envos con recojo en tienda, se_af5936""), ""2"")",Edge Chromium 131,,,2025-01-20 05:01:00,2025-01-20 05:01:01,0.621s,PASSED
"setText(findTestObject(""Object Repository/Difuminado/input_Tienes envos con recojo en tienda, se_653975""), ""3"")",Edge Chromium 131,,,2025-01-20 05:01:01,2025-01-20 05:01:01,0.603s,PASSED
"setText(findTestObject(""Object Repository/Difuminado/input_Tienes envos con recojo en tienda, se_8615a0""), ""4"")",Edge Chromium 131,,,2025-01-20 05:01:01,2025-01-20 05:01:02,0.607s,PASSED
"click(findTestObject(""Object Repository/Difuminado/b_Aceptar""))",Edge Chromium 131,,,2025-01-20 05:01:02,2025-01-20 05:01:02,0.315s,PASSED
"callTestCase(findTestCase(""Registro_Envíos/1.Inicio/3.Pago_envíos/Pago_Efectivo""), [:], STOP_ON_FAILURE)",Edge Chromium 131,,,2025-01-20 05:01:02,2025-01-20 05:01:12,9.932s,PASSED
,,,,,,,
Test Cases/Registro_Envíos/3. Positivas/2. Sobres/Origen Lima/6. Difuminado Consignado/Difumind_CE,Edge Chromium 131,,,2025-01-20 05:01:12,2025-01-20 05:02:13,1m - 0.310s,PASSED
"callTestCase(findTestCase(""Registro_Envíos/1.Inicio/1.Principal/Principal-Home""), [:], STOP_ON_FAILURE)",Edge Chromium 131,,,2025-01-20 05:01:13,2025-01-20 05:01:17,4.953s,PASSED
"callTestCase(findTestCase(""Registro_Envíos/1.Inicio/1.Principal/Selecc_sobre""), [:], STOP_ON_FAILURE)",Edge Chromium 131,,,2025-01-20 05:01:17,2025-01-20 05:01:24,6.878s,PASSED
"callTestCase(findTestCase(""Registro_Envíos/1.Inicio/2.Login/1.Login_DNI""), [:], STOP_ON_FAILURE)",Edge Chromium 131,,,2025-01-20 05:01:24,2025-01-20 05:01:27,3.074s,PASSED
"setText(findTestObject(""Registro de envíos/Test cases/Girley/input_Qu Envas_input_descripcion""), ""GHJK"")",Edge Chromium 131,,,2025-01-20 05:01:27,2025-01-20 05:01:28,0.626s,PASSED
"setText(findTestObject(""Registro de envíos/Test cases/Girley/input_Qu Envas_input_valor""), ""12"")",Edge Chromium 131,,,2025-01-20 05:01:28,2025-01-20 05:01:29,0.708s,PASSED
"click(findTestObject(""Object Repository/Difuminado/button_Ingrese el punto de partida""))",Edge Chromium 131,,,2025-01-20 05:01:29,2025-01-20 05:01:29,0.323s,PASSED
"click(findTestObject(""Registro de envíos/Test cases/a_LIMA""))",Edge Chromium 131,,,2025-01-20 05:01:29,2025-01-20 05:01:29,0.344s,PASSED
delay(2),Edge Chromium 131,,,2025-01-20 05:01:29,2025-01-20 05:01:31,2.001s,PASSED
"click(findTestObject(""Object Repository/Difuminado/span_Ingrese el punto de llegada""))",Edge Chromium 131,,,2025-01-20 05:01:31,2025-01-20 05:01:32,0.410s,PASSED
delay(2),Edge Chromium 131,,,2025-01-20 05:01:32,2025-01-20 05:01:34,2.005s,PASSED
"scrollToElement(findTestObject(""Object Repository/Difuminado/input_LIMA_form-control""), 0)",Edge Chromium 131,,,2025-01-20 05:01:34,2025-01-20 05:01:34,0.347s,PASSED
"setText(findTestObject(""Object Repository/Difuminado/input_LIMA_form-control""), ""lince"")",Edge Chromium 131,,,2025-01-20 05:01:34,2025-01-20 05:01:35,0.884s,PASSED
delay(2),Edge Chromium 131,,,2025-01-20 05:01:35,2025-01-20 05:01:37,2.010s,PASSED
"click(findTestObject(""Object Repository/Difuminado/a_LIMA - LIMA - LINCE""))",Edge Chromium 131,,,2025-01-20 05:01:37,2025-01-20 05:01:37,0.415s,PASSED
"click(findTestObject(""Object Repository/Difuminado/span_Tipo de entrega""))",Edge Chromium 131,,,2025-01-20 05:01:37,2025-01-20 05:01:38,0.330s,PASSED
"click(findTestObject(""Object Repository/Difuminado/a_Entrega a domicilio""))",Edge Chromium 131,,,2025-01-20 05:01:38,2025-01-20 05:01:39,1.646s,PASSED
"setText(findTestObject(""Object Repository/Difuminado/input_Dnde lo entregamos_txt_direccion_entrega""), ""ARENALES LINCe"")",Edge Chromium 131,,,2025-01-20 05:01:39,2025-01-20 05:01:40,0.729s,PASSED
"sendKeys(findTestObject(""Object Repository/Difuminado/input_Dnde lo entregamos_txt_direccion_entrega""), Keys.chord(ENTER))",Edge Chromium 131,,,2025-01-20 05:01:40,2025-01-20 05:01:41,1.283s,PASSED
"setText(findTestObject(""Object Repository/Difuminado/input_Direccin encontrada_txt_direccion_ent_ece73e""), ""PRUEBa"")",Edge Chromium 131,,,2025-01-20 05:01:41,2025-01-20 05:01:44,2.376s,PASSED
delay(2),Edge Chromium 131,,,2025-01-20 05:01:44,2025-01-20 05:01:46,2.012s,PASSED
"click(findTestObject(""Object Repository/Difuminado/button_Tipo De Documento""))",Edge Chromium 131,,,2025-01-20 05:01:46,2025-01-20 05:01:46,0.374s,PASSED
"click(findTestObject(""Object Repository/Difuminado/a_CARN EXT""))",Edge Chromium 131,,,2025-01-20 05:01:46,2025-01-20 05:01:47,0.326s,PASSED
"setText(findTestObject(""Object Repository/Difuminado/input_CARN EXT_txt_consignado_dni""), ""003680378"")",Edge Chromium 131,,,2025-01-20 05:01:47,2025-01-20 05:01:47,0.784s,PASSED
delay(3),Edge Chromium 131,,,2025-01-20 05:01:47,2025-01-20 05:01:50,3.009s,PASSED
"verifyElementNotChecked(findTestObject(""Object Repository/Difuminado/span_QAQA""), 0)",Edge Chromium 131,,,2025-01-20 05:01:50,2025-01-20 05:01:51,0.351s,PASSED
"click(findTestObject(""Object Repository/Difuminado/button_CONTINUAR (1)""))",Edge Chromium 131,,,2025-01-20 05:01:51,2025-01-20 05:01:51,0.342s,PASSED
"click(findTestObject(""Object Repository/Difuminado/button_IR A PAGAR S 7.30""))",Edge Chromium 131,,,2025-01-20 05:01:51,2025-01-20 05:01:53,2.249s,PASSED
"callTestCase(findTestCase(""Registro_Envíos/1.Inicio/3.Pago_envíos/Pago_TDC""), [:], STOP_ON_FAILURE)",Edge Chromium 131,,,2025-01-20 05:01:53,2025-01-20 05:02:13,19.338s,PASSED
,,,,,,,
Test Cases/Registro_Envíos/3. Positivas/2. Sobres/Origen Lima/6. Difuminado Consignado/Difuminad_DNI,Edge Chromium 131,,,2025-01-20 05:02:13,2025-01-20 05:03:14,1m - 1.756s,FAILED
"callTestCase(findTestCase(""Registro_Envíos/1.Inicio/1.Principal/Principal-Home""), [:], STOP_ON_FAILURE)",Edge Chromium 131,,,2025-01-20 05:02:13,2025-01-20 05:02:18,5.072s,PASSED
"callTestCase(findTestCase(""Registro_Envíos/1.Inicio/1.Principal/Selecc_sobre""), [:], STOP_ON_FAILURE)",Edge Chromium 131,,,2025-01-20 05:02:18,2025-01-20 05:02:25,7.433s,PASSED
"callTestCase(findTestCase(""Registro_Envíos/1.Inicio/2.Login/5.LoginRUC20""), [:], STOP_ON_FAILURE)",Edge Chromium 131,,,2025-01-20 05:02:25,2025-01-20 05:02:28,2.719s,PASSED
"setText(findTestObject(""Registro de envíos/Test cases/Girley/input_Qu Envas_input_descripcion""), ""GHJK"")",Edge Chromium 131,,,2025-01-20 05:02:28,2025-01-20 05:02:29,0.623s,PASSED
"setText(findTestObject(""Registro de envíos/Test cases/Girley/input_Qu Envas_input_valor""), ""12"")",Edge Chromium 131,,,2025-01-20 05:02:29,2025-01-20 05:02:29,0.753s,PASSED
"click(findTestObject(""Object Repository/Difuminado/button_Ingrese el punto de partida""))",Edge Chromium 131,,,2025-01-20 05:02:29,2025-01-20 05:02:30,0.334s,PASSED
"click(findTestObject(""Registro de envíos/Test cases/a_LIMA""))",Edge Chromium 131,,,2025-01-20 05:02:30,2025-01-20 05:02:30,0.342s,PASSED
delay(2),Edge Chromium 131,,,2025-01-20 05:02:30,2025-01-20 05:02:32,2.005s,PASSED
"click(findTestObject(""Object Repository/Difuminado/span_Ingrese el punto de llegada""))",Edge Chromium 131,,,2025-01-20 05:02:32,2025-01-20 05:02:33,0.454s,PASSED
delay(2),Edge Chromium 131,,,2025-01-20 05:02:33,2025-01-20 05:02:35,2.005s,PASSED
"scrollToElement(findTestObject(""Object Repository/Difuminado/input_LIMA_form-control""), 0)",Edge Chromium 131,,,2025-01-20 05:02:35,2025-01-20 05:02:35,0.330s,PASSED
"setText(findTestObject(""Object Repository/Difuminado/input_LIMA_form-control""), ""lince"")",Edge Chromium 131,,,2025-01-20 05:02:35,2025-01-20 05:02:36,0.901s,PASSED
delay(2),Edge Chromium 131,,,2025-01-20 05:02:36,2025-01-20 05:02:38,2.008s,PASSED
"click(findTestObject(""Object Repository/Difuminado/a_LIMA - LIMA - LINCE""))",Edge Chromium 131,,,2025-01-20 05:02:38,2025-01-20 05:02:38,0.382s,PASSED
"click(findTestObject(""Object Repository/Difuminado/span_Tipo de entrega""))",Edge Chromium 131,,,2025-01-20 05:02:38,2025-01-20 05:02:38,0.318s,PASSED
"click(findTestObject(""Object Repository/Difuminado/a_Recojo en tienda""))",Edge Chromium 131,,,2025-01-20 05:02:38,2025-01-20 05:02:39,0.390s,PASSED
"click(findTestObject(""Object Repository/Difuminado/span_Tienda""))",Edge Chromium 131,,,2025-01-20 05:02:39,2025-01-20 05:02:39,0.318s,PASSED
"click(findTestObject(""Object Repository/Difuminado/span_OLVA LINCE - AV. ARENALES 1775 - LINCE_e0577d""))",Edge Chromium 131,,,2025-01-20 05:02:39,2025-01-20 05:02:40,0.394s,PASSED
delay(2),Edge Chromium 131,,,2025-01-20 05:02:40,2025-01-20 05:02:42,2.014s,PASSED
"click(findTestObject(""Object Repository/Difuminado/button_Tipo De Documento""))",Edge Chromium 131,,,2025-01-20 05:02:42,2025-01-20 05:03:14,32.815s,FAILED
,,,,,,,
Test Cases/Registro_Envíos/3. Positivas/1. Paquetes/Origen provincia/6. Difuminado Consignado/Difumind_CE,Edge Chromium 131,,,2025-01-20 05:03:14,2025-01-20 05:04:20,1m - 5.300s,PASSED
"callTestCase(findTestCase(""Registro_Envíos/1.Inicio/1.Principal/Principal-Home""), [:], STOP_ON_FAILURE)",Edge Chromium 131,,,2025-01-20 05:03:15,2025-01-20 05:03:19,4.946s,PASSED
"callTestCase(findTestCase(""Registro_Envíos/1.Inicio/1.Principal/Selecc_paquete""), [:], STOP_ON_FAILURE)",Edge Chromium 131,,,2025-01-20 05:03:19,2025-01-20 05:03:28,8.364s,PASSED
"callTestCase(findTestCase(""Registro_Envíos/1.Inicio/2.Login/3.Login_CE""), [:], STOP_ON_FAILURE)",Edge Chromium 131,,,2025-01-20 05:03:28,2025-01-20 05:03:30,1.655s,PASSED
"click(findTestObject(""Object Repository/Difuminado/span_Seleccionar artculo""))",Edge Chromium 131,,,2025-01-20 05:03:30,2025-01-20 05:03:30,0.327s,PASSED
"click(findTestObject(""Object Repository/Difuminado/span_ACCESORIOS Y EQUIPOS ELECTRONICOS""))",Edge Chromium 131,,,2025-01-20 05:03:30,2025-01-20 05:03:30,0.322s,PASSED
"setText(findTestObject(""Object Repository/Difuminado/input_UTILES DE OFICINA_txt_paquete_articulo""), ""GHJk"")",Edge Chromium 131,,,2025-01-20 05:03:30,2025-01-20 05:03:31,0.653s,PASSED
"setText(findTestObject(""Object Repository/Difuminado/input_UTILES DE OFICINA_txt_paquete_valor""), ""12"")",Edge Chromium 131,,,2025-01-20 05:03:31,2025-01-20 05:03:31,0.686s,PASSED
"setText(findTestObject(""Object Repository/Difuminado/input_UTILES DE OFICINA_txt_paquete_largo""), ""12"")",Edge Chromium 131,,,2025-01-20 05:03:31,2025-01-20 05:03:32,0.625s,PASSED
"setText(findTestObject(""Object Repository/Difuminado/input_cm_txt_paquete_ancho""), ""13"")",Edge Chromium 131,,,2025-01-20 05:03:32,2025-01-20 05:03:33,0.622s,PASSED
"setText(findTestObject(""Object Repository/Difuminado/input_cm_txt_paquete_altura""), ""14"")",Edge Chromium 131,,,2025-01-20 05:03:33,2025-01-20 05:03:33,0.641s,PASSED
"setText(findTestObject(""Object Repository/Difuminado/input_cm_txt_paquete_peso""), ""1"")",Edge Chromium 131,,,2025-01-20 05:03:33,2025-01-20 05:03:34,0.620s,PASSED
"click(findTestObject(""Object Repository/Difuminado/button_Ingrese el punto de partida""))",Edge Chromium 131,,,2025-01-20 05:03:34,2025-01-20 05:03:34,0.320s,PASSED
"click(findTestObject(""Object Repository/Registro de envíos/valorados/Page_Olva Courier  Datos Personales/a_TRUJILLO""))",Edge Chromium 131,,,2025-01-20 05:03:34,2025-01-20 05:03:35,0.329s,PASSED
delay(2),Edge Chromium 131,,,2025-01-20 05:03:35,2025-01-20 05:03:37,2.008s,PASSED
"click(findTestObject(""Object Repository/Difuminado/span_Ingrese el punto de llegada""))",Edge Chromium 131,,,2025-01-20 05:03:37,2025-01-20 05:03:37,0.441s,PASSED
delay(2),Edge Chromium 131,,,2025-01-20 05:03:37,2025-01-20 05:03:39,2.003s,PASSED
"scrollToElement(findTestObject(""Object Repository/Difuminado/input_LIMA_form-control""), 0)",Edge Chromium 131,,,2025-01-20 05:03:39,2025-01-20 05:03:39,0.330s,PASSED
"setText(findTestObject(""Object Repository/Difuminado/input_LIMA_form-control""), ""lince"")",Edge Chromium 131,,,2025-01-20 05:03:39,2025-01-20 05:03:40,0.774s,PASSED
delay(2),Edge Chromium 131,,,2025-01-20 05:03:40,2025-01-20 05:03:42,2.012s,PASSED
"click(findTestObject(""Object Repository/Difuminado/a_LIMA - LIMA - LINCE""))",Edge Chromium 131,,,2025-01-20 05:03:42,2025-01-20 05:03:43,0.433s,PASSED
"click(findTestObject(""Object Repository/Difuminado/span_Tipo de entrega""))",Edge Chromium 131,,,2025-01-20 05:03:43,2025-01-20 05:03:43,0.325s,PASSED
"click(findTestObject(""Object Repository/Difuminado/a_Entrega a domicilio""))",Edge Chromium 131,,,2025-01-20 05:03:43,2025-01-20 05:03:45,1.645s,PASSED
"setText(findTestObject(""Object Repository/Difuminado/input_Dnde lo entregamos_txt_direccion_entrega""), ""ARENALES LINCe"")",Edge Chromium 131,,,2025-01-20 05:03:45,2025-01-20 05:03:45,0.703s,PASSED
"sendKeys(findTestObject(""Object Repository/Difuminado/input_Dnde lo entregamos_txt_direccion_entrega""), Keys.chord(ENTER))",Edge Chromium 131,,,2025-01-20 05:03:45,2025-01-20 05:03:47,1.315s,PASSED
"setText(findTestObject(""Object Repository/Difuminado/input_Direccin encontrada_txt_direccion_ent_ece73e""), ""PRUEBa"")",Edge Chromium 131,,,2025-01-20 05:03:47,2025-01-20 05:03:51,4.113s,PASSED
delay(2),Edge Chromium 131,,,2025-01-20 05:03:51,2025-01-20 05:03:53,2.001s,PASSED
"click(findTestObject(""Object Repository/Difuminado/button_Tipo De Documento""))",Edge Chromium 131,,,2025-01-20 05:03:53,2025-01-20 05:03:53,0.377s,PASSED
"click(findTestObject(""Object Repository/Difuminado/a_CARN EXT""))",Edge Chromium 131,,,2025-01-20 05:03:53,2025-01-20 05:03:53,0.325s,PASSED
"setText(findTestObject(""Object Repository/Difuminado/input_CARN EXT_txt_consignado_dni""), ""003680378"")",Edge Chromium 131,,,2025-01-20 05:03:53,2025-01-20 05:03:54,0.737s,PASSED
delay(3),Edge Chromium 131,,,2025-01-20 05:03:54,2025-01-20 05:03:57,3.003s,PASSED
"verifyElementNotChecked(findTestObject(""Object Repository/Difuminado/span_QAQA""), 0)",Edge Chromium 131,,,2025-01-20 05:03:57,2025-01-20 05:03:57,0.305s,PASSED
"click(findTestObject(""Object Repository/Difuminado/button_CONTINUAR (1)""))",Edge Chromium 131,,,2025-01-20 05:03:57,2025-01-20 05:03:58,0.346s,PASSED
"click(findTestObject(""Object Repository/Difuminado/button_IR A PAGAR S 7.30""))",Edge Chromium 131,,,2025-01-20 05:03:58,2025-01-20 05:04:00,2.183s,PASSED
"callTestCase(findTestCase(""Registro_Envíos/1.Inicio/3.Pago_envíos/Pago_TDC""), [:], STOP_ON_FAILURE)",Edge Chromium 131,,,2025-01-20 05:04:00,2025-01-20 05:04:20,19.669s,PASSED
,,,,,,,
Test Cases/Registro_Envíos/3. Positivas/1. Paquetes/Origen provincia/6. Difuminado Consignado/Difuminad_DNI,Edge Chromium 131,,,2025-01-20 05:04:20,2025-01-20 05:05:24,1m - 4.239s,FAILED
"callTestCase(findTestCase(""Registro_Envíos/1.Inicio/1.Principal/Principal-Home""), [:], STOP_ON_FAILURE)",Edge Chromium 131,,,2025-01-20 05:04:20,2025-01-20 05:04:24,4.467s,PASSED
"callTestCase(findTestCase(""Registro_Envíos/1.Inicio/1.Principal/Selecc_paquete""), [:], STOP_ON_FAILURE)",Edge Chromium 131,,,2025-01-20 05:04:24,2025-01-20 05:04:33,8.316s,PASSED
"callTestCase(findTestCase(""Registro_Envíos/1.Inicio/2.Login/3.Login_CE""), [:], STOP_ON_FAILURE)",Edge Chromium 131,,,2025-01-20 05:04:33,2025-01-20 05:04:34,1.688s,PASSED
"click(findTestObject(""Object Repository/Difuminado/span_Seleccionar artculo""))",Edge Chromium 131,,,2025-01-20 05:04:34,2025-01-20 05:04:35,0.324s,PASSED
"click(findTestObject(""Object Repository/Difuminado/span_ACCESORIOS Y EQUIPOS ELECTRONICOS""))",Edge Chromium 131,,,2025-01-20 05:04:35,2025-01-20 05:04:35,0.337s,PASSED
"setText(findTestObject(""Object Repository/Difuminado/input_UTILES DE OFICINA_txt_paquete_articulo""), ""GHJk"")",Edge Chromium 131,,,2025-01-20 05:04:35,2025-01-20 05:04:36,0.632s,PASSED
"setText(findTestObject(""Object Repository/Difuminado/input_UTILES DE OFICINA_txt_paquete_valor""), ""12"")",Edge Chromium 131,,,2025-01-20 05:04:36,2025-01-20 05:04:36,0.687s,PASSED
"setText(findTestObject(""Object Repository/Difuminado/input_UTILES DE OFICINA_txt_paquete_largo""), ""12"")",Edge Chromium 131,,,2025-01-20 05:04:36,2025-01-20 05:04:37,0.668s,PASSED
"setText(findTestObject(""Object Repository/Difuminado/input_cm_txt_paquete_ancho""), ""13"")",Edge Chromium 131,,,2025-01-20 05:04:37,2025-01-20 05:04:38,0.644s,PASSED
"setText(findTestObject(""Object Repository/Difuminado/input_cm_txt_paquete_altura""), ""14"")",Edge Chromium 131,,,2025-01-20 05:04:38,2025-01-20 05:04:38,0.632s,PASSED
"setText(findTestObject(""Object Repository/Difuminado/input_cm_txt_paquete_peso""), ""1"")",Edge Chromium 131,,,2025-01-20 05:04:38,2025-01-20 05:04:39,0.697s,PASSED
"click(findTestObject(""Object Repository/Difuminado/button_Ingrese el punto de partida""))",Edge Chromium 131,,,2025-01-20 05:04:39,2025-01-20 05:04:39,0.326s,PASSED
"click(findTestObject(""Object Repository/Registro de envíos/valorados/Page_Olva Courier  Datos Personales/a_TRUJILLO""))",Edge Chromium 131,,,2025-01-20 05:04:39,2025-01-20 05:04:40,0.332s,PASSED
delay(2),Edge Chromium 131,,,2025-01-20 05:04:40,2025-01-20 05:04:42,2.011s,PASSED
"click(findTestObject(""Object Repository/Difuminado/span_Ingrese el punto de llegada""))",Edge Chromium 131,,,2025-01-20 05:04:42,2025-01-20 05:04:42,0.422s,PASSED
delay(2),Edge Chromium 131,,,2025-01-20 05:04:42,2025-01-20 05:04:44,2.014s,PASSED
"scrollToElement(findTestObject(""Object Repository/Difuminado/input_LIMA_form-control""), 0)",Edge Chromium 131,,,2025-01-20 05:04:44,2025-01-20 05:04:44,0.300s,PASSED
"setText(findTestObject(""Object Repository/Difuminado/input_LIMA_form-control""), ""lince"")",Edge Chromium 131,,,2025-01-20 05:04:44,2025-01-20 05:04:45,0.799s,PASSED
delay(2),Edge Chromium 131,,,2025-01-20 05:04:45,2025-01-20 05:04:47,2.012s,PASSED
"click(findTestObject(""Object Repository/Difuminado/a_LIMA - LIMA - LINCE""))",Edge Chromium 131,,,2025-01-20 05:04:47,2025-01-20 05:04:48,0.418s,PASSED
"click(findTestObject(""Object Repository/Difuminado/span_Tipo de entrega""))",Edge Chromium 131,,,2025-01-20 05:04:48,2025-01-20 05:04:48,0.326s,PASSED
"click(findTestObject(""Object Repository/Difuminado/a_Recojo en tienda""))",Edge Chromium 131,,,2025-01-20 05:04:48,2025-01-20 05:04:48,0.382s,PASSED
"click(findTestObject(""Object Repository/Difuminado/span_Tienda""))",Edge Chromium 131,,,2025-01-20 05:04:48,2025-01-20 05:04:49,0.321s,PASSED
"click(findTestObject(""Object Repository/Difuminado/span_OLVA LINCE - AV. ARENALES 1775 - LINCE_e0577d""))",Edge Chromium 131,,,2025-01-20 05:04:49,2025-01-20 05:04:49,0.332s,PASSED
delay(2),Edge Chromium 131,,,2025-01-20 05:04:49,2025-01-20 05:04:51,2.002s,PASSED
"click(findTestObject(""Object Repository/Difuminado/button_Tipo De Documento""))",Edge Chromium 131,,,2025-01-20 05:04:51,2025-01-20 05:05:24,33.002s,FAILED
,,,,,,,
Test Cases/Registro_Envíos/3. Positivas/1. Paquetes/Origen Lima/6. Difuminado Consignado/Difuminad_DNI,Edge Chromium 131,,,2025-01-20 05:05:24,2025-01-20 05:06:29,1m - 5.143s,FAILED
"callTestCase(findTestCase(""Registro_Envíos/1.Inicio/1.Principal/Principal-Home""), [:], STOP_ON_FAILURE)",Edge Chromium 131,,,2025-01-20 05:05:24,2025-01-20 05:05:28,4.319s,PASSED
"callTestCase(findTestCase(""Registro_Envíos/1.Inicio/1.Principal/Selecc_paquete""), [:], STOP_ON_FAILURE)",Edge Chromium 131,,,2025-01-20 05:05:28,2025-01-20 05:05:37,8.343s,PASSED
"callTestCase(findTestCase(""Registro_Envíos/1.Inicio/2.Login/1.Login_DNI""), [:], STOP_ON_FAILURE)",Edge Chromium 131,,,2025-01-20 05:05:37,2025-01-20 05:05:40,2.989s,PASSED
"click(findTestObject(""Object Repository/Difuminado/span_Seleccionar artculo""))",Edge Chromium 131,,,2025-01-20 05:05:40,2025-01-20 05:05:40,0.327s,PASSED
"click(findTestObject(""Object Repository/Difuminado/span_ACCESORIOS Y EQUIPOS ELECTRONICOS""))",Edge Chromium 131,,,2025-01-20 05:05:40,2025-01-20 05:05:40,0.335s,PASSED
"setText(findTestObject(""Object Repository/Difuminado/input_UTILES DE OFICINA_txt_paquete_articulo""), ""GHJk"")",Edge Chromium 131,,,2025-01-20 05:05:40,2025-01-20 05:05:41,0.634s,PASSED
"setText(findTestObject(""Object Repository/Difuminado/input_UTILES DE OFICINA_txt_paquete_valor""), ""12"")",Edge Chromium 131,,,2025-01-20 05:05:41,2025-01-20 05:05:42,0.668s,PASSED
"setText(findTestObject(""Object Repository/Difuminado/input_UTILES DE OFICINA_txt_paquete_largo""), ""12"")",Edge Chromium 131,,,2025-01-20 05:05:42,2025-01-20 05:05:42,0.625s,PASSED
"setText(findTestObject(""Object Repository/Difuminado/input_cm_txt_paquete_ancho""), ""13"")",Edge Chromium 131,,,2025-01-20 05:05:42,2025-01-20 05:05:43,0.622s,PASSED
"setText(findTestObject(""Object Repository/Difuminado/input_cm_txt_paquete_altura""), ""14"")",Edge Chromium 131,,,2025-01-20 05:05:43,2025-01-20 05:05:44,0.624s,PASSED
"setText(findTestObject(""Object Repository/Difuminado/input_cm_txt_paquete_peso""), ""1"")",Edge Chromium 131,,,2025-01-20 05:05:44,2025-01-20 05:05:44,0.641s,PASSED
"click(findTestObject(""Object Repository/Difuminado/button_Ingrese el punto de partida""))",Edge Chromium 131,,,2025-01-20 05:05:44,2025-01-20 05:05:45,0.323s,PASSED
"click(findTestObject(""Object Repository/Difuminado/a_LIMA""))",Edge Chromium 131,,,2025-01-20 05:05:45,2025-01-20 05:05:45,0.312s,PASSED
delay(2),Edge Chromium 131,,,2025-01-20 05:05:45,2025-01-20 05:05:47,2.007s,PASSED
"click(findTestObject(""Object Repository/Difuminado/span_Ingrese el punto de llegada""))",Edge Chromium 131,,,2025-01-20 05:05:47,2025-01-20 05:05:47,0.396s,PASSED
delay(2),Edge Chromium 131,,,2025-01-20 05:05:47,2025-01-20 05:05:49,2.010s,PASSED
"scrollToElement(findTestObject(""Object Repository/Difuminado/input_LIMA_form-control""), 0)",Edge Chromium 131,,,2025-01-20 05:05:49,2025-01-20 05:05:50,0.343s,PASSED
"setText(findTestObject(""Object Repository/Difuminado/input_LIMA_form-control""), ""lince"")",Edge Chromium 131,,,2025-01-20 05:05:50,2025-01-20 05:05:50,0.775s,PASSED
delay(2),Edge Chromium 131,,,2025-01-20 05:05:50,2025-01-20 05:05:52,2.005s,PASSED
"click(findTestObject(""Object Repository/Difuminado/a_LIMA - LIMA - LINCE""))",Edge Chromium 131,,,2025-01-20 05:05:52,2025-01-20 05:05:53,0.393s,PASSED
"click(findTestObject(""Object Repository/Difuminado/span_Tipo de entrega""))",Edge Chromium 131,,,2025-01-20 05:05:53,2025-01-20 05:05:53,0.325s,PASSED
"click(findTestObject(""Object Repository/Difuminado/a_Recojo en tienda""))",Edge Chromium 131,,,2025-01-20 05:05:53,2025-01-20 05:05:53,0.382s,PASSED
"click(findTestObject(""Object Repository/Difuminado/span_Tienda""))",Edge Chromium 131,,,2025-01-20 05:05:53,2025-01-20 05:05:54,0.307s,PASSED
"click(findTestObject(""Object Repository/Difuminado/span_OLVA LINCE - AV. ARENALES 1775 - LINCE_e0577d""))",Edge Chromium 131,,,2025-01-20 05:05:54,2025-01-20 05:05:54,0.348s,PASSED
delay(2),Edge Chromium 131,,,2025-01-20 05:05:54,2025-01-20 05:05:56,2.014s,PASSED
"click(findTestObject(""Object Repository/Difuminado/button_Tipo De Documento""))",Edge Chromium 131,,,2025-01-20 05:05:56,2025-01-20 05:06:29,32.933s,FAILED
,,,,,,,
Test Cases/Registro_Envíos/3. Positivas/1. Paquetes/Origen Lima/6. Difuminado Consignado/Difumind_CE,Edge Chromium 131,,,2025-01-20 05:06:29,2025-01-20 05:07:56,1m - 26.946s,PASSED
"callTestCase(findTestCase(""Registro_Envíos/1.Inicio/1.Principal/Principal-Home""), [:], STOP_ON_FAILURE)",Edge Chromium 131,,,2025-01-20 05:06:29,2025-01-20 05:06:34,4.892s,PASSED
"callTestCase(findTestCase(""Registro_Envíos/1.Inicio/1.Principal/Selecc_paquete""), [:], STOP_ON_FAILURE)",Edge Chromium 131,,,2025-01-20 05:06:34,2025-01-20 05:06:43,8.392s,PASSED
"callTestCase(findTestCase(""Registro_Envíos/1.Inicio/2.Login/1.Login_DNI""), [:], STOP_ON_FAILURE)",Edge Chromium 131,,,2025-01-20 05:06:43,2025-01-20 05:06:45,2.864s,PASSED
"click(findTestObject(""Object Repository/Difuminado/span_Seleccionar artculo""))",Edge Chromium 131,,,2025-01-20 05:06:45,2025-01-20 05:06:46,0.324s,PASSED
"click(findTestObject(""Object Repository/Difuminado/span_ACCESORIOS Y EQUIPOS ELECTRONICOS""))",Edge Chromium 131,,,2025-01-20 05:06:46,2025-01-20 05:06:46,0.325s,PASSED
"setText(findTestObject(""Object Repository/Difuminado/input_UTILES DE OFICINA_txt_paquete_articulo""), ""GHJk"")",Edge Chromium 131,,,2025-01-20 05:06:46,2025-01-20 05:06:47,0.680s,PASSED
"setText(findTestObject(""Object Repository/Difuminado/input_UTILES DE OFICINA_txt_paquete_valor""), ""12"")",Edge Chromium 131,,,2025-01-20 05:06:47,2025-01-20 05:06:47,0.741s,PASSED
"setText(findTestObject(""Object Repository/Difuminado/input_UTILES DE OFICINA_txt_paquete_largo""), ""12"")",Edge Chromium 131,,,2025-01-20 05:06:47,2025-01-20 05:06:48,0.616s,PASSED
"setText(findTestObject(""Object Repository/Difuminado/input_cm_txt_paquete_ancho""), ""13"")",Edge Chromium 131,,,2025-01-20 05:06:48,2025-01-20 05:06:49,0.620s,PASSED
"setText(findTestObject(""Object Repository/Difuminado/input_cm_txt_paquete_altura""), ""14"")",Edge Chromium 131,,,2025-01-20 05:06:49,2025-01-20 05:06:49,0.622s,PASSED
"setText(findTestObject(""Object Repository/Difuminado/input_cm_txt_paquete_peso""), ""1"")",Edge Chromium 131,,,2025-01-20 05:06:49,2025-01-20 05:06:50,0.625s,PASSED
"click(findTestObject(""Object Repository/Difuminado/button_Ingrese el punto de partida""))",Edge Chromium 131,,,2025-01-20 05:06:50,2025-01-20 05:06:50,0.324s,PASSED
"click(findTestObject(""Object Repository/Difuminado/a_LIMA""))",Edge Chromium 131,,,2025-01-20 05:06:50,2025-01-20 05:06:51,0.326s,PASSED
delay(2),Edge Chromium 131,,,2025-01-20 05:06:51,2025-01-20 05:06:53,2.010s,PASSED
"click(findTestObject(""Object Repository/Difuminado/span_Ingrese el punto de llegada""))",Edge Chromium 131,,,2025-01-20 05:06:53,2025-01-20 05:06:53,0.429s,PASSED
delay(2),Edge Chromium 131,,,2025-01-20 05:06:53,2025-01-20 05:06:55,2.002s,PASSED
"scrollToElement(findTestObject(""Object Repository/Difuminado/input_LIMA_form-control""), 0)",Edge Chromium 131,,,2025-01-20 05:06:55,2025-01-20 05:06:55,0.346s,PASSED
"setText(findTestObject(""Object Repository/Difuminado/input_LIMA_form-control""), ""lince"")",Edge Chromium 131,,,2025-01-20 05:06:55,2025-01-20 05:06:56,0.785s,PASSED
delay(2),Edge Chromium 131,,,2025-01-20 05:06:56,2025-01-20 05:06:58,2.009s,PASSED
"click(findTestObject(""Object Repository/Difuminado/a_LIMA - LIMA - LINCE""))",Edge Chromium 131,,,2025-01-20 05:06:58,2025-01-20 05:06:59,0.390s,PASSED
"click(findTestObject(""Object Repository/Difuminado/span_Tipo de entrega""))",Edge Chromium 131,,,2025-01-20 05:06:59,2025-01-20 05:06:59,0.326s,PASSED
"click(findTestObject(""Object Repository/Difuminado/a_Entrega a domicilio""))",Edge Chromium 131,,,2025-01-20 05:06:59,2025-01-20 05:07:00,1.603s,PASSED
"setText(findTestObject(""Object Repository/Difuminado/input_Dnde lo entregamos_txt_direccion_entrega""), ""ARENALES LINCe"")",Edge Chromium 131,,,2025-01-20 05:07:00,2025-01-20 05:07:01,0.725s,PASSED
"sendKeys(findTestObject(""Object Repository/Difuminado/input_Dnde lo entregamos_txt_direccion_entrega""), Keys.chord(ENTER))",Edge Chromium 131,,,2025-01-20 05:07:01,2025-01-20 05:07:03,1.379s,PASSED
"setText(findTestObject(""Object Repository/Difuminado/input_Direccin encontrada_txt_direccion_ent_ece73e""), ""PRUEBa"")",Edge Chromium 131,,,2025-01-20 05:07:03,2025-01-20 05:07:07,4.081s,PASSED
delay(2),Edge Chromium 131,,,2025-01-20 05:07:07,2025-01-20 05:07:09,2.011s,PASSED
"click(findTestObject(""Object Repository/Difuminado/button_Tipo De Documento""))",Edge Chromium 131,,,2025-01-20 05:07:09,2025-01-20 05:07:09,0.316s,PASSED
"click(findTestObject(""Object Repository/Difuminado/a_CARN EXT""))",Edge Chromium 131,,,2025-01-20 05:07:09,2025-01-20 05:07:09,0.325s,PASSED
"setText(findTestObject(""Object Repository/Difuminado/input_CARN EXT_txt_consignado_dni""), ""003680378"")",Edge Chromium 131,,,2025-01-20 05:07:09,2025-01-20 05:07:10,0.640s,PASSED
delay(3),Edge Chromium 131,,,2025-01-20 05:07:10,2025-01-20 05:07:13,3.009s,PASSED
"verifyElementNotChecked(findTestObject(""Object Repository/Difuminado/span_QAQA""), 0)",Edge Chromium 131,,,2025-01-20 05:07:13,2025-01-20 05:07:13,0.291s,PASSED
"click(findTestObject(""Object Repository/Difuminado/button_CONTINUAR (1)""))",Edge Chromium 131,,,2025-01-20 05:07:13,2025-01-20 05:07:14,0.352s,PASSED
"click(findTestObject(""Object Repository/Difuminado/button_IR A PAGAR S 7.30""))",Edge Chromium 131,,,2025-01-20 05:07:14,2025-01-20 05:07:25,11.127s,PASSED
"callTestCase(findTestCase(""Registro_Envíos/1.Inicio/3.Pago_envíos/Pago_TDC""), [:], STOP_ON_FAILURE)",Edge Chromium 131,,,2025-01-20 05:07:25,2025-01-20 05:07:56,31.303s,PASSED
