<?xml version="1.0" encoding="UTF-8" standalone="no"?>
<!DOCTYPE log SYSTEM "logger.dtd">
<log>
<record>
  <date>2025-02-06T06:56:08</date>
  <millis>1738842968242</millis>
  <sequence>0</sequence>
  <level>START</level>
  <class>com.kms.katalon.core.logging.XmlKeywordLogger</class>
  <method>startSuite</method>
  <thread>1</thread>
  <message>Start Test Suite : Test Suites/RegistroEnvios/Positivos</message>
  <nestedLevel>0</nestedLevel>
  <escapedJava>false</escapedJava>
  <property name="rerunTestFailImmediately">false</property>
  <property name="retryCount">0</property>
  <property name="name">Positivos</property>
  <property name="description"></property>
  <property name="id">Test Suites/RegistroEnvios/Positivos</property>
</record>
<record>
  <date>2025-02-06T06:56:08</date>
  <millis>1738842968253</millis>
  <sequence>1</sequence>
  <level>RUN_DATA</level>
  <class>com.kms.katalon.core.logging.XmlKeywordLogger</class>
  <method>logMessage</method>
  <thread>1</thread>
  <message>hostName = Administrador - DL0097</message>
  <nestedLevel>0</nestedLevel>
  <escapedJava>false</escapedJava>
  <property name="hostName">Administrador - DL0097</property>
</record>
<record>
  <date>2025-02-06T06:56:08</date>
  <millis>1738842968253</millis>
  <sequence>2</sequence>
  <level>RUN_DATA</level>
  <class>com.kms.katalon.core.logging.XmlKeywordLogger</class>
  <method>logMessage</method>
  <thread>1</thread>
  <message>os = Windows 10 64bit</message>
  <nestedLevel>0</nestedLevel>
  <escapedJava>false</escapedJava>
  <property name="os">Windows 10 64bit</property>
</record>
<record>
  <date>2025-02-06T06:56:08</date>
  <millis>1738842968255</millis>
  <sequence>3</sequence>
  <level>RUN_DATA</level>
  <class>com.kms.katalon.core.logging.XmlKeywordLogger</class>
  <method>logMessage</method>
  <thread>1</thread>
  <message>hostAddress = 10.136.10.15</message>
  <nestedLevel>0</nestedLevel>
  <escapedJava>false</escapedJava>
  <property name="hostAddress">10.136.10.15</property>
</record>
<record>
  <date>2025-02-06T06:56:08</date>
  <millis>1738842968255</millis>
  <sequence>4</sequence>
  <level>RUN_DATA</level>
  <class>com.kms.katalon.core.logging.XmlKeywordLogger</class>
  <method>logMessage</method>
  <thread>1</thread>
  <message>katalonVersion = 8.6.9.208</message>
  <nestedLevel>0</nestedLevel>
  <escapedJava>false</escapedJava>
  <property name="katalonVersion">8.6.9.208</property>
</record>
<record>
  <date>2025-02-06T06:56:08</date>
  <millis>1738842968438</millis>
  <sequence>5</sequence>
  <level>START</level>
  <class>com.kms.katalon.core.logging.XmlKeywordLogger</class>
  <method>startTest</method>
  <thread>1</thread>
  <message>Start Test Case : Test Cases/Registro_Envíos/3. Positivas/1. Paquetes/Origen Lima/2.Girley/Geo sin seleccionar/6. Limpiar y digitar dirección</message>
  <nestedLevel>1</nestedLevel>
  <escapedJava>false</escapedJava>
  <property name="name">Test Cases/Registro_Envíos/3. Positivas/1. Paquetes/Origen Lima/2.Girley/Geo sin seleccionar/6. Limpiar y digitar dirección</property>
  <property name="description"></property>
  <property name="iteration"></property>
  <property name="id">Test Cases/Registro_Envíos/3. Positivas/1. Paquetes/Origen Lima/2.Girley/Geo sin seleccionar/6. Limpiar y digitar dirección</property>
  <property name="source">F:\Git\RegistroEnvios\Test Cases\Registro_Envíos\3. Positivas\1. Paquetes\Origen Lima\2.Girley\Geo sin seleccionar\6. Limpiar y digitar dirección.tc</property>
  <property name="tag"></property>
  <property name="isOptional">false</property>
</record>
<record>
  <date>2025-02-06T06:56:08</date>
  <millis>1738842968711</millis>
  <sequence>7</sequence>
  <level>START</level>
  <class>com.kms.katalon.core.logging.XmlKeywordLogger</class>
  <method>startKeyword</method>
  <thread>1</thread>
  <message>Start action : callTestCase(findTestCase(&amp;quot;Registro_Envíos/1.Inicio/1.Principal/Principal-Home&amp;quot;), [:], STOP_ON_FAILURE)</message>
  <nestedLevel>1</nestedLevel>
  <escapedJava>false</escapedJava>
  <property name="startLine">20</property>
  <property name="stepIndex">1</property>
</record>
<record>
  <date>2025-02-06T06:56:08</date>
  <millis>1738842968832</millis>
  <sequence>10</sequence>
  <level>START</level>
  <class>com.kms.katalon.core.logging.XmlKeywordLogger</class>
  <method>startTest</method>
  <thread>1</thread>
  <message>Start Test Case : Test Cases/Registro_Envíos/1.Inicio/1.Principal/Principal-Home</message>
  <nestedLevel>2</nestedLevel>
  <escapedJava>false</escapedJava>
  <property name="name">Test Cases/Registro_Envíos/1.Inicio/1.Principal/Principal-Home</property>
  <property name="description"></property>
  <property name="iteration"></property>
  <property name="id">Test Cases/Registro_Envíos/1.Inicio/1.Principal/Principal-Home</property>
  <property name="source">F:\Git\RegistroEnvios\Test Cases\Registro_Envíos\1.Inicio\1.Principal\Principal-Home.tc</property>
  <property name="tag"></property>
  <property name="isOptional">false</property>
</record>
<record>
  <date>2025-02-06T06:56:09</date>
  <millis>1738842969033</millis>
  <sequence>12</sequence>
  <level>START</level>
  <class>com.kms.katalon.core.logging.XmlKeywordLogger</class>
  <method>startKeyword</method>
  <thread>1</thread>
  <message>Start action : openBrowser(&amp;quot;&amp;quot;)</message>
  <nestedLevel>1</nestedLevel>
  <escapedJava>false</escapedJava>
  <property name="startLine">20</property>
  <property name="stepIndex">1</property>
</record>
<record>
  <date>2025-02-06T06:56:09</date>
  <millis>1738842969204</millis>
  <sequence>14</sequence>
  <level>INFO</level>
  <class>com.kms.katalon.core.logging.XmlKeywordLogger</class>
  <method>logMessage</method>
  <thread>1</thread>
  <message>Starting &amp;apos;Edge Chromium&amp;apos; driver</message>
  <nestedLevel>2</nestedLevel>
  <escapedJava>false</escapedJava>
</record>
<record>
  <date>2025-02-06T06:56:11</date>
  <millis>1738842971638</millis>
  <sequence>16</sequence>
  <level>INFO</level>
  <class>com.kms.katalon.core.logging.XmlKeywordLogger</class>
  <method>logMessage</method>
  <thread>1</thread>
  <message>Action delay is set to 0 milliseconds</message>
  <nestedLevel>2</nestedLevel>
  <escapedJava>false</escapedJava>
</record>
<record>
  <date>2025-02-06T06:56:12</date>
  <millis>1738842972891</millis>
  <sequence>20</sequence>
  <level>FAILED</level>
  <class>com.kms.katalon.core.logging.XmlKeywordLogger</class>
  <method>logMessage</method>
  <thread>1</thread>
  <message>Unable to open browser with url: &amp;apos;&amp;apos; (Root cause: com.kms.katalon.core.exception.StepFailedException: Unable to open browser with url: &amp;apos;&amp;apos;
	at com.kms.katalon.core.webui.keyword.internal.WebUIKeywordMain.stepFailed(WebUIKeywordMain.groovy:64)
	at com.kms.katalon.core.webui.keyword.internal.WebUIKeywordMain.runKeyword(WebUIKeywordMain.groovy:26)
	at com.kms.katalon.core.webui.keyword.builtin.OpenBrowserKeyword.openBrowser(OpenBrowserKeyword.groovy:81)
	at com.kms.katalon.core.webui.keyword.builtin.OpenBrowserKeyword.execute(OpenBrowserKeyword.groovy:67)
	at com.kms.katalon.core.keyword.internal.KeywordExecutor.executeKeywordForPlatform(KeywordExecutor.groovy:74)
	at com.kms.katalon.core.webui.keyword.WebUiBuiltInKeywords.openBrowser(WebUiBuiltInKeywords.groovy:64)
	at com.kms.katalon.core.webui.keyword.WebUiBuiltInKeywords$openBrowser.call(Unknown Source)
	at Principal-Home.run(Principal-Home:20)
	at com.kms.katalon.core.main.ScriptEngine.run(ScriptEngine.java:194)
	at com.kms.katalon.core.main.ScriptEngine.runScriptAsRawText(ScriptEngine.java:119)
	at com.kms.katalon.core.main.TestCaseExecutor.runScript(TestCaseExecutor.java:448)
	at com.kms.katalon.core.main.TestCaseExecutor.doExecute(TestCaseExecutor.java:439)
	at com.kms.katalon.core.main.TestCaseExecutor.processExecutionPhase(TestCaseExecutor.java:418)
	at com.kms.katalon.core.main.TestCaseExecutor.accessMainPhase(TestCaseExecutor.java:410)
	at com.kms.katalon.core.main.TestCaseExecutor.execute(TestCaseExecutor.java:285)
	at com.kms.katalon.core.main.TestCaseMain.runTestCase(TestCaseMain.java:144)
	at com.kms.katalon.core.keyword.builtin.CallTestCaseKeyword$_callTestCase_closure1.doCall(CallTestCaseKeyword.groovy:59)
	at com.kms.katalon.core.keyword.builtin.CallTestCaseKeyword$_callTestCase_closure1.call(CallTestCaseKeyword.groovy)
	at com.kms.katalon.core.keyword.internal.KeywordMain.runKeyword(KeywordMain.groovy:75)
	at com.kms.katalon.core.keyword.builtin.CallTestCaseKeyword.callTestCase(CallTestCaseKeyword.groovy:81)
	at com.kms.katalon.core.keyword.builtin.CallTestCaseKeyword.execute(CallTestCaseKeyword.groovy:44)
	at com.kms.katalon.core.keyword.internal.KeywordExecutor.executeKeywordForPlatform(KeywordExecutor.groovy:74)
	at com.kms.katalon.core.keyword.BuiltinKeywords.callTestCase(BuiltinKeywords.groovy:310)
	at 6. Limpiar y digitar dirección.run(6. Limpiar y digitar dirección:20)
	at com.kms.katalon.core.main.ScriptEngine.run(ScriptEngine.java:194)
	at com.kms.katalon.core.main.ScriptEngine.runScriptAsRawText(ScriptEngine.java:119)
	at com.kms.katalon.core.main.TestCaseExecutor.runScript(TestCaseExecutor.java:448)
	at com.kms.katalon.core.main.TestCaseExecutor.doExecute(TestCaseExecutor.java:439)
	at com.kms.katalon.core.main.TestCaseExecutor.processExecutionPhase(TestCaseExecutor.java:418)
	at com.kms.katalon.core.main.TestCaseExecutor.accessMainPhase(TestCaseExecutor.java:410)
	at com.kms.katalon.core.main.TestCaseExecutor.execute(TestCaseExecutor.java:285)
	at com.kms.katalon.core.common.CommonExecutor.accessTestCaseMainPhase(CommonExecutor.java:65)
	at com.kms.katalon.core.main.TestSuiteExecutor.accessTestSuiteMainPhase(TestSuiteExecutor.java:148)
	at com.kms.katalon.core.main.TestSuiteExecutor.execute(TestSuiteExecutor.java:106)
	at com.kms.katalon.core.main.TestCaseMain.startTestSuite(TestCaseMain.java:187)
	at com.kms.katalon.core.main.TestCaseMain$startTestSuite$0.call(Unknown Source)
	at TempTestSuite1738842962897.run(TempTestSuite1738842962897.groovy:35)
Caused by: org.openqa.selenium.SessionNotCreatedException: session not created: This version of Microsoft Edge WebDriver only supports Microsoft Edge version 130
Current browser version is 132.0.2957.140 with binary path C:\Program Files (x86)\Microsoft\Edge\Application\msedge.exe
Build info: version: &amp;apos;3.141.59&amp;apos;, revision: &amp;apos;e82be7d358&amp;apos;, time: &amp;apos;2018-11-14T08:25:53&amp;apos;
System info: host: &amp;apos;DL0097&amp;apos;, ip: &amp;apos;10.136.10.15&amp;apos;, os.name: &amp;apos;Windows 10&amp;apos;, os.arch: &amp;apos;amd64&amp;apos;, os.version: &amp;apos;10.0&amp;apos;, java.version: &amp;apos;1.8.0_282&amp;apos;
Driver info: driver.version: CEdgeDriver
remote stacktrace: 	GetHandleVerifier [0x00BDA2F3+37491]
	Microsoft::Applications::Events::time_ticks_t::time_ticks_t [0x00A7CB76+734246]
	Microsoft::Applications::Events::ILogConfiguration::operator* [0x0085471A+3482]
	Microsoft::Applications::Events::GUID_t::GUID_t [0x0087DBFA+65914]
	Microsoft::Applications::Events::GUID_t::GUID_t [0x0087D194+63252]
	Microsoft::Applications::Events::GUID_t::GUID_t [0x0087A37B+51451]
	Microsoft::Applications::Events::GUID_t::GUID_t [0x008760C8+34376]
	Microsoft::Applications::Events::GUID_t::GUID_t [0x008A79F7+237431]
	Microsoft::Applications::Events::GUID_t::GUID_t [0x008A722C+235436]
	Microsoft::Applications::Events::GUID_t::GUID_t [0x0089E0C6+198214]
	Microsoft::Applications::Events::GUID_t::GUID_t [0x00880B2F+77999]
	Microsoft::Applications::Events::GUID_t::GUID_t [0x0087FB99+74009]
	Microsoft::Applications::Events::GUID_t::GUID_t [0x0088057D+76541]
	GetHandleVerifier [0x00C5203C+528316]
	Microsoft::Applications::Events::FromJSON [0x00DA5B8C+660764]
	Microsoft::Applications::Events::FromJSON [0x00DA5498+658984]
	Microsoft::Applications::Events::FromJSON [0x00D96354+597220]
	Microsoft::Applications::Events::FromJSON [0x00DA6307+662679]
	Microsoft::Applications::Events::time_ticks_t::time_ticks_t [0x00A92A0D+823997]
	Microsoft::Applications::Events::time_ticks_t::time_ticks_t [0x00A85C78+771368]
	Microsoft::Applications::Events::time_ticks_t::time_ticks_t [0x00A85E5A+771850]
	Microsoft::Applications::Events::time_ticks_t::time_ticks_t [0x00A6E885+676149]
	BaseThreadInitThunk [0x76987BA9+25]
	RtlInitializeExceptionChain [0x7768C0CB+107]
	RtlClearBits [0x7768C04F+191]

	at org.openqa.selenium.remote.W3CHandshakeResponse.lambda$errorHandler$0(W3CHandshakeResponse.java:62)
	at org.openqa.selenium.remote.HandshakeResponse.lambda$getResponseFunction$0(HandshakeResponse.java:30)
	at org.openqa.selenium.remote.ProtocolHandshake.lambda$createSession$0(ProtocolHandshake.java:126)
	at org.openqa.selenium.remote.ProtocolHandshake.createSession(ProtocolHandshake.java:128)
	at org.openqa.selenium.remote.ProtocolHandshake.createSession(ProtocolHandshake.java:74)
	at org.openqa.selenium.remote.HttpCommandExecutor.execute(HttpCommandExecutor.java:136)
	at org.openqa.selenium.remote.service.DriverCommandExecutor.execute(DriverCommandExecutor.java:83)
	at org.openqa.selenium.remote.RemoteWebDriver.execute(RemoteWebDriver.java:552)
	at com.kms.katalon.selenium.driver.CEdgeDriver.execute(CEdgeDriver.java:20)
	at org.openqa.selenium.remote.RemoteWebDriver.startSession(RemoteWebDriver.java:213)
	at org.openqa.selenium.remote.RemoteWebDriver.&amp;lt;init&amp;gt;(RemoteWebDriver.java:131)
	at org.openqa.selenium.edge.EdgeDriver.&amp;lt;init&amp;gt;(EdgeDriver.java:154)
	at com.kms.katalon.selenium.driver.CEdgeDriver.&amp;lt;init&amp;gt;(CEdgeDriver.java:14)
	at com.kms.katalon.core.webui.driver.DriverFactory.createNewEdgeChromiumDriver(DriverFactory.java:674)
	at com.kms.katalon.core.webui.driver.DriverFactory.startNewBrowser(DriverFactory.java:389)
	at com.kms.katalon.core.webui.driver.DriverFactory.openWebDriver(DriverFactory.java:263)
	at com.kms.katalon.core.webui.keyword.builtin.OpenBrowserKeyword$_openBrowser_closure1.doCall(OpenBrowserKeyword.groovy:74)
	at com.kms.katalon.core.webui.keyword.builtin.OpenBrowserKeyword$_openBrowser_closure1.call(OpenBrowserKeyword.groovy)
	at com.kms.katalon.core.webui.keyword.internal.WebUIKeywordMain.runKeyword(WebUIKeywordMain.groovy:20)
	at com.kms.katalon.core.webui.keyword.builtin.OpenBrowserKeyword.openBrowser(OpenBrowserKeyword.groovy:81)
	at com.kms.katalon.core.webui.keyword.builtin.OpenBrowserKeyword.execute(OpenBrowserKeyword.groovy:67)
	at com.kms.katalon.core.keyword.internal.KeywordExecutor.executeKeywordForPlatform(KeywordExecutor.groovy:74)
	at com.kms.katalon.core.webui.keyword.WebUiBuiltInKeywords.openBrowser(WebUiBuiltInKeywords.groovy:64)
	at com.kms.katalon.core.webui.keyword.WebUiBuiltInKeywords$openBrowser.call(Unknown Source)
	at Script1726224982168.run(Script1726224982168.groovy:20)
	at com.kms.katalon.core.main.ScriptEngine.run(ScriptEngine.java:194)
	at com.kms.katalon.core.main.ScriptEngine.runScriptAsRawText(ScriptEngine.java:119)
	at com.kms.katalon.core.main.TestCaseExecutor.runScript(TestCaseExecutor.java:448)
	at com.kms.katalon.core.main.TestCaseExecutor.doExecute(TestCaseExecutor.java:439)
	at com.kms.katalon.core.main.TestCaseExecutor.processExecutionPhase(TestCaseExecutor.java:418)
	at com.kms.katalon.core.main.TestCaseExecutor.accessMainPhase(TestCaseExecutor.java:410)
	at com.kms.katalon.core.main.TestCaseExecutor.execute(TestCaseExecutor.java:285)
	at com.kms.katalon.core.main.TestCaseMain.runTestCase(TestCaseMain.java:144)
	at com.kms.katalon.core.keyword.builtin.CallTestCaseKeyword$_callTestCase_closure1.doCall(CallTestCaseKeyword.groovy:59)
	at com.kms.katalon.core.keyword.builtin.CallTestCaseKeyword$_callTestCase_closure1.call(CallTestCaseKeyword.groovy)
	at com.kms.katalon.core.keyword.internal.KeywordMain.runKeyword(KeywordMain.groovy:75)
	at com.kms.katalon.core.keyword.builtin.CallTestCaseKeyword.callTestCase(CallTestCaseKeyword.groovy:81)
	at com.kms.katalon.core.keyword.builtin.CallTestCaseKeyword.execute(CallTestCaseKeyword.groovy:44)
	at com.kms.katalon.core.keyword.internal.KeywordExecutor.executeKeywordForPlatform(KeywordExecutor.groovy:74)
	at com.kms.katalon.core.keyword.BuiltinKeywords.callTestCase(BuiltinKeywords.groovy:310)
	at Script1726232808997.run(Script1726232808997.groovy:20)
	... 13 more
)</message>
  <nestedLevel>2</nestedLevel>
  <escapedJava>false</escapedJava>
  <property name="failed.exception.class">org.openqa.selenium.SessionNotCreatedException</property>
  <property name="failed.exception.stacktrace">org.openqa.selenium.SessionNotCreatedException: session not created: This version of Microsoft Edge WebDriver only supports Microsoft Edge version 130
Current browser version is 132.0.2957.140 with binary path C:\Program Files (x86)\Microsoft\Edge\Application\msedge.exe
Build info: version: &apos;3.141.59&apos;, revision: &apos;e82be7d358&apos;, time: &apos;2018-11-14T08:25:53&apos;
System info: host: &apos;DL0097&apos;, ip: &apos;10.136.10.15&apos;, os.name: &apos;Windows 10&apos;, os.arch: &apos;amd64&apos;, os.version: &apos;10.0&apos;, java.version: &apos;1.8.0_282&apos;
Driver info: driver.version: CEdgeDriver
remote stacktrace: 	GetHandleVerifier [0x00BDA2F3+37491]
	Microsoft::Applications::Events::time_ticks_t::time_ticks_t [0x00A7CB76+734246]
	Microsoft::Applications::Events::ILogConfiguration::operator* [0x0085471A+3482]
	Microsoft::Applications::Events::GUID_t::GUID_t [0x0087DBFA+65914]
	Microsoft::Applications::Events::GUID_t::GUID_t [0x0087D194+63252]
	Microsoft::Applications::Events::GUID_t::GUID_t [0x0087A37B+51451]
	Microsoft::Applications::Events::GUID_t::GUID_t [0x008760C8+34376]
	Microsoft::Applications::Events::GUID_t::GUID_t [0x008A79F7+237431]
	Microsoft::Applications::Events::GUID_t::GUID_t [0x008A722C+235436]
	Microsoft::Applications::Events::GUID_t::GUID_t [0x0089E0C6+198214]
	Microsoft::Applications::Events::GUID_t::GUID_t [0x00880B2F+77999]
	Microsoft::Applications::Events::GUID_t::GUID_t [0x0087FB99+74009]
	Microsoft::Applications::Events::GUID_t::GUID_t [0x0088057D+76541]
	GetHandleVerifier [0x00C5203C+528316]
	Microsoft::Applications::Events::FromJSON [0x00DA5B8C+660764]
	Microsoft::Applications::Events::FromJSON [0x00DA5498+658984]
	Microsoft::Applications::Events::FromJSON [0x00D96354+597220]
	Microsoft::Applications::Events::FromJSON [0x00DA6307+662679]
	Microsoft::Applications::Events::time_ticks_t::time_ticks_t [0x00A92A0D+823997]
	Microsoft::Applications::Events::time_ticks_t::time_ticks_t [0x00A85C78+771368]
	Microsoft::Applications::Events::time_ticks_t::time_ticks_t [0x00A85E5A+771850]
	Microsoft::Applications::Events::time_ticks_t::time_ticks_t [0x00A6E885+676149]
	BaseThreadInitThunk [0x76987BA9+25]
	RtlInitializeExceptionChain [0x7768C0CB+107]
	RtlClearBits [0x7768C04F+191]

	at org.openqa.selenium.remote.W3CHandshakeResponse.lambda$errorHandler$0(W3CHandshakeResponse.java:62)
	at org.openqa.selenium.remote.HandshakeResponse.lambda$getResponseFunction$0(HandshakeResponse.java:30)
	at org.openqa.selenium.remote.ProtocolHandshake.lambda$createSession$0(ProtocolHandshake.java:126)
	at org.openqa.selenium.remote.ProtocolHandshake.createSession(ProtocolHandshake.java:128)
	at org.openqa.selenium.remote.ProtocolHandshake.createSession(ProtocolHandshake.java:74)
	at org.openqa.selenium.remote.HttpCommandExecutor.execute(HttpCommandExecutor.java:136)
	at org.openqa.selenium.remote.service.DriverCommandExecutor.execute(DriverCommandExecutor.java:83)
	at org.openqa.selenium.remote.RemoteWebDriver.execute(RemoteWebDriver.java:552)
	at com.kms.katalon.selenium.driver.CEdgeDriver.execute(CEdgeDriver.java:20)
	at org.openqa.selenium.remote.RemoteWebDriver.startSession(RemoteWebDriver.java:213)
	at org.openqa.selenium.remote.RemoteWebDriver.&lt;init&gt;(RemoteWebDriver.java:131)
	at org.openqa.selenium.edge.EdgeDriver.&lt;init&gt;(EdgeDriver.java:154)
	at com.kms.katalon.selenium.driver.CEdgeDriver.&lt;init&gt;(CEdgeDriver.java:14)
	at com.kms.katalon.core.webui.driver.DriverFactory.createNewEdgeChromiumDriver(DriverFactory.java:674)
	at com.kms.katalon.core.webui.driver.DriverFactory.startNewBrowser(DriverFactory.java:389)
	at com.kms.katalon.core.webui.driver.DriverFactory.openWebDriver(DriverFactory.java:263)
	at com.kms.katalon.core.webui.keyword.builtin.OpenBrowserKeyword$_openBrowser_closure1.doCall(OpenBrowserKeyword.groovy:74)
	at com.kms.katalon.core.webui.keyword.builtin.OpenBrowserKeyword$_openBrowser_closure1.call(OpenBrowserKeyword.groovy)
	at com.kms.katalon.core.webui.keyword.internal.WebUIKeywordMain.runKeyword(WebUIKeywordMain.groovy:20)
	at com.kms.katalon.core.webui.keyword.builtin.OpenBrowserKeyword.openBrowser(OpenBrowserKeyword.groovy:81)
	at com.kms.katalon.core.webui.keyword.builtin.OpenBrowserKeyword.execute(OpenBrowserKeyword.groovy:67)
	at com.kms.katalon.core.keyword.internal.KeywordExecutor.executeKeywordForPlatform(KeywordExecutor.groovy:74)
	at com.kms.katalon.core.webui.keyword.WebUiBuiltInKeywords.openBrowser(WebUiBuiltInKeywords.groovy:64)
	at com.kms.katalon.core.webui.keyword.WebUiBuiltInKeywords$openBrowser.call(Unknown Source)
	at Principal-Home.run(Principal-Home:20)
	at com.kms.katalon.core.main.ScriptEngine.run(ScriptEngine.java:194)
	at com.kms.katalon.core.main.ScriptEngine.runScriptAsRawText(ScriptEngine.java:119)
	at com.kms.katalon.core.main.TestCaseExecutor.runScript(TestCaseExecutor.java:448)
	at com.kms.katalon.core.main.TestCaseExecutor.doExecute(TestCaseExecutor.java:439)
	at com.kms.katalon.core.main.TestCaseExecutor.processExecutionPhase(TestCaseExecutor.java:418)
	at com.kms.katalon.core.main.TestCaseExecutor.accessMainPhase(TestCaseExecutor.java:410)
	at com.kms.katalon.core.main.TestCaseExecutor.execute(TestCaseExecutor.java:285)
	at com.kms.katalon.core.main.TestCaseMain.runTestCase(TestCaseMain.java:144)
	at com.kms.katalon.core.keyword.builtin.CallTestCaseKeyword$_callTestCase_closure1.doCall(CallTestCaseKeyword.groovy:59)
	at com.kms.katalon.core.keyword.builtin.CallTestCaseKeyword$_callTestCase_closure1.call(CallTestCaseKeyword.groovy)
	at com.kms.katalon.core.keyword.internal.KeywordMain.runKeyword(KeywordMain.groovy:75)
	at com.kms.katalon.core.keyword.builtin.CallTestCaseKeyword.callTestCase(CallTestCaseKeyword.groovy:81)
	at com.kms.katalon.core.keyword.builtin.CallTestCaseKeyword.execute(CallTestCaseKeyword.groovy:44)
	at com.kms.katalon.core.keyword.internal.KeywordExecutor.executeKeywordForPlatform(KeywordExecutor.groovy:74)
	at com.kms.katalon.core.keyword.BuiltinKeywords.callTestCase(BuiltinKeywords.groovy:310)
	at 6. Limpiar y digitar dirección.run(6. Limpiar y digitar dirección:20)
	at com.kms.katalon.core.main.ScriptEngine.run(ScriptEngine.java:194)
	at com.kms.katalon.core.main.ScriptEngine.runScriptAsRawText(ScriptEngine.java:119)
	at com.kms.katalon.core.main.TestCaseExecutor.runScript(TestCaseExecutor.java:448)
	at com.kms.katalon.core.main.TestCaseExecutor.doExecute(TestCaseExecutor.java:439)
	at com.kms.katalon.core.main.TestCaseExecutor.processExecutionPhase(TestCaseExecutor.java:418)
	at com.kms.katalon.core.main.TestCaseExecutor.accessMainPhase(TestCaseExecutor.java:410)
	at com.kms.katalon.core.main.TestCaseExecutor.execute(TestCaseExecutor.java:285)
	at com.kms.katalon.core.common.CommonExecutor.accessTestCaseMainPhase(CommonExecutor.java:65)
	at com.kms.katalon.core.main.TestSuiteExecutor.accessTestSuiteMainPhase(TestSuiteExecutor.java:148)
	at com.kms.katalon.core.main.TestSuiteExecutor.execute(TestSuiteExecutor.java:106)
	at com.kms.katalon.core.main.TestCaseMain.startTestSuite(TestCaseMain.java:187)
	at com.kms.katalon.core.main.TestCaseMain$startTestSuite$0.call(Unknown Source)
	at TempTestSuite1738842962897.run(TempTestSuite1738842962897.groovy:35)
</property>
  <property name="failed.exception.message">session not created: This version of Microsoft Edge WebDriver only supports Microsoft Edge version 130
Current browser version is 132.0.2957.140 with binary path C:\Program Files (x86)\Microsoft\Edge\Application\msedge.exe
Build info: version: &apos;3.141.59&apos;, revision: &apos;e82be7d358&apos;, time: &apos;2018-11-14T08:25:53&apos;
System info: host: &apos;DL0097&apos;, ip: &apos;10.136.10.15&apos;, os.name: &apos;Windows 10&apos;, os.arch: &apos;amd64&apos;, os.version: &apos;10.0&apos;, java.version: &apos;1.8.0_282&apos;
Driver info: driver.version: CEdgeDriver
remote stacktrace: 	GetHandleVerifier [0x00BDA2F3+37491]
	Microsoft::Applications::Events::time_ticks_t::time_ticks_t [0x00A7CB76+734246]
	Microsoft::Applications::Events::ILogConfiguration::operator* [0x0085471A+3482]
	Microsoft::Applications::Events::GUID_t::GUID_t [0x0087DBFA+65914]
	Microsoft::Applications::Events::GUID_t::GUID_t [0x0087D194+63252]
	Microsoft::Applications::Events::GUID_t::GUID_t [0x0087A37B+51451]
	Microsoft::Applications::Events::GUID_t::GUID_t [0x008760C8+34376]
	Microsoft::Applications::Events::GUID_t::GUID_t [0x008A79F7+237431]
	Microsoft::Applications::Events::GUID_t::GUID_t [0x008A722C+235436]
	Microsoft::Applications::Events::GUID_t::GUID_t [0x0089E0C6+198214]
	Microsoft::Applications::Events::GUID_t::GUID_t [0x00880B2F+77999]
	Microsoft::Applications::Events::GUID_t::GUID_t [0x0087FB99+74009]
	Microsoft::Applications::Events::GUID_t::GUID_t [0x0088057D+76541]
	GetHandleVerifier [0x00C5203C+528316]
	Microsoft::Applications::Events::FromJSON [0x00DA5B8C+660764]
	Microsoft::Applications::Events::FromJSON [0x00DA5498+658984]
	Microsoft::Applications::Events::FromJSON [0x00D96354+597220]
	Microsoft::Applications::Events::FromJSON [0x00DA6307+662679]
	Microsoft::Applications::Events::time_ticks_t::time_ticks_t [0x00A92A0D+823997]
	Microsoft::Applications::Events::time_ticks_t::time_ticks_t [0x00A85C78+771368]
	Microsoft::Applications::Events::time_ticks_t::time_ticks_t [0x00A85E5A+771850]
	Microsoft::Applications::Events::time_ticks_t::time_ticks_t [0x00A6E885+676149]
	BaseThreadInitThunk [0x76987BA9+25]
	RtlInitializeExceptionChain [0x7768C0CB+107]
	RtlClearBits [0x7768C04F+191]
</property>
</record>
<record>
  <date>2025-02-06T06:56:12</date>
  <millis>1738842972898</millis>
  <sequence>23</sequence>
  <level>END</level>
  <class>com.kms.katalon.core.logging.XmlKeywordLogger</class>
  <method>endKeyword</method>
  <thread>1</thread>
  <message>End action : openBrowser(&amp;quot;&amp;quot;)</message>
  <nestedLevel>1</nestedLevel>
  <escapedJava>false</escapedJava>
</record>
<record>
  <date>2025-02-06T06:56:12</date>
  <millis>1738842972898</millis>
  <sequence>26</sequence>
  <level>FAILED</level>
  <class>com.kms.katalon.core.logging.XmlKeywordLogger</class>
  <method>logMessage</method>
  <thread>1</thread>
  <message>Test Cases/Registro_Envíos/1.Inicio/1.Principal/Principal-Home FAILED.
Reason:
com.kms.katalon.core.exception.StepFailedException: Unable to open browser with url: &amp;apos;&amp;apos;
	at com.kms.katalon.core.webui.keyword.internal.WebUIKeywordMain.stepFailed(WebUIKeywordMain.groovy:64)
	at com.kms.katalon.core.webui.keyword.internal.WebUIKeywordMain.runKeyword(WebUIKeywordMain.groovy:26)
	at com.kms.katalon.core.webui.keyword.builtin.OpenBrowserKeyword.openBrowser(OpenBrowserKeyword.groovy:81)
	at com.kms.katalon.core.webui.keyword.builtin.OpenBrowserKeyword.execute(OpenBrowserKeyword.groovy:67)
	at com.kms.katalon.core.keyword.internal.KeywordExecutor.executeKeywordForPlatform(KeywordExecutor.groovy:74)
	at com.kms.katalon.core.webui.keyword.WebUiBuiltInKeywords.openBrowser(WebUiBuiltInKeywords.groovy:64)
	at com.kms.katalon.core.webui.keyword.WebUiBuiltInKeywords$openBrowser.call(Unknown Source)
	at Principal-Home.run(Principal-Home:20)
	at com.kms.katalon.core.main.ScriptEngine.run(ScriptEngine.java:194)
	at com.kms.katalon.core.main.ScriptEngine.runScriptAsRawText(ScriptEngine.java:119)
	at com.kms.katalon.core.main.TestCaseExecutor.runScript(TestCaseExecutor.java:448)
	at com.kms.katalon.core.main.TestCaseExecutor.doExecute(TestCaseExecutor.java:439)
	at com.kms.katalon.core.main.TestCaseExecutor.processExecutionPhase(TestCaseExecutor.java:418)
	at com.kms.katalon.core.main.TestCaseExecutor.accessMainPhase(TestCaseExecutor.java:410)
	at com.kms.katalon.core.main.TestCaseExecutor.execute(TestCaseExecutor.java:285)
	at com.kms.katalon.core.main.TestCaseMain.runTestCase(TestCaseMain.java:144)
	at com.kms.katalon.core.keyword.builtin.CallTestCaseKeyword$_callTestCase_closure1.doCall(CallTestCaseKeyword.groovy:59)
	at com.kms.katalon.core.keyword.builtin.CallTestCaseKeyword$_callTestCase_closure1.call(CallTestCaseKeyword.groovy)
	at com.kms.katalon.core.keyword.internal.KeywordMain.runKeyword(KeywordMain.groovy:75)
	at com.kms.katalon.core.keyword.builtin.CallTestCaseKeyword.callTestCase(CallTestCaseKeyword.groovy:81)
	at com.kms.katalon.core.keyword.builtin.CallTestCaseKeyword.execute(CallTestCaseKeyword.groovy:44)
	at com.kms.katalon.core.keyword.internal.KeywordExecutor.executeKeywordForPlatform(KeywordExecutor.groovy:74)
	at com.kms.katalon.core.keyword.BuiltinKeywords.callTestCase(BuiltinKeywords.groovy:310)
	at 6. Limpiar y digitar dirección.run(6. Limpiar y digitar dirección:20)
	at com.kms.katalon.core.main.ScriptEngine.run(ScriptEngine.java:194)
	at com.kms.katalon.core.main.ScriptEngine.runScriptAsRawText(ScriptEngine.java:119)
	at com.kms.katalon.core.main.TestCaseExecutor.runScript(TestCaseExecutor.java:448)
	at com.kms.katalon.core.main.TestCaseExecutor.doExecute(TestCaseExecutor.java:439)
	at com.kms.katalon.core.main.TestCaseExecutor.processExecutionPhase(TestCaseExecutor.java:418)
	at com.kms.katalon.core.main.TestCaseExecutor.accessMainPhase(TestCaseExecutor.java:410)
	at com.kms.katalon.core.main.TestCaseExecutor.execute(TestCaseExecutor.java:285)
	at com.kms.katalon.core.common.CommonExecutor.accessTestCaseMainPhase(CommonExecutor.java:65)
	at com.kms.katalon.core.main.TestSuiteExecutor.accessTestSuiteMainPhase(TestSuiteExecutor.java:148)
	at com.kms.katalon.core.main.TestSuiteExecutor.execute(TestSuiteExecutor.java:106)
	at com.kms.katalon.core.main.TestCaseMain.startTestSuite(TestCaseMain.java:187)
	at com.kms.katalon.core.main.TestCaseMain$startTestSuite$0.call(Unknown Source)
	at TempTestSuite1738842962897.run(TempTestSuite1738842962897.groovy:35)
Caused by: org.openqa.selenium.SessionNotCreatedException: session not created: This version of Microsoft Edge WebDriver only supports Microsoft Edge version 130
Current browser version is 132.0.2957.140 with binary path C:\Program Files (x86)\Microsoft\Edge\Application\msedge.exe
Build info: version: &amp;apos;3.141.59&amp;apos;, revision: &amp;apos;e82be7d358&amp;apos;, time: &amp;apos;2018-11-14T08:25:53&amp;apos;
System info: host: &amp;apos;DL0097&amp;apos;, ip: &amp;apos;10.136.10.15&amp;apos;, os.name: &amp;apos;Windows 10&amp;apos;, os.arch: &amp;apos;amd64&amp;apos;, os.version: &amp;apos;10.0&amp;apos;, java.version: &amp;apos;1.8.0_282&amp;apos;
Driver info: driver.version: CEdgeDriver
remote stacktrace: 	GetHandleVerifier [0x00BDA2F3+37491]
	Microsoft::Applications::Events::time_ticks_t::time_ticks_t [0x00A7CB76+734246]
	Microsoft::Applications::Events::ILogConfiguration::operator* [0x0085471A+3482]
	Microsoft::Applications::Events::GUID_t::GUID_t [0x0087DBFA+65914]
	Microsoft::Applications::Events::GUID_t::GUID_t [0x0087D194+63252]
	Microsoft::Applications::Events::GUID_t::GUID_t [0x0087A37B+51451]
	Microsoft::Applications::Events::GUID_t::GUID_t [0x008760C8+34376]
	Microsoft::Applications::Events::GUID_t::GUID_t [0x008A79F7+237431]
	Microsoft::Applications::Events::GUID_t::GUID_t [0x008A722C+235436]
	Microsoft::Applications::Events::GUID_t::GUID_t [0x0089E0C6+198214]
	Microsoft::Applications::Events::GUID_t::GUID_t [0x00880B2F+77999]
	Microsoft::Applications::Events::GUID_t::GUID_t [0x0087FB99+74009]
	Microsoft::Applications::Events::GUID_t::GUID_t [0x0088057D+76541]
	GetHandleVerifier [0x00C5203C+528316]
	Microsoft::Applications::Events::FromJSON [0x00DA5B8C+660764]
	Microsoft::Applications::Events::FromJSON [0x00DA5498+658984]
	Microsoft::Applications::Events::FromJSON [0x00D96354+597220]
	Microsoft::Applications::Events::FromJSON [0x00DA6307+662679]
	Microsoft::Applications::Events::time_ticks_t::time_ticks_t [0x00A92A0D+823997]
	Microsoft::Applications::Events::time_ticks_t::time_ticks_t [0x00A85C78+771368]
	Microsoft::Applications::Events::time_ticks_t::time_ticks_t [0x00A85E5A+771850]
	Microsoft::Applications::Events::time_ticks_t::time_ticks_t [0x00A6E885+676149]
	BaseThreadInitThunk [0x76987BA9+25]
	RtlInitializeExceptionChain [0x7768C0CB+107]
	RtlClearBits [0x7768C04F+191]

	at org.openqa.selenium.remote.W3CHandshakeResponse.lambda$errorHandler$0(W3CHandshakeResponse.java:62)
	at org.openqa.selenium.remote.HandshakeResponse.lambda$getResponseFunction$0(HandshakeResponse.java:30)
	at org.openqa.selenium.remote.ProtocolHandshake.lambda$createSession$0(ProtocolHandshake.java:126)
	at org.openqa.selenium.remote.ProtocolHandshake.createSession(ProtocolHandshake.java:128)
	at org.openqa.selenium.remote.ProtocolHandshake.createSession(ProtocolHandshake.java:74)
	at org.openqa.selenium.remote.HttpCommandExecutor.execute(HttpCommandExecutor.java:136)
	at org.openqa.selenium.remote.service.DriverCommandExecutor.execute(DriverCommandExecutor.java:83)
	at org.openqa.selenium.remote.RemoteWebDriver.execute(RemoteWebDriver.java:552)
	at com.kms.katalon.selenium.driver.CEdgeDriver.execute(CEdgeDriver.java:20)
	at org.openqa.selenium.remote.RemoteWebDriver.startSession(RemoteWebDriver.java:213)
	at org.openqa.selenium.remote.RemoteWebDriver.&amp;lt;init&amp;gt;(RemoteWebDriver.java:131)
	at org.openqa.selenium.edge.EdgeDriver.&amp;lt;init&amp;gt;(EdgeDriver.java:154)
	at com.kms.katalon.selenium.driver.CEdgeDriver.&amp;lt;init&amp;gt;(CEdgeDriver.java:14)
	at com.kms.katalon.core.webui.driver.DriverFactory.createNewEdgeChromiumDriver(DriverFactory.java:674)
	at com.kms.katalon.core.webui.driver.DriverFactory.startNewBrowser(DriverFactory.java:389)
	at com.kms.katalon.core.webui.driver.DriverFactory.openWebDriver(DriverFactory.java:263)
	at com.kms.katalon.core.webui.keyword.builtin.OpenBrowserKeyword$_openBrowser_closure1.doCall(OpenBrowserKeyword.groovy:74)
	at com.kms.katalon.core.webui.keyword.builtin.OpenBrowserKeyword$_openBrowser_closure1.call(OpenBrowserKeyword.groovy)
	at com.kms.katalon.core.webui.keyword.internal.WebUIKeywordMain.runKeyword(WebUIKeywordMain.groovy:20)
	... 35 more
</message>
  <exception>
    <message>com.kms.katalon.core.exception.StepFailedException: Unable to open browser with url: ''</message>
    <frame>
      <class>com.kms.katalon.core.webui.keyword.internal.WebUIKeywordMain</class>
      <method>stepFailed</method>
      <line>64</line>
    </frame>
    <frame>
      <class>com.kms.katalon.core.webui.keyword.internal.WebUIKeywordMain</class>
      <method>runKeyword</method>
      <line>26</line>
    </frame>
    <frame>
      <class>com.kms.katalon.core.webui.keyword.builtin.OpenBrowserKeyword</class>
      <method>openBrowser</method>
      <line>81</line>
    </frame>
    <frame>
      <class>com.kms.katalon.core.webui.keyword.builtin.OpenBrowserKeyword</class>
      <method>execute</method>
      <line>67</line>
    </frame>
    <frame>
      <class>com.kms.katalon.core.keyword.internal.KeywordExecutor</class>
      <method>executeKeywordForPlatform</method>
      <line>74</line>
    </frame>
    <frame>
      <class>com.kms.katalon.core.webui.keyword.WebUiBuiltInKeywords</class>
      <method>openBrowser</method>
      <line>64</line>
    </frame>
    <frame>
      <class>com.kms.katalon.core.webui.keyword.WebUiBuiltInKeywords$openBrowser</class>
      <method>call</method>
    </frame>
    <frame>
      <class>Principal-Home</class>
      <method>run</method>
      <line>20</line>
    </frame>
    <frame>
      <class>com.kms.katalon.core.main.ScriptEngine</class>
      <method>run</method>
      <line>194</line>
    </frame>
    <frame>
      <class>com.kms.katalon.core.main.ScriptEngine</class>
      <method>runScriptAsRawText</method>
      <line>119</line>
    </frame>
    <frame>
      <class>com.kms.katalon.core.main.TestCaseExecutor</class>
      <method>runScript</method>
      <line>448</line>
    </frame>
    <frame>
      <class>com.kms.katalon.core.main.TestCaseExecutor</class>
      <method>doExecute</method>
      <line>439</line>
    </frame>
    <frame>
      <class>com.kms.katalon.core.main.TestCaseExecutor</class>
      <method>processExecutionPhase</method>
      <line>418</line>
    </frame>
    <frame>
      <class>com.kms.katalon.core.main.TestCaseExecutor</class>
      <method>accessMainPhase</method>
      <line>410</line>
    </frame>
    <frame>
      <class>com.kms.katalon.core.main.TestCaseExecutor</class>
      <method>execute</method>
      <line>285</line>
    </frame>
    <frame>
      <class>com.kms.katalon.core.main.TestCaseMain</class>
      <method>runTestCase</method>
      <line>144</line>
    </frame>
    <frame>
      <class>com.kms.katalon.core.keyword.builtin.CallTestCaseKeyword$_callTestCase_closure1</class>
      <method>doCall</method>
      <line>59</line>
    </frame>
    <frame>
      <class>com.kms.katalon.core.keyword.builtin.CallTestCaseKeyword$_callTestCase_closure1</class>
      <method>call</method>
    </frame>
    <frame>
      <class>com.kms.katalon.core.keyword.internal.KeywordMain</class>
      <method>runKeyword</method>
      <line>75</line>
    </frame>
    <frame>
      <class>com.kms.katalon.core.keyword.builtin.CallTestCaseKeyword</class>
      <method>callTestCase</method>
      <line>81</line>
    </frame>
    <frame>
      <class>com.kms.katalon.core.keyword.builtin.CallTestCaseKeyword</class>
      <method>execute</method>
      <line>44</line>
    </frame>
    <frame>
      <class>com.kms.katalon.core.keyword.internal.KeywordExecutor</class>
      <method>executeKeywordForPlatform</method>
      <line>74</line>
    </frame>
    <frame>
      <class>com.kms.katalon.core.keyword.BuiltinKeywords</class>
      <method>callTestCase</method>
      <line>310</line>
    </frame>
    <frame>
      <class>6. Limpiar y digitar dirección</class>
      <method>run</method>
      <line>20</line>
    </frame>
    <frame>
      <class>com.kms.katalon.core.main.ScriptEngine</class>
      <method>run</method>
      <line>194</line>
    </frame>
    <frame>
      <class>com.kms.katalon.core.main.ScriptEngine</class>
      <method>runScriptAsRawText</method>
      <line>119</line>
    </frame>
    <frame>
      <class>com.kms.katalon.core.main.TestCaseExecutor</class>
      <method>runScript</method>
      <line>448</line>
    </frame>
    <frame>
      <class>com.kms.katalon.core.main.TestCaseExecutor</class>
      <method>doExecute</method>
      <line>439</line>
    </frame>
    <frame>
      <class>com.kms.katalon.core.main.TestCaseExecutor</class>
      <method>processExecutionPhase</method>
      <line>418</line>
    </frame>
    <frame>
      <class>com.kms.katalon.core.main.TestCaseExecutor</class>
      <method>accessMainPhase</method>
      <line>410</line>
    </frame>
    <frame>
      <class>com.kms.katalon.core.main.TestCaseExecutor</class>
      <method>execute</method>
      <line>285</line>
    </frame>
    <frame>
      <class>com.kms.katalon.core.common.CommonExecutor</class>
      <method>accessTestCaseMainPhase</method>
      <line>65</line>
    </frame>
    <frame>
      <class>com.kms.katalon.core.main.TestSuiteExecutor</class>
      <method>accessTestSuiteMainPhase</method>
      <line>148</line>
    </frame>
    <frame>
      <class>com.kms.katalon.core.main.TestSuiteExecutor</class>
      <method>execute</method>
      <line>106</line>
    </frame>
    <frame>
      <class>com.kms.katalon.core.main.TestCaseMain</class>
      <method>startTestSuite</method>
      <line>187</line>
    </frame>
    <frame>
      <class>com.kms.katalon.core.main.TestCaseMain$startTestSuite$0</class>
      <method>call</method>
    </frame>
    <frame>
      <class>TempTestSuite1738842962897</class>
      <method>run</method>
      <line>35</line>
    </frame>
  </exception>
  <nestedLevel>0</nestedLevel>
  <escapedJava>false</escapedJava>
  <property name="failed.exception.stacktrace">org.openqa.selenium.SessionNotCreatedException: session not created: This version of Microsoft Edge WebDriver only supports Microsoft Edge version 130
Current browser version is 132.0.2957.140 with binary path C:\Program Files (x86)\Microsoft\Edge\Application\msedge.exe
Build info: version: &apos;3.141.59&apos;, revision: &apos;e82be7d358&apos;, time: &apos;2018-11-14T08:25:53&apos;
System info: host: &apos;DL0097&apos;, ip: &apos;10.136.10.15&apos;, os.name: &apos;Windows 10&apos;, os.arch: &apos;amd64&apos;, os.version: &apos;10.0&apos;, java.version: &apos;1.8.0_282&apos;
Driver info: driver.version: CEdgeDriver
remote stacktrace: 	GetHandleVerifier [0x00BDA2F3+37491]
	Microsoft::Applications::Events::time_ticks_t::time_ticks_t [0x00A7CB76+734246]
	Microsoft::Applications::Events::ILogConfiguration::operator* [0x0085471A+3482]
	Microsoft::Applications::Events::GUID_t::GUID_t [0x0087DBFA+65914]
	Microsoft::Applications::Events::GUID_t::GUID_t [0x0087D194+63252]
	Microsoft::Applications::Events::GUID_t::GUID_t [0x0087A37B+51451]
	Microsoft::Applications::Events::GUID_t::GUID_t [0x008760C8+34376]
	Microsoft::Applications::Events::GUID_t::GUID_t [0x008A79F7+237431]
	Microsoft::Applications::Events::GUID_t::GUID_t [0x008A722C+235436]
	Microsoft::Applications::Events::GUID_t::GUID_t [0x0089E0C6+198214]
	Microsoft::Applications::Events::GUID_t::GUID_t [0x00880B2F+77999]
	Microsoft::Applications::Events::GUID_t::GUID_t [0x0087FB99+74009]
	Microsoft::Applications::Events::GUID_t::GUID_t [0x0088057D+76541]
	GetHandleVerifier [0x00C5203C+528316]
	Microsoft::Applications::Events::FromJSON [0x00DA5B8C+660764]
	Microsoft::Applications::Events::FromJSON [0x00DA5498+658984]
	Microsoft::Applications::Events::FromJSON [0x00D96354+597220]
	Microsoft::Applications::Events::FromJSON [0x00DA6307+662679]
	Microsoft::Applications::Events::time_ticks_t::time_ticks_t [0x00A92A0D+823997]
	Microsoft::Applications::Events::time_ticks_t::time_ticks_t [0x00A85C78+771368]
	Microsoft::Applications::Events::time_ticks_t::time_ticks_t [0x00A85E5A+771850]
	Microsoft::Applications::Events::time_ticks_t::time_ticks_t [0x00A6E885+676149]
	BaseThreadInitThunk [0x76987BA9+25]
	RtlInitializeExceptionChain [0x7768C0CB+107]
	RtlClearBits [0x7768C04F+191]

	at org.openqa.selenium.remote.W3CHandshakeResponse.lambda$errorHandler$0(W3CHandshakeResponse.java:62)
	at org.openqa.selenium.remote.HandshakeResponse.lambda$getResponseFunction$0(HandshakeResponse.java:30)
	at org.openqa.selenium.remote.ProtocolHandshake.lambda$createSession$0(ProtocolHandshake.java:126)
	at org.openqa.selenium.remote.ProtocolHandshake.createSession(ProtocolHandshake.java:128)
	at org.openqa.selenium.remote.ProtocolHandshake.createSession(ProtocolHandshake.java:74)
	at org.openqa.selenium.remote.HttpCommandExecutor.execute(HttpCommandExecutor.java:136)
	at org.openqa.selenium.remote.service.DriverCommandExecutor.execute(DriverCommandExecutor.java:83)
	at org.openqa.selenium.remote.RemoteWebDriver.execute(RemoteWebDriver.java:552)
	at com.kms.katalon.selenium.driver.CEdgeDriver.execute(CEdgeDriver.java:20)
	at org.openqa.selenium.remote.RemoteWebDriver.startSession(RemoteWebDriver.java:213)
	at org.openqa.selenium.remote.RemoteWebDriver.&lt;init&gt;(RemoteWebDriver.java:131)
	at org.openqa.selenium.edge.EdgeDriver.&lt;init&gt;(EdgeDriver.java:154)
	at com.kms.katalon.selenium.driver.CEdgeDriver.&lt;init&gt;(CEdgeDriver.java:14)
	at com.kms.katalon.core.webui.driver.DriverFactory.createNewEdgeChromiumDriver(DriverFactory.java:674)
	at com.kms.katalon.core.webui.driver.DriverFactory.startNewBrowser(DriverFactory.java:389)
	at com.kms.katalon.core.webui.driver.DriverFactory.openWebDriver(DriverFactory.java:263)
	at com.kms.katalon.core.webui.keyword.builtin.OpenBrowserKeyword$_openBrowser_closure1.doCall(OpenBrowserKeyword.groovy:74)
	at com.kms.katalon.core.webui.keyword.builtin.OpenBrowserKeyword$_openBrowser_closure1.call(OpenBrowserKeyword.groovy)
	at com.kms.katalon.core.webui.keyword.internal.WebUIKeywordMain.runKeyword(WebUIKeywordMain.groovy:20)
	at com.kms.katalon.core.webui.keyword.builtin.OpenBrowserKeyword.openBrowser(OpenBrowserKeyword.groovy:81)
	at com.kms.katalon.core.webui.keyword.builtin.OpenBrowserKeyword.execute(OpenBrowserKeyword.groovy:67)
	at com.kms.katalon.core.keyword.internal.KeywordExecutor.executeKeywordForPlatform(KeywordExecutor.groovy:74)
	at com.kms.katalon.core.webui.keyword.WebUiBuiltInKeywords.openBrowser(WebUiBuiltInKeywords.groovy:64)
	at com.kms.katalon.core.webui.keyword.WebUiBuiltInKeywords$openBrowser.call(Unknown Source)
	at Principal-Home.run(Principal-Home:20)
	at com.kms.katalon.core.main.ScriptEngine.run(ScriptEngine.java:194)
	at com.kms.katalon.core.main.ScriptEngine.runScriptAsRawText(ScriptEngine.java:119)
	at com.kms.katalon.core.main.TestCaseExecutor.runScript(TestCaseExecutor.java:448)
	at com.kms.katalon.core.main.TestCaseExecutor.doExecute(TestCaseExecutor.java:439)
	at com.kms.katalon.core.main.TestCaseExecutor.processExecutionPhase(TestCaseExecutor.java:418)
	at com.kms.katalon.core.main.TestCaseExecutor.accessMainPhase(TestCaseExecutor.java:410)
	at com.kms.katalon.core.main.TestCaseExecutor.execute(TestCaseExecutor.java:285)
	at com.kms.katalon.core.main.TestCaseMain.runTestCase(TestCaseMain.java:144)
	at com.kms.katalon.core.keyword.builtin.CallTestCaseKeyword$_callTestCase_closure1.doCall(CallTestCaseKeyword.groovy:59)
	at com.kms.katalon.core.keyword.builtin.CallTestCaseKeyword$_callTestCase_closure1.call(CallTestCaseKeyword.groovy)
	at com.kms.katalon.core.keyword.internal.KeywordMain.runKeyword(KeywordMain.groovy:75)
	at com.kms.katalon.core.keyword.builtin.CallTestCaseKeyword.callTestCase(CallTestCaseKeyword.groovy:81)
	at com.kms.katalon.core.keyword.builtin.CallTestCaseKeyword.execute(CallTestCaseKeyword.groovy:44)
	at com.kms.katalon.core.keyword.internal.KeywordExecutor.executeKeywordForPlatform(KeywordExecutor.groovy:74)
	at com.kms.katalon.core.keyword.BuiltinKeywords.callTestCase(BuiltinKeywords.groovy:310)
	at 6. Limpiar y digitar dirección.run(6. Limpiar y digitar dirección:20)
	at com.kms.katalon.core.main.ScriptEngine.run(ScriptEngine.java:194)
	at com.kms.katalon.core.main.ScriptEngine.runScriptAsRawText(ScriptEngine.java:119)
	at com.kms.katalon.core.main.TestCaseExecutor.runScript(TestCaseExecutor.java:448)
	at com.kms.katalon.core.main.TestCaseExecutor.doExecute(TestCaseExecutor.java:439)
	at com.kms.katalon.core.main.TestCaseExecutor.processExecutionPhase(TestCaseExecutor.java:418)
	at com.kms.katalon.core.main.TestCaseExecutor.accessMainPhase(TestCaseExecutor.java:410)
	at com.kms.katalon.core.main.TestCaseExecutor.execute(TestCaseExecutor.java:285)
	at com.kms.katalon.core.common.CommonExecutor.accessTestCaseMainPhase(CommonExecutor.java:65)
	at com.kms.katalon.core.main.TestSuiteExecutor.accessTestSuiteMainPhase(TestSuiteExecutor.java:148)
	at com.kms.katalon.core.main.TestSuiteExecutor.execute(TestSuiteExecutor.java:106)
	at com.kms.katalon.core.main.TestCaseMain.startTestSuite(TestCaseMain.java:187)
	at com.kms.katalon.core.main.TestCaseMain$startTestSuite$0.call(Unknown Source)
	at TempTestSuite1738842962897.run(TempTestSuite1738842962897.groovy:35)
</property>
  <property name="failed.exception.class">org.openqa.selenium.SessionNotCreatedException</property>
  <property name="failed.exception.message">session not created: This version of Microsoft Edge WebDriver only supports Microsoft Edge version 130
Current browser version is 132.0.2957.140 with binary path C:\Program Files (x86)\Microsoft\Edge\Application\msedge.exe
Build info: version: &apos;3.141.59&apos;, revision: &apos;e82be7d358&apos;, time: &apos;2018-11-14T08:25:53&apos;
System info: host: &apos;DL0097&apos;, ip: &apos;10.136.10.15&apos;, os.name: &apos;Windows 10&apos;, os.arch: &apos;amd64&apos;, os.version: &apos;10.0&apos;, java.version: &apos;1.8.0_282&apos;
Driver info: driver.version: CEdgeDriver
remote stacktrace: 	GetHandleVerifier [0x00BDA2F3+37491]
	Microsoft::Applications::Events::time_ticks_t::time_ticks_t [0x00A7CB76+734246]
	Microsoft::Applications::Events::ILogConfiguration::operator* [0x0085471A+3482]
	Microsoft::Applications::Events::GUID_t::GUID_t [0x0087DBFA+65914]
	Microsoft::Applications::Events::GUID_t::GUID_t [0x0087D194+63252]
	Microsoft::Applications::Events::GUID_t::GUID_t [0x0087A37B+51451]
	Microsoft::Applications::Events::GUID_t::GUID_t [0x008760C8+34376]
	Microsoft::Applications::Events::GUID_t::GUID_t [0x008A79F7+237431]
	Microsoft::Applications::Events::GUID_t::GUID_t [0x008A722C+235436]
	Microsoft::Applications::Events::GUID_t::GUID_t [0x0089E0C6+198214]
	Microsoft::Applications::Events::GUID_t::GUID_t [0x00880B2F+77999]
	Microsoft::Applications::Events::GUID_t::GUID_t [0x0087FB99+74009]
	Microsoft::Applications::Events::GUID_t::GUID_t [0x0088057D+76541]
	GetHandleVerifier [0x00C5203C+528316]
	Microsoft::Applications::Events::FromJSON [0x00DA5B8C+660764]
	Microsoft::Applications::Events::FromJSON [0x00DA5498+658984]
	Microsoft::Applications::Events::FromJSON [0x00D96354+597220]
	Microsoft::Applications::Events::FromJSON [0x00DA6307+662679]
	Microsoft::Applications::Events::time_ticks_t::time_ticks_t [0x00A92A0D+823997]
	Microsoft::Applications::Events::time_ticks_t::time_ticks_t [0x00A85C78+771368]
	Microsoft::Applications::Events::time_ticks_t::time_ticks_t [0x00A85E5A+771850]
	Microsoft::Applications::Events::time_ticks_t::time_ticks_t [0x00A6E885+676149]
	BaseThreadInitThunk [0x76987BA9+25]
	RtlInitializeExceptionChain [0x7768C0CB+107]
	RtlClearBits [0x7768C04F+191]
</property>
</record>
<record>
  <date>2025-02-06T06:56:12</date>
  <millis>1738842972902</millis>
  <sequence>28</sequence>
  <level>END</level>
  <class>com.kms.katalon.core.logging.XmlKeywordLogger</class>
  <method>endTest</method>
  <thread>1</thread>
  <message>End Test Case : Test Cases/Registro_Envíos/1.Inicio/1.Principal/Principal-Home</message>
  <nestedLevel>1</nestedLevel>
  <escapedJava>false</escapedJava>
</record>
<record>
  <date>2025-02-06T06:56:12</date>
  <millis>1738842972907</millis>
  <sequence>33</sequence>
  <level>FAILED</level>
  <class>com.kms.katalon.core.logging.XmlKeywordLogger</class>
  <method>logMessage</method>
  <thread>1</thread>
  <message>Unable to call Test Case &amp;apos;Test Cases/Registro_Envíos/1.Inicio/1.Principal/Principal-Home&amp;apos; (Root cause: com.kms.katalon.core.exception.StepFailedException: Call Test Case &amp;apos;Test Cases/Registro_Envíos/1.Inicio/1.Principal/Principal-Home&amp;apos; failed
	at com.kms.katalon.core.keyword.builtin.CallTestCaseKeyword$_callTestCase_closure1.doCall(CallTestCaseKeyword.groovy:63)
	at com.kms.katalon.core.keyword.builtin.CallTestCaseKeyword$_callTestCase_closure1.call(CallTestCaseKeyword.groovy)
	at com.kms.katalon.core.keyword.internal.KeywordMain.runKeyword(KeywordMain.groovy:75)
	at com.kms.katalon.core.keyword.builtin.CallTestCaseKeyword.callTestCase(CallTestCaseKeyword.groovy:81)
	at com.kms.katalon.core.keyword.builtin.CallTestCaseKeyword.execute(CallTestCaseKeyword.groovy:44)
	at com.kms.katalon.core.keyword.internal.KeywordExecutor.executeKeywordForPlatform(KeywordExecutor.groovy:74)
	at com.kms.katalon.core.keyword.BuiltinKeywords.callTestCase(BuiltinKeywords.groovy:310)
	at 6. Limpiar y digitar dirección.run(6. Limpiar y digitar dirección:20)
	at com.kms.katalon.core.main.ScriptEngine.run(ScriptEngine.java:194)
	at com.kms.katalon.core.main.ScriptEngine.runScriptAsRawText(ScriptEngine.java:119)
	at com.kms.katalon.core.main.TestCaseExecutor.runScript(TestCaseExecutor.java:448)
	at com.kms.katalon.core.main.TestCaseExecutor.doExecute(TestCaseExecutor.java:439)
	at com.kms.katalon.core.main.TestCaseExecutor.processExecutionPhase(TestCaseExecutor.java:418)
	at com.kms.katalon.core.main.TestCaseExecutor.accessMainPhase(TestCaseExecutor.java:410)
	at com.kms.katalon.core.main.TestCaseExecutor.execute(TestCaseExecutor.java:285)
	at com.kms.katalon.core.common.CommonExecutor.accessTestCaseMainPhase(CommonExecutor.java:65)
	at com.kms.katalon.core.main.TestSuiteExecutor.accessTestSuiteMainPhase(TestSuiteExecutor.java:148)
	at com.kms.katalon.core.main.TestSuiteExecutor.execute(TestSuiteExecutor.java:106)
	at com.kms.katalon.core.main.TestCaseMain.startTestSuite(TestCaseMain.java:187)
	at com.kms.katalon.core.main.TestCaseMain$startTestSuite$0.call(Unknown Source)
	at TempTestSuite1738842962897.run(TempTestSuite1738842962897.groovy:35)
Caused by: com.kms.katalon.core.exception.StepFailedException: Unable to open browser with url: &amp;apos;&amp;apos;
	at com.kms.katalon.core.webui.keyword.internal.WebUIKeywordMain.stepFailed(WebUIKeywordMain.groovy:64)
	at com.kms.katalon.core.webui.keyword.internal.WebUIKeywordMain.runKeyword(WebUIKeywordMain.groovy:26)
	at com.kms.katalon.core.webui.keyword.builtin.OpenBrowserKeyword.openBrowser(OpenBrowserKeyword.groovy:81)
	at com.kms.katalon.core.webui.keyword.builtin.OpenBrowserKeyword.execute(OpenBrowserKeyword.groovy:67)
	at com.kms.katalon.core.keyword.internal.KeywordExecutor.executeKeywordForPlatform(KeywordExecutor.groovy:74)
	at com.kms.katalon.core.webui.keyword.WebUiBuiltInKeywords.openBrowser(WebUiBuiltInKeywords.groovy:64)
	at com.kms.katalon.core.webui.keyword.WebUiBuiltInKeywords$openBrowser.call(Unknown Source)
	at Principal-Home.run(Principal-Home:20)
	at com.kms.katalon.core.main.ScriptEngine.run(ScriptEngine.java:194)
	at com.kms.katalon.core.main.ScriptEngine.runScriptAsRawText(ScriptEngine.java:119)
	at com.kms.katalon.core.main.TestCaseExecutor.runScript(TestCaseExecutor.java:448)
	at com.kms.katalon.core.main.TestCaseExecutor.doExecute(TestCaseExecutor.java:439)
	at com.kms.katalon.core.main.TestCaseExecutor.processExecutionPhase(TestCaseExecutor.java:418)
	at com.kms.katalon.core.main.TestCaseExecutor.accessMainPhase(TestCaseExecutor.java:410)
	at com.kms.katalon.core.main.TestCaseExecutor.execute(TestCaseExecutor.java:285)
	at com.kms.katalon.core.main.TestCaseMain.runTestCase(TestCaseMain.java:144)
	at com.kms.katalon.core.keyword.builtin.CallTestCaseKeyword$_callTestCase_closure1.doCall(CallTestCaseKeyword.groovy:59)
	... 20 more
Caused by: org.openqa.selenium.SessionNotCreatedException: session not created: This version of Microsoft Edge WebDriver only supports Microsoft Edge version 130
Current browser version is 132.0.2957.140 with binary path C:\Program Files (x86)\Microsoft\Edge\Application\msedge.exe
Build info: version: &amp;apos;3.141.59&amp;apos;, revision: &amp;apos;e82be7d358&amp;apos;, time: &amp;apos;2018-11-14T08:25:53&amp;apos;
System info: host: &amp;apos;DL0097&amp;apos;, ip: &amp;apos;10.136.10.15&amp;apos;, os.name: &amp;apos;Windows 10&amp;apos;, os.arch: &amp;apos;amd64&amp;apos;, os.version: &amp;apos;10.0&amp;apos;, java.version: &amp;apos;1.8.0_282&amp;apos;
Driver info: driver.version: CEdgeDriver
remote stacktrace: 	GetHandleVerifier [0x00BDA2F3+37491]
	Microsoft::Applications::Events::time_ticks_t::time_ticks_t [0x00A7CB76+734246]
	Microsoft::Applications::Events::ILogConfiguration::operator* [0x0085471A+3482]
	Microsoft::Applications::Events::GUID_t::GUID_t [0x0087DBFA+65914]
	Microsoft::Applications::Events::GUID_t::GUID_t [0x0087D194+63252]
	Microsoft::Applications::Events::GUID_t::GUID_t [0x0087A37B+51451]
	Microsoft::Applications::Events::GUID_t::GUID_t [0x008760C8+34376]
	Microsoft::Applications::Events::GUID_t::GUID_t [0x008A79F7+237431]
	Microsoft::Applications::Events::GUID_t::GUID_t [0x008A722C+235436]
	Microsoft::Applications::Events::GUID_t::GUID_t [0x0089E0C6+198214]
	Microsoft::Applications::Events::GUID_t::GUID_t [0x00880B2F+77999]
	Microsoft::Applications::Events::GUID_t::GUID_t [0x0087FB99+74009]
	Microsoft::Applications::Events::GUID_t::GUID_t [0x0088057D+76541]
	GetHandleVerifier [0x00C5203C+528316]
	Microsoft::Applications::Events::FromJSON [0x00DA5B8C+660764]
	Microsoft::Applications::Events::FromJSON [0x00DA5498+658984]
	Microsoft::Applications::Events::FromJSON [0x00D96354+597220]
	Microsoft::Applications::Events::FromJSON [0x00DA6307+662679]
	Microsoft::Applications::Events::time_ticks_t::time_ticks_t [0x00A92A0D+823997]
	Microsoft::Applications::Events::time_ticks_t::time_ticks_t [0x00A85C78+771368]
	Microsoft::Applications::Events::time_ticks_t::time_ticks_t [0x00A85E5A+771850]
	Microsoft::Applications::Events::time_ticks_t::time_ticks_t [0x00A6E885+676149]
	BaseThreadInitThunk [0x76987BA9+25]
	RtlInitializeExceptionChain [0x7768C0CB+107]
	RtlClearBits [0x7768C04F+191]

	at org.openqa.selenium.remote.W3CHandshakeResponse.lambda$errorHandler$0(W3CHandshakeResponse.java:62)
	at org.openqa.selenium.remote.HandshakeResponse.lambda$getResponseFunction$0(HandshakeResponse.java:30)
	at org.openqa.selenium.remote.ProtocolHandshake.lambda$createSession$0(ProtocolHandshake.java:126)
	at org.openqa.selenium.remote.ProtocolHandshake.createSession(ProtocolHandshake.java:128)
	at org.openqa.selenium.remote.ProtocolHandshake.createSession(ProtocolHandshake.java:74)
	at org.openqa.selenium.remote.HttpCommandExecutor.execute(HttpCommandExecutor.java:136)
	at org.openqa.selenium.remote.service.DriverCommandExecutor.execute(DriverCommandExecutor.java:83)
	at org.openqa.selenium.remote.RemoteWebDriver.execute(RemoteWebDriver.java:552)
	at com.kms.katalon.selenium.driver.CEdgeDriver.execute(CEdgeDriver.java:20)
	at org.openqa.selenium.remote.RemoteWebDriver.startSession(RemoteWebDriver.java:213)
	at org.openqa.selenium.remote.RemoteWebDriver.&amp;lt;init&amp;gt;(RemoteWebDriver.java:131)
	at org.openqa.selenium.edge.EdgeDriver.&amp;lt;init&amp;gt;(EdgeDriver.java:154)
	at com.kms.katalon.selenium.driver.CEdgeDriver.&amp;lt;init&amp;gt;(CEdgeDriver.java:14)
	at com.kms.katalon.core.webui.driver.DriverFactory.createNewEdgeChromiumDriver(DriverFactory.java:674)
	at com.kms.katalon.core.webui.driver.DriverFactory.startNewBrowser(DriverFactory.java:389)
	at com.kms.katalon.core.webui.driver.DriverFactory.openWebDriver(DriverFactory.java:263)
	at com.kms.katalon.core.webui.keyword.builtin.OpenBrowserKeyword$_openBrowser_closure1.doCall(OpenBrowserKeyword.groovy:74)
	at com.kms.katalon.core.webui.keyword.builtin.OpenBrowserKeyword$_openBrowser_closure1.call(OpenBrowserKeyword.groovy)
	at com.kms.katalon.core.webui.keyword.internal.WebUIKeywordMain.runKeyword(WebUIKeywordMain.groovy:20)
	... 35 more
)</message>
  <nestedLevel>1</nestedLevel>
  <escapedJava>false</escapedJava>
  <property name="failed.exception.class">org.openqa.selenium.SessionNotCreatedException</property>
  <property name="failed.exception.stacktrace">org.openqa.selenium.SessionNotCreatedException: session not created: This version of Microsoft Edge WebDriver only supports Microsoft Edge version 130
Current browser version is 132.0.2957.140 with binary path C:\Program Files (x86)\Microsoft\Edge\Application\msedge.exe
Build info: version: &apos;3.141.59&apos;, revision: &apos;e82be7d358&apos;, time: &apos;2018-11-14T08:25:53&apos;
System info: host: &apos;DL0097&apos;, ip: &apos;10.136.10.15&apos;, os.name: &apos;Windows 10&apos;, os.arch: &apos;amd64&apos;, os.version: &apos;10.0&apos;, java.version: &apos;1.8.0_282&apos;
Driver info: driver.version: CEdgeDriver
remote stacktrace: 	GetHandleVerifier [0x00BDA2F3+37491]
	Microsoft::Applications::Events::time_ticks_t::time_ticks_t [0x00A7CB76+734246]
	Microsoft::Applications::Events::ILogConfiguration::operator* [0x0085471A+3482]
	Microsoft::Applications::Events::GUID_t::GUID_t [0x0087DBFA+65914]
	Microsoft::Applications::Events::GUID_t::GUID_t [0x0087D194+63252]
	Microsoft::Applications::Events::GUID_t::GUID_t [0x0087A37B+51451]
	Microsoft::Applications::Events::GUID_t::GUID_t [0x008760C8+34376]
	Microsoft::Applications::Events::GUID_t::GUID_t [0x008A79F7+237431]
	Microsoft::Applications::Events::GUID_t::GUID_t [0x008A722C+235436]
	Microsoft::Applications::Events::GUID_t::GUID_t [0x0089E0C6+198214]
	Microsoft::Applications::Events::GUID_t::GUID_t [0x00880B2F+77999]
	Microsoft::Applications::Events::GUID_t::GUID_t [0x0087FB99+74009]
	Microsoft::Applications::Events::GUID_t::GUID_t [0x0088057D+76541]
	GetHandleVerifier [0x00C5203C+528316]
	Microsoft::Applications::Events::FromJSON [0x00DA5B8C+660764]
	Microsoft::Applications::Events::FromJSON [0x00DA5498+658984]
	Microsoft::Applications::Events::FromJSON [0x00D96354+597220]
	Microsoft::Applications::Events::FromJSON [0x00DA6307+662679]
	Microsoft::Applications::Events::time_ticks_t::time_ticks_t [0x00A92A0D+823997]
	Microsoft::Applications::Events::time_ticks_t::time_ticks_t [0x00A85C78+771368]
	Microsoft::Applications::Events::time_ticks_t::time_ticks_t [0x00A85E5A+771850]
	Microsoft::Applications::Events::time_ticks_t::time_ticks_t [0x00A6E885+676149]
	BaseThreadInitThunk [0x76987BA9+25]
	RtlInitializeExceptionChain [0x7768C0CB+107]
	RtlClearBits [0x7768C04F+191]

	at org.openqa.selenium.remote.W3CHandshakeResponse.lambda$errorHandler$0(W3CHandshakeResponse.java:62)
	at org.openqa.selenium.remote.HandshakeResponse.lambda$getResponseFunction$0(HandshakeResponse.java:30)
	at org.openqa.selenium.remote.ProtocolHandshake.lambda$createSession$0(ProtocolHandshake.java:126)
	at org.openqa.selenium.remote.ProtocolHandshake.createSession(ProtocolHandshake.java:128)
	at org.openqa.selenium.remote.ProtocolHandshake.createSession(ProtocolHandshake.java:74)
	at org.openqa.selenium.remote.HttpCommandExecutor.execute(HttpCommandExecutor.java:136)
	at org.openqa.selenium.remote.service.DriverCommandExecutor.execute(DriverCommandExecutor.java:83)
	at org.openqa.selenium.remote.RemoteWebDriver.execute(RemoteWebDriver.java:552)
	at com.kms.katalon.selenium.driver.CEdgeDriver.execute(CEdgeDriver.java:20)
	at org.openqa.selenium.remote.RemoteWebDriver.startSession(RemoteWebDriver.java:213)
	at org.openqa.selenium.remote.RemoteWebDriver.&lt;init&gt;(RemoteWebDriver.java:131)
	at org.openqa.selenium.edge.EdgeDriver.&lt;init&gt;(EdgeDriver.java:154)
	at com.kms.katalon.selenium.driver.CEdgeDriver.&lt;init&gt;(CEdgeDriver.java:14)
	at com.kms.katalon.core.webui.driver.DriverFactory.createNewEdgeChromiumDriver(DriverFactory.java:674)
	at com.kms.katalon.core.webui.driver.DriverFactory.startNewBrowser(DriverFactory.java:389)
	at com.kms.katalon.core.webui.driver.DriverFactory.openWebDriver(DriverFactory.java:263)
	at com.kms.katalon.core.webui.keyword.builtin.OpenBrowserKeyword$_openBrowser_closure1.doCall(OpenBrowserKeyword.groovy:74)
	at com.kms.katalon.core.webui.keyword.builtin.OpenBrowserKeyword$_openBrowser_closure1.call(OpenBrowserKeyword.groovy)
	at com.kms.katalon.core.webui.keyword.internal.WebUIKeywordMain.runKeyword(WebUIKeywordMain.groovy:20)
	at com.kms.katalon.core.webui.keyword.builtin.OpenBrowserKeyword.openBrowser(OpenBrowserKeyword.groovy:81)
	at com.kms.katalon.core.webui.keyword.builtin.OpenBrowserKeyword.execute(OpenBrowserKeyword.groovy:67)
	at com.kms.katalon.core.keyword.internal.KeywordExecutor.executeKeywordForPlatform(KeywordExecutor.groovy:74)
	at com.kms.katalon.core.webui.keyword.WebUiBuiltInKeywords.openBrowser(WebUiBuiltInKeywords.groovy:64)
	at com.kms.katalon.core.webui.keyword.WebUiBuiltInKeywords$openBrowser.call(Unknown Source)
	at Principal-Home.run(Principal-Home:20)
	at com.kms.katalon.core.main.ScriptEngine.run(ScriptEngine.java:194)
	at com.kms.katalon.core.main.ScriptEngine.runScriptAsRawText(ScriptEngine.java:119)
	at com.kms.katalon.core.main.TestCaseExecutor.runScript(TestCaseExecutor.java:448)
	at com.kms.katalon.core.main.TestCaseExecutor.doExecute(TestCaseExecutor.java:439)
	at com.kms.katalon.core.main.TestCaseExecutor.processExecutionPhase(TestCaseExecutor.java:418)
	at com.kms.katalon.core.main.TestCaseExecutor.accessMainPhase(TestCaseExecutor.java:410)
	at com.kms.katalon.core.main.TestCaseExecutor.execute(TestCaseExecutor.java:285)
	at com.kms.katalon.core.main.TestCaseMain.runTestCase(TestCaseMain.java:144)
	at com.kms.katalon.core.keyword.builtin.CallTestCaseKeyword$_callTestCase_closure1.doCall(CallTestCaseKeyword.groovy:59)
	at com.kms.katalon.core.keyword.builtin.CallTestCaseKeyword$_callTestCase_closure1.call(CallTestCaseKeyword.groovy)
	at com.kms.katalon.core.keyword.internal.KeywordMain.runKeyword(KeywordMain.groovy:75)
	at com.kms.katalon.core.keyword.builtin.CallTestCaseKeyword.callTestCase(CallTestCaseKeyword.groovy:81)
	at com.kms.katalon.core.keyword.builtin.CallTestCaseKeyword.execute(CallTestCaseKeyword.groovy:44)
	at com.kms.katalon.core.keyword.internal.KeywordExecutor.executeKeywordForPlatform(KeywordExecutor.groovy:74)
	at com.kms.katalon.core.keyword.BuiltinKeywords.callTestCase(BuiltinKeywords.groovy:310)
	at 6. Limpiar y digitar dirección.run(6. Limpiar y digitar dirección:20)
	at com.kms.katalon.core.main.ScriptEngine.run(ScriptEngine.java:194)
	at com.kms.katalon.core.main.ScriptEngine.runScriptAsRawText(ScriptEngine.java:119)
	at com.kms.katalon.core.main.TestCaseExecutor.runScript(TestCaseExecutor.java:448)
	at com.kms.katalon.core.main.TestCaseExecutor.doExecute(TestCaseExecutor.java:439)
	at com.kms.katalon.core.main.TestCaseExecutor.processExecutionPhase(TestCaseExecutor.java:418)
	at com.kms.katalon.core.main.TestCaseExecutor.accessMainPhase(TestCaseExecutor.java:410)
	at com.kms.katalon.core.main.TestCaseExecutor.execute(TestCaseExecutor.java:285)
	at com.kms.katalon.core.common.CommonExecutor.accessTestCaseMainPhase(CommonExecutor.java:65)
	at com.kms.katalon.core.main.TestSuiteExecutor.accessTestSuiteMainPhase(TestSuiteExecutor.java:148)
	at com.kms.katalon.core.main.TestSuiteExecutor.execute(TestSuiteExecutor.java:106)
	at com.kms.katalon.core.main.TestCaseMain.startTestSuite(TestCaseMain.java:187)
	at com.kms.katalon.core.main.TestCaseMain$startTestSuite$0.call(Unknown Source)
	at TempTestSuite1738842962897.run(TempTestSuite1738842962897.groovy:35)
</property>
  <property name="failed.exception.message">session not created: This version of Microsoft Edge WebDriver only supports Microsoft Edge version 130
Current browser version is 132.0.2957.140 with binary path C:\Program Files (x86)\Microsoft\Edge\Application\msedge.exe
Build info: version: &apos;3.141.59&apos;, revision: &apos;e82be7d358&apos;, time: &apos;2018-11-14T08:25:53&apos;
System info: host: &apos;DL0097&apos;, ip: &apos;10.136.10.15&apos;, os.name: &apos;Windows 10&apos;, os.arch: &apos;amd64&apos;, os.version: &apos;10.0&apos;, java.version: &apos;1.8.0_282&apos;
Driver info: driver.version: CEdgeDriver
remote stacktrace: 	GetHandleVerifier [0x00BDA2F3+37491]
	Microsoft::Applications::Events::time_ticks_t::time_ticks_t [0x00A7CB76+734246]
	Microsoft::Applications::Events::ILogConfiguration::operator* [0x0085471A+3482]
	Microsoft::Applications::Events::GUID_t::GUID_t [0x0087DBFA+65914]
	Microsoft::Applications::Events::GUID_t::GUID_t [0x0087D194+63252]
	Microsoft::Applications::Events::GUID_t::GUID_t [0x0087A37B+51451]
	Microsoft::Applications::Events::GUID_t::GUID_t [0x008760C8+34376]
	Microsoft::Applications::Events::GUID_t::GUID_t [0x008A79F7+237431]
	Microsoft::Applications::Events::GUID_t::GUID_t [0x008A722C+235436]
	Microsoft::Applications::Events::GUID_t::GUID_t [0x0089E0C6+198214]
	Microsoft::Applications::Events::GUID_t::GUID_t [0x00880B2F+77999]
	Microsoft::Applications::Events::GUID_t::GUID_t [0x0087FB99+74009]
	Microsoft::Applications::Events::GUID_t::GUID_t [0x0088057D+76541]
	GetHandleVerifier [0x00C5203C+528316]
	Microsoft::Applications::Events::FromJSON [0x00DA5B8C+660764]
	Microsoft::Applications::Events::FromJSON [0x00DA5498+658984]
	Microsoft::Applications::Events::FromJSON [0x00D96354+597220]
	Microsoft::Applications::Events::FromJSON [0x00DA6307+662679]
	Microsoft::Applications::Events::time_ticks_t::time_ticks_t [0x00A92A0D+823997]
	Microsoft::Applications::Events::time_ticks_t::time_ticks_t [0x00A85C78+771368]
	Microsoft::Applications::Events::time_ticks_t::time_ticks_t [0x00A85E5A+771850]
	Microsoft::Applications::Events::time_ticks_t::time_ticks_t [0x00A6E885+676149]
	BaseThreadInitThunk [0x76987BA9+25]
	RtlInitializeExceptionChain [0x7768C0CB+107]
	RtlClearBits [0x7768C04F+191]
</property>
</record>
<record>
  <date>2025-02-06T06:56:12</date>
  <millis>1738842972915</millis>
  <sequence>37</sequence>
  <level>END</level>
  <class>com.kms.katalon.core.logging.XmlKeywordLogger</class>
  <method>endKeyword</method>
  <thread>1</thread>
  <message>End action : callTestCase(findTestCase(&amp;quot;Registro_Envíos/1.Inicio/1.Principal/Principal-Home&amp;quot;), [:], STOP_ON_FAILURE)</message>
  <nestedLevel>1</nestedLevel>
  <escapedJava>false</escapedJava>
</record>
<record>
  <date>2025-02-06T06:56:12</date>
  <millis>1738842972916</millis>
  <sequence>41</sequence>
  <level>FAILED</level>
  <class>com.kms.katalon.core.logging.XmlKeywordLogger</class>
  <method>logMessage</method>
  <thread>1</thread>
  <message>Test Cases/Registro_Envíos/3. Positivas/1. Paquetes/Origen Lima/2.Girley/Geo sin seleccionar/6. Limpiar y digitar dirección FAILED.
Reason:
com.kms.katalon.core.exception.StepFailedException: Call Test Case &amp;apos;Test Cases/Registro_Envíos/1.Inicio/1.Principal/Principal-Home&amp;apos; failed
	at com.kms.katalon.core.keyword.builtin.CallTestCaseKeyword$_callTestCase_closure1.doCall(CallTestCaseKeyword.groovy:63)
	at com.kms.katalon.core.keyword.builtin.CallTestCaseKeyword$_callTestCase_closure1.call(CallTestCaseKeyword.groovy)
	at com.kms.katalon.core.keyword.internal.KeywordMain.runKeyword(KeywordMain.groovy:75)
	at com.kms.katalon.core.keyword.builtin.CallTestCaseKeyword.callTestCase(CallTestCaseKeyword.groovy:81)
	at com.kms.katalon.core.keyword.builtin.CallTestCaseKeyword.execute(CallTestCaseKeyword.groovy:44)
	at com.kms.katalon.core.keyword.internal.KeywordExecutor.executeKeywordForPlatform(KeywordExecutor.groovy:74)
	at com.kms.katalon.core.keyword.BuiltinKeywords.callTestCase(BuiltinKeywords.groovy:310)
	at 6. Limpiar y digitar dirección.run(6. Limpiar y digitar dirección:20)
	at com.kms.katalon.core.main.ScriptEngine.run(ScriptEngine.java:194)
	at com.kms.katalon.core.main.ScriptEngine.runScriptAsRawText(ScriptEngine.java:119)
	at com.kms.katalon.core.main.TestCaseExecutor.runScript(TestCaseExecutor.java:448)
	at com.kms.katalon.core.main.TestCaseExecutor.doExecute(TestCaseExecutor.java:439)
	at com.kms.katalon.core.main.TestCaseExecutor.processExecutionPhase(TestCaseExecutor.java:418)
	at com.kms.katalon.core.main.TestCaseExecutor.accessMainPhase(TestCaseExecutor.java:410)
	at com.kms.katalon.core.main.TestCaseExecutor.execute(TestCaseExecutor.java:285)
	at com.kms.katalon.core.common.CommonExecutor.accessTestCaseMainPhase(CommonExecutor.java:65)
	at com.kms.katalon.core.main.TestSuiteExecutor.accessTestSuiteMainPhase(TestSuiteExecutor.java:148)
	at com.kms.katalon.core.main.TestSuiteExecutor.execute(TestSuiteExecutor.java:106)
	at com.kms.katalon.core.main.TestCaseMain.startTestSuite(TestCaseMain.java:187)
	at com.kms.katalon.core.main.TestCaseMain$startTestSuite$0.call(Unknown Source)
	at TempTestSuite1738842962897.run(TempTestSuite1738842962897.groovy:35)
Caused by: com.kms.katalon.core.exception.StepFailedException: Unable to open browser with url: &amp;apos;&amp;apos;
	at com.kms.katalon.core.webui.keyword.internal.WebUIKeywordMain.stepFailed(WebUIKeywordMain.groovy:64)
	at com.kms.katalon.core.webui.keyword.internal.WebUIKeywordMain.runKeyword(WebUIKeywordMain.groovy:26)
	at com.kms.katalon.core.webui.keyword.builtin.OpenBrowserKeyword.openBrowser(OpenBrowserKeyword.groovy:81)
	at com.kms.katalon.core.webui.keyword.builtin.OpenBrowserKeyword.execute(OpenBrowserKeyword.groovy:67)
	at com.kms.katalon.core.keyword.internal.KeywordExecutor.executeKeywordForPlatform(KeywordExecutor.groovy:74)
	at com.kms.katalon.core.webui.keyword.WebUiBuiltInKeywords.openBrowser(WebUiBuiltInKeywords.groovy:64)
	at com.kms.katalon.core.webui.keyword.WebUiBuiltInKeywords$openBrowser.call(Unknown Source)
	at Principal-Home.run(Principal-Home:20)
	at com.kms.katalon.core.main.ScriptEngine.run(ScriptEngine.java:194)
	at com.kms.katalon.core.main.ScriptEngine.runScriptAsRawText(ScriptEngine.java:119)
	at com.kms.katalon.core.main.TestCaseExecutor.runScript(TestCaseExecutor.java:448)
	at com.kms.katalon.core.main.TestCaseExecutor.doExecute(TestCaseExecutor.java:439)
	at com.kms.katalon.core.main.TestCaseExecutor.processExecutionPhase(TestCaseExecutor.java:418)
	at com.kms.katalon.core.main.TestCaseExecutor.accessMainPhase(TestCaseExecutor.java:410)
	at com.kms.katalon.core.main.TestCaseExecutor.execute(TestCaseExecutor.java:285)
	at com.kms.katalon.core.main.TestCaseMain.runTestCase(TestCaseMain.java:144)
	at com.kms.katalon.core.keyword.builtin.CallTestCaseKeyword$_callTestCase_closure1.doCall(CallTestCaseKeyword.groovy:59)
	... 20 more
Caused by: org.openqa.selenium.SessionNotCreatedException: session not created: This version of Microsoft Edge WebDriver only supports Microsoft Edge version 130
Current browser version is 132.0.2957.140 with binary path C:\Program Files (x86)\Microsoft\Edge\Application\msedge.exe
Build info: version: &amp;apos;3.141.59&amp;apos;, revision: &amp;apos;e82be7d358&amp;apos;, time: &amp;apos;2018-11-14T08:25:53&amp;apos;
System info: host: &amp;apos;DL0097&amp;apos;, ip: &amp;apos;10.136.10.15&amp;apos;, os.name: &amp;apos;Windows 10&amp;apos;, os.arch: &amp;apos;amd64&amp;apos;, os.version: &amp;apos;10.0&amp;apos;, java.version: &amp;apos;1.8.0_282&amp;apos;
Driver info: driver.version: CEdgeDriver
remote stacktrace: 	GetHandleVerifier [0x00BDA2F3+37491]
	Microsoft::Applications::Events::time_ticks_t::time_ticks_t [0x00A7CB76+734246]
	Microsoft::Applications::Events::ILogConfiguration::operator* [0x0085471A+3482]
	Microsoft::Applications::Events::GUID_t::GUID_t [0x0087DBFA+65914]
	Microsoft::Applications::Events::GUID_t::GUID_t [0x0087D194+63252]
	Microsoft::Applications::Events::GUID_t::GUID_t [0x0087A37B+51451]
	Microsoft::Applications::Events::GUID_t::GUID_t [0x008760C8+34376]
	Microsoft::Applications::Events::GUID_t::GUID_t [0x008A79F7+237431]
	Microsoft::Applications::Events::GUID_t::GUID_t [0x008A722C+235436]
	Microsoft::Applications::Events::GUID_t::GUID_t [0x0089E0C6+198214]
	Microsoft::Applications::Events::GUID_t::GUID_t [0x00880B2F+77999]
	Microsoft::Applications::Events::GUID_t::GUID_t [0x0087FB99+74009]
	Microsoft::Applications::Events::GUID_t::GUID_t [0x0088057D+76541]
	GetHandleVerifier [0x00C5203C+528316]
	Microsoft::Applications::Events::FromJSON [0x00DA5B8C+660764]
	Microsoft::Applications::Events::FromJSON [0x00DA5498+658984]
	Microsoft::Applications::Events::FromJSON [0x00D96354+597220]
	Microsoft::Applications::Events::FromJSON [0x00DA6307+662679]
	Microsoft::Applications::Events::time_ticks_t::time_ticks_t [0x00A92A0D+823997]
	Microsoft::Applications::Events::time_ticks_t::time_ticks_t [0x00A85C78+771368]
	Microsoft::Applications::Events::time_ticks_t::time_ticks_t [0x00A85E5A+771850]
	Microsoft::Applications::Events::time_ticks_t::time_ticks_t [0x00A6E885+676149]
	BaseThreadInitThunk [0x76987BA9+25]
	RtlInitializeExceptionChain [0x7768C0CB+107]
	RtlClearBits [0x7768C04F+191]

	at org.openqa.selenium.remote.W3CHandshakeResponse.lambda$errorHandler$0(W3CHandshakeResponse.java:62)
	at org.openqa.selenium.remote.HandshakeResponse.lambda$getResponseFunction$0(HandshakeResponse.java:30)
	at org.openqa.selenium.remote.ProtocolHandshake.lambda$createSession$0(ProtocolHandshake.java:126)
	at org.openqa.selenium.remote.ProtocolHandshake.createSession(ProtocolHandshake.java:128)
	at org.openqa.selenium.remote.ProtocolHandshake.createSession(ProtocolHandshake.java:74)
	at org.openqa.selenium.remote.HttpCommandExecutor.execute(HttpCommandExecutor.java:136)
	at org.openqa.selenium.remote.service.DriverCommandExecutor.execute(DriverCommandExecutor.java:83)
	at org.openqa.selenium.remote.RemoteWebDriver.execute(RemoteWebDriver.java:552)
	at com.kms.katalon.selenium.driver.CEdgeDriver.execute(CEdgeDriver.java:20)
	at org.openqa.selenium.remote.RemoteWebDriver.startSession(RemoteWebDriver.java:213)
	at org.openqa.selenium.remote.RemoteWebDriver.&amp;lt;init&amp;gt;(RemoteWebDriver.java:131)
	at org.openqa.selenium.edge.EdgeDriver.&amp;lt;init&amp;gt;(EdgeDriver.java:154)
	at com.kms.katalon.selenium.driver.CEdgeDriver.&amp;lt;init&amp;gt;(CEdgeDriver.java:14)
	at com.kms.katalon.core.webui.driver.DriverFactory.createNewEdgeChromiumDriver(DriverFactory.java:674)
	at com.kms.katalon.core.webui.driver.DriverFactory.startNewBrowser(DriverFactory.java:389)
	at com.kms.katalon.core.webui.driver.DriverFactory.openWebDriver(DriverFactory.java:263)
	at com.kms.katalon.core.webui.keyword.builtin.OpenBrowserKeyword$_openBrowser_closure1.doCall(OpenBrowserKeyword.groovy:74)
	at com.kms.katalon.core.webui.keyword.builtin.OpenBrowserKeyword$_openBrowser_closure1.call(OpenBrowserKeyword.groovy)
	at com.kms.katalon.core.webui.keyword.internal.WebUIKeywordMain.runKeyword(WebUIKeywordMain.groovy:20)
	... 35 more
</message>
  <exception>
    <message>com.kms.katalon.core.exception.StepFailedException: Call Test Case 'Test Cases/Registro_Envíos/1.Inicio/1.Principal/Principal-Home' failed</message>
    <frame>
      <class>com.kms.katalon.core.keyword.builtin.CallTestCaseKeyword$_callTestCase_closure1</class>
      <method>doCall</method>
      <line>63</line>
    </frame>
    <frame>
      <class>com.kms.katalon.core.keyword.builtin.CallTestCaseKeyword$_callTestCase_closure1</class>
      <method>call</method>
    </frame>
    <frame>
      <class>com.kms.katalon.core.keyword.internal.KeywordMain</class>
      <method>runKeyword</method>
      <line>75</line>
    </frame>
    <frame>
      <class>com.kms.katalon.core.keyword.builtin.CallTestCaseKeyword</class>
      <method>callTestCase</method>
      <line>81</line>
    </frame>
    <frame>
      <class>com.kms.katalon.core.keyword.builtin.CallTestCaseKeyword</class>
      <method>execute</method>
      <line>44</line>
    </frame>
    <frame>
      <class>com.kms.katalon.core.keyword.internal.KeywordExecutor</class>
      <method>executeKeywordForPlatform</method>
      <line>74</line>
    </frame>
    <frame>
      <class>com.kms.katalon.core.keyword.BuiltinKeywords</class>
      <method>callTestCase</method>
      <line>310</line>
    </frame>
    <frame>
      <class>6. Limpiar y digitar dirección</class>
      <method>run</method>
      <line>20</line>
    </frame>
    <frame>
      <class>com.kms.katalon.core.main.ScriptEngine</class>
      <method>run</method>
      <line>194</line>
    </frame>
    <frame>
      <class>com.kms.katalon.core.main.ScriptEngine</class>
      <method>runScriptAsRawText</method>
      <line>119</line>
    </frame>
    <frame>
      <class>com.kms.katalon.core.main.TestCaseExecutor</class>
      <method>runScript</method>
      <line>448</line>
    </frame>
    <frame>
      <class>com.kms.katalon.core.main.TestCaseExecutor</class>
      <method>doExecute</method>
      <line>439</line>
    </frame>
    <frame>
      <class>com.kms.katalon.core.main.TestCaseExecutor</class>
      <method>processExecutionPhase</method>
      <line>418</line>
    </frame>
    <frame>
      <class>com.kms.katalon.core.main.TestCaseExecutor</class>
      <method>accessMainPhase</method>
      <line>410</line>
    </frame>
    <frame>
      <class>com.kms.katalon.core.main.TestCaseExecutor</class>
      <method>execute</method>
      <line>285</line>
    </frame>
    <frame>
      <class>com.kms.katalon.core.common.CommonExecutor</class>
      <method>accessTestCaseMainPhase</method>
      <line>65</line>
    </frame>
    <frame>
      <class>com.kms.katalon.core.main.TestSuiteExecutor</class>
      <method>accessTestSuiteMainPhase</method>
      <line>148</line>
    </frame>
    <frame>
      <class>com.kms.katalon.core.main.TestSuiteExecutor</class>
      <method>execute</method>
      <line>106</line>
    </frame>
    <frame>
      <class>com.kms.katalon.core.main.TestCaseMain</class>
      <method>startTestSuite</method>
      <line>187</line>
    </frame>
    <frame>
      <class>com.kms.katalon.core.main.TestCaseMain$startTestSuite$0</class>
      <method>call</method>
    </frame>
    <frame>
      <class>TempTestSuite1738842962897</class>
      <method>run</method>
      <line>35</line>
    </frame>
  </exception>
  <nestedLevel>0</nestedLevel>
  <escapedJava>false</escapedJava>
  <property name="failed.exception.stacktrace">org.openqa.selenium.SessionNotCreatedException: session not created: This version of Microsoft Edge WebDriver only supports Microsoft Edge version 130
Current browser version is 132.0.2957.140 with binary path C:\Program Files (x86)\Microsoft\Edge\Application\msedge.exe
Build info: version: &apos;3.141.59&apos;, revision: &apos;e82be7d358&apos;, time: &apos;2018-11-14T08:25:53&apos;
System info: host: &apos;DL0097&apos;, ip: &apos;10.136.10.15&apos;, os.name: &apos;Windows 10&apos;, os.arch: &apos;amd64&apos;, os.version: &apos;10.0&apos;, java.version: &apos;1.8.0_282&apos;
Driver info: driver.version: CEdgeDriver
remote stacktrace: 	GetHandleVerifier [0x00BDA2F3+37491]
	Microsoft::Applications::Events::time_ticks_t::time_ticks_t [0x00A7CB76+734246]
	Microsoft::Applications::Events::ILogConfiguration::operator* [0x0085471A+3482]
	Microsoft::Applications::Events::GUID_t::GUID_t [0x0087DBFA+65914]
	Microsoft::Applications::Events::GUID_t::GUID_t [0x0087D194+63252]
	Microsoft::Applications::Events::GUID_t::GUID_t [0x0087A37B+51451]
	Microsoft::Applications::Events::GUID_t::GUID_t [0x008760C8+34376]
	Microsoft::Applications::Events::GUID_t::GUID_t [0x008A79F7+237431]
	Microsoft::Applications::Events::GUID_t::GUID_t [0x008A722C+235436]
	Microsoft::Applications::Events::GUID_t::GUID_t [0x0089E0C6+198214]
	Microsoft::Applications::Events::GUID_t::GUID_t [0x00880B2F+77999]
	Microsoft::Applications::Events::GUID_t::GUID_t [0x0087FB99+74009]
	Microsoft::Applications::Events::GUID_t::GUID_t [0x0088057D+76541]
	GetHandleVerifier [0x00C5203C+528316]
	Microsoft::Applications::Events::FromJSON [0x00DA5B8C+660764]
	Microsoft::Applications::Events::FromJSON [0x00DA5498+658984]
	Microsoft::Applications::Events::FromJSON [0x00D96354+597220]
	Microsoft::Applications::Events::FromJSON [0x00DA6307+662679]
	Microsoft::Applications::Events::time_ticks_t::time_ticks_t [0x00A92A0D+823997]
	Microsoft::Applications::Events::time_ticks_t::time_ticks_t [0x00A85C78+771368]
	Microsoft::Applications::Events::time_ticks_t::time_ticks_t [0x00A85E5A+771850]
	Microsoft::Applications::Events::time_ticks_t::time_ticks_t [0x00A6E885+676149]
	BaseThreadInitThunk [0x76987BA9+25]
	RtlInitializeExceptionChain [0x7768C0CB+107]
	RtlClearBits [0x7768C04F+191]

	at org.openqa.selenium.remote.W3CHandshakeResponse.lambda$errorHandler$0(W3CHandshakeResponse.java:62)
	at org.openqa.selenium.remote.HandshakeResponse.lambda$getResponseFunction$0(HandshakeResponse.java:30)
	at org.openqa.selenium.remote.ProtocolHandshake.lambda$createSession$0(ProtocolHandshake.java:126)
	at org.openqa.selenium.remote.ProtocolHandshake.createSession(ProtocolHandshake.java:128)
	at org.openqa.selenium.remote.ProtocolHandshake.createSession(ProtocolHandshake.java:74)
	at org.openqa.selenium.remote.HttpCommandExecutor.execute(HttpCommandExecutor.java:136)
	at org.openqa.selenium.remote.service.DriverCommandExecutor.execute(DriverCommandExecutor.java:83)
	at org.openqa.selenium.remote.RemoteWebDriver.execute(RemoteWebDriver.java:552)
	at com.kms.katalon.selenium.driver.CEdgeDriver.execute(CEdgeDriver.java:20)
	at org.openqa.selenium.remote.RemoteWebDriver.startSession(RemoteWebDriver.java:213)
	at org.openqa.selenium.remote.RemoteWebDriver.&lt;init&gt;(RemoteWebDriver.java:131)
	at org.openqa.selenium.edge.EdgeDriver.&lt;init&gt;(EdgeDriver.java:154)
	at com.kms.katalon.selenium.driver.CEdgeDriver.&lt;init&gt;(CEdgeDriver.java:14)
	at com.kms.katalon.core.webui.driver.DriverFactory.createNewEdgeChromiumDriver(DriverFactory.java:674)
	at com.kms.katalon.core.webui.driver.DriverFactory.startNewBrowser(DriverFactory.java:389)
	at com.kms.katalon.core.webui.driver.DriverFactory.openWebDriver(DriverFactory.java:263)
	at com.kms.katalon.core.webui.keyword.builtin.OpenBrowserKeyword$_openBrowser_closure1.doCall(OpenBrowserKeyword.groovy:74)
	at com.kms.katalon.core.webui.keyword.builtin.OpenBrowserKeyword$_openBrowser_closure1.call(OpenBrowserKeyword.groovy)
	at com.kms.katalon.core.webui.keyword.internal.WebUIKeywordMain.runKeyword(WebUIKeywordMain.groovy:20)
	at com.kms.katalon.core.webui.keyword.builtin.OpenBrowserKeyword.openBrowser(OpenBrowserKeyword.groovy:81)
	at com.kms.katalon.core.webui.keyword.builtin.OpenBrowserKeyword.execute(OpenBrowserKeyword.groovy:67)
	at com.kms.katalon.core.keyword.internal.KeywordExecutor.executeKeywordForPlatform(KeywordExecutor.groovy:74)
	at com.kms.katalon.core.webui.keyword.WebUiBuiltInKeywords.openBrowser(WebUiBuiltInKeywords.groovy:64)
	at com.kms.katalon.core.webui.keyword.WebUiBuiltInKeywords$openBrowser.call(Unknown Source)
	at Principal-Home.run(Principal-Home:20)
	at com.kms.katalon.core.main.ScriptEngine.run(ScriptEngine.java:194)
	at com.kms.katalon.core.main.ScriptEngine.runScriptAsRawText(ScriptEngine.java:119)
	at com.kms.katalon.core.main.TestCaseExecutor.runScript(TestCaseExecutor.java:448)
	at com.kms.katalon.core.main.TestCaseExecutor.doExecute(TestCaseExecutor.java:439)
	at com.kms.katalon.core.main.TestCaseExecutor.processExecutionPhase(TestCaseExecutor.java:418)
	at com.kms.katalon.core.main.TestCaseExecutor.accessMainPhase(TestCaseExecutor.java:410)
	at com.kms.katalon.core.main.TestCaseExecutor.execute(TestCaseExecutor.java:285)
	at com.kms.katalon.core.main.TestCaseMain.runTestCase(TestCaseMain.java:144)
	at com.kms.katalon.core.keyword.builtin.CallTestCaseKeyword$_callTestCase_closure1.doCall(CallTestCaseKeyword.groovy:59)
	at com.kms.katalon.core.keyword.builtin.CallTestCaseKeyword$_callTestCase_closure1.call(CallTestCaseKeyword.groovy)
	at com.kms.katalon.core.keyword.internal.KeywordMain.runKeyword(KeywordMain.groovy:75)
	at com.kms.katalon.core.keyword.builtin.CallTestCaseKeyword.callTestCase(CallTestCaseKeyword.groovy:81)
	at com.kms.katalon.core.keyword.builtin.CallTestCaseKeyword.execute(CallTestCaseKeyword.groovy:44)
	at com.kms.katalon.core.keyword.internal.KeywordExecutor.executeKeywordForPlatform(KeywordExecutor.groovy:74)
	at com.kms.katalon.core.keyword.BuiltinKeywords.callTestCase(BuiltinKeywords.groovy:310)
	at 6. Limpiar y digitar dirección.run(6. Limpiar y digitar dirección:20)
	at com.kms.katalon.core.main.ScriptEngine.run(ScriptEngine.java:194)
	at com.kms.katalon.core.main.ScriptEngine.runScriptAsRawText(ScriptEngine.java:119)
	at com.kms.katalon.core.main.TestCaseExecutor.runScript(TestCaseExecutor.java:448)
	at com.kms.katalon.core.main.TestCaseExecutor.doExecute(TestCaseExecutor.java:439)
	at com.kms.katalon.core.main.TestCaseExecutor.processExecutionPhase(TestCaseExecutor.java:418)
	at com.kms.katalon.core.main.TestCaseExecutor.accessMainPhase(TestCaseExecutor.java:410)
	at com.kms.katalon.core.main.TestCaseExecutor.execute(TestCaseExecutor.java:285)
	at com.kms.katalon.core.common.CommonExecutor.accessTestCaseMainPhase(CommonExecutor.java:65)
	at com.kms.katalon.core.main.TestSuiteExecutor.accessTestSuiteMainPhase(TestSuiteExecutor.java:148)
	at com.kms.katalon.core.main.TestSuiteExecutor.execute(TestSuiteExecutor.java:106)
	at com.kms.katalon.core.main.TestCaseMain.startTestSuite(TestCaseMain.java:187)
	at com.kms.katalon.core.main.TestCaseMain$startTestSuite$0.call(Unknown Source)
	at TempTestSuite1738842962897.run(TempTestSuite1738842962897.groovy:35)
</property>
  <property name="failed.exception.class">org.openqa.selenium.SessionNotCreatedException</property>
  <property name="failed.exception.message">session not created: This version of Microsoft Edge WebDriver only supports Microsoft Edge version 130
Current browser version is 132.0.2957.140 with binary path C:\Program Files (x86)\Microsoft\Edge\Application\msedge.exe
Build info: version: &apos;3.141.59&apos;, revision: &apos;e82be7d358&apos;, time: &apos;2018-11-14T08:25:53&apos;
System info: host: &apos;DL0097&apos;, ip: &apos;10.136.10.15&apos;, os.name: &apos;Windows 10&apos;, os.arch: &apos;amd64&apos;, os.version: &apos;10.0&apos;, java.version: &apos;1.8.0_282&apos;
Driver info: driver.version: CEdgeDriver
remote stacktrace: 	GetHandleVerifier [0x00BDA2F3+37491]
	Microsoft::Applications::Events::time_ticks_t::time_ticks_t [0x00A7CB76+734246]
	Microsoft::Applications::Events::ILogConfiguration::operator* [0x0085471A+3482]
	Microsoft::Applications::Events::GUID_t::GUID_t [0x0087DBFA+65914]
	Microsoft::Applications::Events::GUID_t::GUID_t [0x0087D194+63252]
	Microsoft::Applications::Events::GUID_t::GUID_t [0x0087A37B+51451]
	Microsoft::Applications::Events::GUID_t::GUID_t [0x008760C8+34376]
	Microsoft::Applications::Events::GUID_t::GUID_t [0x008A79F7+237431]
	Microsoft::Applications::Events::GUID_t::GUID_t [0x008A722C+235436]
	Microsoft::Applications::Events::GUID_t::GUID_t [0x0089E0C6+198214]
	Microsoft::Applications::Events::GUID_t::GUID_t [0x00880B2F+77999]
	Microsoft::Applications::Events::GUID_t::GUID_t [0x0087FB99+74009]
	Microsoft::Applications::Events::GUID_t::GUID_t [0x0088057D+76541]
	GetHandleVerifier [0x00C5203C+528316]
	Microsoft::Applications::Events::FromJSON [0x00DA5B8C+660764]
	Microsoft::Applications::Events::FromJSON [0x00DA5498+658984]
	Microsoft::Applications::Events::FromJSON [0x00D96354+597220]
	Microsoft::Applications::Events::FromJSON [0x00DA6307+662679]
	Microsoft::Applications::Events::time_ticks_t::time_ticks_t [0x00A92A0D+823997]
	Microsoft::Applications::Events::time_ticks_t::time_ticks_t [0x00A85C78+771368]
	Microsoft::Applications::Events::time_ticks_t::time_ticks_t [0x00A85E5A+771850]
	Microsoft::Applications::Events::time_ticks_t::time_ticks_t [0x00A6E885+676149]
	BaseThreadInitThunk [0x76987BA9+25]
	RtlInitializeExceptionChain [0x7768C0CB+107]
	RtlClearBits [0x7768C04F+191]
</property>
</record>
<record>
  <date>2025-02-06T06:56:12</date>
  <millis>1738842972916</millis>
  <sequence>43</sequence>
  <level>END</level>
  <class>com.kms.katalon.core.logging.XmlKeywordLogger</class>
  <method>endTest</method>
  <thread>1</thread>
  <message>End Test Case : Test Cases/Registro_Envíos/3. Positivas/1. Paquetes/Origen Lima/2.Girley/Geo sin seleccionar/6. Limpiar y digitar dirección</message>
  <nestedLevel>0</nestedLevel>
  <escapedJava>false</escapedJava>
  <property name="executionBindingVariables">[]</property>
  <property name="applitools">false</property>
  <property name="keywordsUsage">{
  &quot;web_ui&quot;: true,
  &quot;web_service&quot;: false,
  &quot;cucumber&quot;: false,
  &quot;builtin&quot;: true,
  &quot;mobile&quot;: false,
  &quot;windows&quot;: false,
  &quot;testng&quot;: false
}</property>
</record>
<record>
  <date>2025-02-06T06:56:12</date>
  <millis>1738842972923</millis>
  <sequence>44</sequence>
  <level>START</level>
  <class>com.kms.katalon.core.logging.XmlKeywordLogger</class>
  <method>startTest</method>
  <thread>1</thread>
  <message>Start Test Case : Test Cases/Registro_Envíos/3. Positivas/1. Paquetes/Origen Lima/2.Girley/Geo sin seleccionar/5. Dirección distinta al destino</message>
  <nestedLevel>1</nestedLevel>
  <escapedJava>false</escapedJava>
  <property name="name">Test Cases/Registro_Envíos/3. Positivas/1. Paquetes/Origen Lima/2.Girley/Geo sin seleccionar/5. Dirección distinta al destino</property>
  <property name="description"></property>
  <property name="iteration"></property>
  <property name="id">Test Cases/Registro_Envíos/3. Positivas/1. Paquetes/Origen Lima/2.Girley/Geo sin seleccionar/5. Dirección distinta al destino</property>
  <property name="source">F:\Git\RegistroEnvios\Test Cases\Registro_Envíos\3. Positivas\1. Paquetes\Origen Lima\2.Girley\Geo sin seleccionar\5. Dirección distinta al destino.tc</property>
  <property name="tag"></property>
  <property name="isOptional">false</property>
</record>
<record>
  <date>2025-02-06T06:56:13</date>
  <millis>1738842973118</millis>
  <sequence>46</sequence>
  <level>START</level>
  <class>com.kms.katalon.core.logging.XmlKeywordLogger</class>
  <method>startKeyword</method>
  <thread>1</thread>
  <message>Start action : callTestCase(findTestCase(&amp;quot;Registro_Envíos/1.Inicio/1.Principal/Principal-Home&amp;quot;), [:], STOP_ON_FAILURE)</message>
  <nestedLevel>1</nestedLevel>
  <escapedJava>false</escapedJava>
  <property name="startLine">20</property>
  <property name="stepIndex">1</property>
</record>
<record>
  <date>2025-02-06T06:56:13</date>
  <millis>1738842973175</millis>
  <sequence>49</sequence>
  <level>START</level>
  <class>com.kms.katalon.core.logging.XmlKeywordLogger</class>
  <method>startTest</method>
  <thread>1</thread>
  <message>Start Test Case : Test Cases/Registro_Envíos/1.Inicio/1.Principal/Principal-Home</message>
  <nestedLevel>2</nestedLevel>
  <escapedJava>false</escapedJava>
  <property name="name">Test Cases/Registro_Envíos/1.Inicio/1.Principal/Principal-Home</property>
  <property name="description"></property>
  <property name="iteration"></property>
  <property name="id">Test Cases/Registro_Envíos/1.Inicio/1.Principal/Principal-Home</property>
  <property name="source">F:\Git\RegistroEnvios\Test Cases\Registro_Envíos\1.Inicio\1.Principal\Principal-Home.tc</property>
  <property name="tag"></property>
  <property name="isOptional">false</property>
</record>
<record>
  <date>2025-02-06T06:56:13</date>
  <millis>1738842973175</millis>
  <sequence>51</sequence>
  <level>START</level>
  <class>com.kms.katalon.core.logging.XmlKeywordLogger</class>
  <method>startKeyword</method>
  <thread>1</thread>
  <message>Start action : openBrowser(&amp;quot;&amp;quot;)</message>
  <nestedLevel>1</nestedLevel>
  <escapedJava>false</escapedJava>
  <property name="startLine">20</property>
  <property name="stepIndex">1</property>
</record>
<record>
  <date>2025-02-06T06:56:13</date>
  <millis>1738842973182</millis>
  <sequence>53</sequence>
  <level>INFO</level>
  <class>com.kms.katalon.core.logging.XmlKeywordLogger</class>
  <method>logMessage</method>
  <thread>1</thread>
  <message>Starting &amp;apos;Edge Chromium&amp;apos; driver</message>
  <nestedLevel>2</nestedLevel>
  <escapedJava>false</escapedJava>
</record>
<record>
  <date>2025-02-06T06:56:13</date>
  <millis>1738842973182</millis>
  <sequence>55</sequence>
  <level>INFO</level>
  <class>com.kms.katalon.core.logging.XmlKeywordLogger</class>
  <method>logMessage</method>
  <thread>1</thread>
  <message>Action delay is set to 0 milliseconds</message>
  <nestedLevel>2</nestedLevel>
  <escapedJava>false</escapedJava>
</record>
<record>
  <date>2025-02-06T06:56:13</date>
  <millis>1738842973879</millis>
  <sequence>59</sequence>
  <level>FAILED</level>
  <class>com.kms.katalon.core.logging.XmlKeywordLogger</class>
  <method>logMessage</method>
  <thread>1</thread>
  <message>Unable to open browser with url: &amp;apos;&amp;apos; (Root cause: com.kms.katalon.core.exception.StepFailedException: Unable to open browser with url: &amp;apos;&amp;apos;
	at com.kms.katalon.core.webui.keyword.internal.WebUIKeywordMain.stepFailed(WebUIKeywordMain.groovy:64)
	at com.kms.katalon.core.webui.keyword.internal.WebUIKeywordMain.runKeyword(WebUIKeywordMain.groovy:26)
	at com.kms.katalon.core.webui.keyword.builtin.OpenBrowserKeyword.openBrowser(OpenBrowserKeyword.groovy:81)
	at com.kms.katalon.core.webui.keyword.builtin.OpenBrowserKeyword.execute(OpenBrowserKeyword.groovy:67)
	at com.kms.katalon.core.keyword.internal.KeywordExecutor.executeKeywordForPlatform(KeywordExecutor.groovy:74)
	at com.kms.katalon.core.webui.keyword.WebUiBuiltInKeywords.openBrowser(WebUiBuiltInKeywords.groovy:64)
	at com.kms.katalon.core.webui.keyword.WebUiBuiltInKeywords$openBrowser.call(Unknown Source)
	at Principal-Home.run(Principal-Home:20)
	at com.kms.katalon.core.main.ScriptEngine.run(ScriptEngine.java:194)
	at com.kms.katalon.core.main.ScriptEngine.runScriptAsRawText(ScriptEngine.java:119)
	at com.kms.katalon.core.main.TestCaseExecutor.runScript(TestCaseExecutor.java:448)
	at com.kms.katalon.core.main.TestCaseExecutor.doExecute(TestCaseExecutor.java:439)
	at com.kms.katalon.core.main.TestCaseExecutor.processExecutionPhase(TestCaseExecutor.java:418)
	at com.kms.katalon.core.main.TestCaseExecutor.accessMainPhase(TestCaseExecutor.java:410)
	at com.kms.katalon.core.main.TestCaseExecutor.execute(TestCaseExecutor.java:285)
	at com.kms.katalon.core.main.TestCaseMain.runTestCase(TestCaseMain.java:144)
	at com.kms.katalon.core.keyword.builtin.CallTestCaseKeyword$_callTestCase_closure1.doCall(CallTestCaseKeyword.groovy:59)
	at com.kms.katalon.core.keyword.builtin.CallTestCaseKeyword$_callTestCase_closure1.call(CallTestCaseKeyword.groovy)
	at com.kms.katalon.core.keyword.internal.KeywordMain.runKeyword(KeywordMain.groovy:75)
	at com.kms.katalon.core.keyword.builtin.CallTestCaseKeyword.callTestCase(CallTestCaseKeyword.groovy:81)
	at com.kms.katalon.core.keyword.builtin.CallTestCaseKeyword.execute(CallTestCaseKeyword.groovy:44)
	at com.kms.katalon.core.keyword.internal.KeywordExecutor.executeKeywordForPlatform(KeywordExecutor.groovy:74)
	at com.kms.katalon.core.keyword.BuiltinKeywords.callTestCase(BuiltinKeywords.groovy:310)
	at 5. Dirección distinta al destino.run(5. Dirección distinta al destino:20)
	at com.kms.katalon.core.main.ScriptEngine.run(ScriptEngine.java:194)
	at com.kms.katalon.core.main.ScriptEngine.runScriptAsRawText(ScriptEngine.java:119)
	at com.kms.katalon.core.main.TestCaseExecutor.runScript(TestCaseExecutor.java:448)
	at com.kms.katalon.core.main.TestCaseExecutor.doExecute(TestCaseExecutor.java:439)
	at com.kms.katalon.core.main.TestCaseExecutor.processExecutionPhase(TestCaseExecutor.java:418)
	at com.kms.katalon.core.main.TestCaseExecutor.accessMainPhase(TestCaseExecutor.java:410)
	at com.kms.katalon.core.main.TestCaseExecutor.execute(TestCaseExecutor.java:285)
	at com.kms.katalon.core.common.CommonExecutor.accessTestCaseMainPhase(CommonExecutor.java:65)
	at com.kms.katalon.core.main.TestSuiteExecutor.accessTestSuiteMainPhase(TestSuiteExecutor.java:148)
	at com.kms.katalon.core.main.TestSuiteExecutor.execute(TestSuiteExecutor.java:106)
	at com.kms.katalon.core.main.TestCaseMain.startTestSuite(TestCaseMain.java:187)
	at com.kms.katalon.core.main.TestCaseMain$startTestSuite$0.call(Unknown Source)
	at TempTestSuite1738842962897.run(TempTestSuite1738842962897.groovy:35)
Caused by: org.openqa.selenium.SessionNotCreatedException: session not created: This version of Microsoft Edge WebDriver only supports Microsoft Edge version 130
Current browser version is 132.0.2957.140 with binary path C:\Program Files (x86)\Microsoft\Edge\Application\msedge.exe
Build info: version: &amp;apos;3.141.59&amp;apos;, revision: &amp;apos;e82be7d358&amp;apos;, time: &amp;apos;2018-11-14T08:25:53&amp;apos;
System info: host: &amp;apos;DL0097&amp;apos;, ip: &amp;apos;10.136.10.15&amp;apos;, os.name: &amp;apos;Windows 10&amp;apos;, os.arch: &amp;apos;amd64&amp;apos;, os.version: &amp;apos;10.0&amp;apos;, java.version: &amp;apos;1.8.0_282&amp;apos;
Driver info: driver.version: CEdgeDriver
remote stacktrace: 	GetHandleVerifier [0x00BDA2F3+37491]
	Microsoft::Applications::Events::time_ticks_t::time_ticks_t [0x00A7CB76+734246]
	Microsoft::Applications::Events::ILogConfiguration::operator* [0x0085471A+3482]
	Microsoft::Applications::Events::GUID_t::GUID_t [0x0087DBFA+65914]
	Microsoft::Applications::Events::GUID_t::GUID_t [0x0087D194+63252]
	Microsoft::Applications::Events::GUID_t::GUID_t [0x0087A37B+51451]
	Microsoft::Applications::Events::GUID_t::GUID_t [0x008760C8+34376]
	Microsoft::Applications::Events::GUID_t::GUID_t [0x008A79F7+237431]
	Microsoft::Applications::Events::GUID_t::GUID_t [0x008A722C+235436]
	Microsoft::Applications::Events::GUID_t::GUID_t [0x0089E0C6+198214]
	Microsoft::Applications::Events::GUID_t::GUID_t [0x00880B2F+77999]
	Microsoft::Applications::Events::GUID_t::GUID_t [0x0087FB99+74009]
	Microsoft::Applications::Events::GUID_t::GUID_t [0x0088057D+76541]
	GetHandleVerifier [0x00C5203C+528316]
	Microsoft::Applications::Events::FromJSON [0x00DA5B8C+660764]
	Microsoft::Applications::Events::FromJSON [0x00DA5498+658984]
	Microsoft::Applications::Events::FromJSON [0x00D96354+597220]
	Microsoft::Applications::Events::FromJSON [0x00DA6307+662679]
	Microsoft::Applications::Events::time_ticks_t::time_ticks_t [0x00A92A0D+823997]
	Microsoft::Applications::Events::time_ticks_t::time_ticks_t [0x00A85C78+771368]
	Microsoft::Applications::Events::time_ticks_t::time_ticks_t [0x00A85E5A+771850]
	Microsoft::Applications::Events::time_ticks_t::time_ticks_t [0x00A6E885+676149]
	BaseThreadInitThunk [0x76987BA9+25]
	RtlInitializeExceptionChain [0x7768C0CB+107]
	RtlClearBits [0x7768C04F+191]

	at org.openqa.selenium.remote.W3CHandshakeResponse.lambda$errorHandler$0(W3CHandshakeResponse.java:62)
	at org.openqa.selenium.remote.HandshakeResponse.lambda$getResponseFunction$0(HandshakeResponse.java:30)
	at org.openqa.selenium.remote.ProtocolHandshake.lambda$createSession$0(ProtocolHandshake.java:126)
	at org.openqa.selenium.remote.ProtocolHandshake.createSession(ProtocolHandshake.java:128)
	at org.openqa.selenium.remote.ProtocolHandshake.createSession(ProtocolHandshake.java:74)
	at org.openqa.selenium.remote.HttpCommandExecutor.execute(HttpCommandExecutor.java:136)
	at org.openqa.selenium.remote.service.DriverCommandExecutor.execute(DriverCommandExecutor.java:83)
	at org.openqa.selenium.remote.RemoteWebDriver.execute(RemoteWebDriver.java:552)
	at com.kms.katalon.selenium.driver.CEdgeDriver.execute(CEdgeDriver.java:20)
	at org.openqa.selenium.remote.RemoteWebDriver.startSession(RemoteWebDriver.java:213)
	at org.openqa.selenium.remote.RemoteWebDriver.&amp;lt;init&amp;gt;(RemoteWebDriver.java:131)
	at org.openqa.selenium.edge.EdgeDriver.&amp;lt;init&amp;gt;(EdgeDriver.java:154)
	at com.kms.katalon.selenium.driver.CEdgeDriver.&amp;lt;init&amp;gt;(CEdgeDriver.java:14)
	at com.kms.katalon.core.webui.driver.DriverFactory.createNewEdgeChromiumDriver(DriverFactory.java:674)
	at com.kms.katalon.core.webui.driver.DriverFactory.startNewBrowser(DriverFactory.java:389)
	at com.kms.katalon.core.webui.driver.DriverFactory.openWebDriver(DriverFactory.java:263)
	at com.kms.katalon.core.webui.keyword.builtin.OpenBrowserKeyword$_openBrowser_closure1.doCall(OpenBrowserKeyword.groovy:74)
	at com.kms.katalon.core.webui.keyword.builtin.OpenBrowserKeyword$_openBrowser_closure1.call(OpenBrowserKeyword.groovy)
	at com.kms.katalon.core.webui.keyword.internal.WebUIKeywordMain.runKeyword(WebUIKeywordMain.groovy:20)
	at com.kms.katalon.core.webui.keyword.builtin.OpenBrowserKeyword.openBrowser(OpenBrowserKeyword.groovy:81)
	at com.kms.katalon.core.webui.keyword.builtin.OpenBrowserKeyword.execute(OpenBrowserKeyword.groovy:67)
	at com.kms.katalon.core.keyword.internal.KeywordExecutor.executeKeywordForPlatform(KeywordExecutor.groovy:74)
	at com.kms.katalon.core.webui.keyword.WebUiBuiltInKeywords.openBrowser(WebUiBuiltInKeywords.groovy:64)
	at com.kms.katalon.core.webui.keyword.WebUiBuiltInKeywords$openBrowser.call(Unknown Source)
	at Script1726224982168.run(Script1726224982168.groovy:20)
	at com.kms.katalon.core.main.ScriptEngine.run(ScriptEngine.java:194)
	at com.kms.katalon.core.main.ScriptEngine.runScriptAsRawText(ScriptEngine.java:119)
	at com.kms.katalon.core.main.TestCaseExecutor.runScript(TestCaseExecutor.java:448)
	at com.kms.katalon.core.main.TestCaseExecutor.doExecute(TestCaseExecutor.java:439)
	at com.kms.katalon.core.main.TestCaseExecutor.processExecutionPhase(TestCaseExecutor.java:418)
	at com.kms.katalon.core.main.TestCaseExecutor.accessMainPhase(TestCaseExecutor.java:410)
	at com.kms.katalon.core.main.TestCaseExecutor.execute(TestCaseExecutor.java:285)
	at com.kms.katalon.core.main.TestCaseMain.runTestCase(TestCaseMain.java:144)
	at com.kms.katalon.core.keyword.builtin.CallTestCaseKeyword$_callTestCase_closure1.doCall(CallTestCaseKeyword.groovy:59)
	at com.kms.katalon.core.keyword.builtin.CallTestCaseKeyword$_callTestCase_closure1.call(CallTestCaseKeyword.groovy)
	at com.kms.katalon.core.keyword.internal.KeywordMain.runKeyword(KeywordMain.groovy:75)
	at com.kms.katalon.core.keyword.builtin.CallTestCaseKeyword.callTestCase(CallTestCaseKeyword.groovy:81)
	at com.kms.katalon.core.keyword.builtin.CallTestCaseKeyword.execute(CallTestCaseKeyword.groovy:44)
	at com.kms.katalon.core.keyword.internal.KeywordExecutor.executeKeywordForPlatform(KeywordExecutor.groovy:74)
	at com.kms.katalon.core.keyword.BuiltinKeywords.callTestCase(BuiltinKeywords.groovy:310)
	at Script1726232808823.run(Script1726232808823.groovy:20)
	... 13 more
)</message>
  <nestedLevel>2</nestedLevel>
  <escapedJava>false</escapedJava>
  <property name="failed.exception.class">org.openqa.selenium.SessionNotCreatedException</property>
  <property name="failed.exception.stacktrace">org.openqa.selenium.SessionNotCreatedException: session not created: This version of Microsoft Edge WebDriver only supports Microsoft Edge version 130
Current browser version is 132.0.2957.140 with binary path C:\Program Files (x86)\Microsoft\Edge\Application\msedge.exe
Build info: version: &apos;3.141.59&apos;, revision: &apos;e82be7d358&apos;, time: &apos;2018-11-14T08:25:53&apos;
System info: host: &apos;DL0097&apos;, ip: &apos;10.136.10.15&apos;, os.name: &apos;Windows 10&apos;, os.arch: &apos;amd64&apos;, os.version: &apos;10.0&apos;, java.version: &apos;1.8.0_282&apos;
Driver info: driver.version: CEdgeDriver
remote stacktrace: 	GetHandleVerifier [0x00BDA2F3+37491]
	Microsoft::Applications::Events::time_ticks_t::time_ticks_t [0x00A7CB76+734246]
	Microsoft::Applications::Events::ILogConfiguration::operator* [0x0085471A+3482]
	Microsoft::Applications::Events::GUID_t::GUID_t [0x0087DBFA+65914]
	Microsoft::Applications::Events::GUID_t::GUID_t [0x0087D194+63252]
	Microsoft::Applications::Events::GUID_t::GUID_t [0x0087A37B+51451]
	Microsoft::Applications::Events::GUID_t::GUID_t [0x008760C8+34376]
	Microsoft::Applications::Events::GUID_t::GUID_t [0x008A79F7+237431]
	Microsoft::Applications::Events::GUID_t::GUID_t [0x008A722C+235436]
	Microsoft::Applications::Events::GUID_t::GUID_t [0x0089E0C6+198214]
	Microsoft::Applications::Events::GUID_t::GUID_t [0x00880B2F+77999]
	Microsoft::Applications::Events::GUID_t::GUID_t [0x0087FB99+74009]
	Microsoft::Applications::Events::GUID_t::GUID_t [0x0088057D+76541]
	GetHandleVerifier [0x00C5203C+528316]
	Microsoft::Applications::Events::FromJSON [0x00DA5B8C+660764]
	Microsoft::Applications::Events::FromJSON [0x00DA5498+658984]
	Microsoft::Applications::Events::FromJSON [0x00D96354+597220]
	Microsoft::Applications::Events::FromJSON [0x00DA6307+662679]
	Microsoft::Applications::Events::time_ticks_t::time_ticks_t [0x00A92A0D+823997]
	Microsoft::Applications::Events::time_ticks_t::time_ticks_t [0x00A85C78+771368]
	Microsoft::Applications::Events::time_ticks_t::time_ticks_t [0x00A85E5A+771850]
	Microsoft::Applications::Events::time_ticks_t::time_ticks_t [0x00A6E885+676149]
	BaseThreadInitThunk [0x76987BA9+25]
	RtlInitializeExceptionChain [0x7768C0CB+107]
	RtlClearBits [0x7768C04F+191]

	at org.openqa.selenium.remote.W3CHandshakeResponse.lambda$errorHandler$0(W3CHandshakeResponse.java:62)
	at org.openqa.selenium.remote.HandshakeResponse.lambda$getResponseFunction$0(HandshakeResponse.java:30)
	at org.openqa.selenium.remote.ProtocolHandshake.lambda$createSession$0(ProtocolHandshake.java:126)
	at org.openqa.selenium.remote.ProtocolHandshake.createSession(ProtocolHandshake.java:128)
	at org.openqa.selenium.remote.ProtocolHandshake.createSession(ProtocolHandshake.java:74)
	at org.openqa.selenium.remote.HttpCommandExecutor.execute(HttpCommandExecutor.java:136)
	at org.openqa.selenium.remote.service.DriverCommandExecutor.execute(DriverCommandExecutor.java:83)
	at org.openqa.selenium.remote.RemoteWebDriver.execute(RemoteWebDriver.java:552)
	at com.kms.katalon.selenium.driver.CEdgeDriver.execute(CEdgeDriver.java:20)
	at org.openqa.selenium.remote.RemoteWebDriver.startSession(RemoteWebDriver.java:213)
	at org.openqa.selenium.remote.RemoteWebDriver.&lt;init&gt;(RemoteWebDriver.java:131)
	at org.openqa.selenium.edge.EdgeDriver.&lt;init&gt;(EdgeDriver.java:154)
	at com.kms.katalon.selenium.driver.CEdgeDriver.&lt;init&gt;(CEdgeDriver.java:14)
	at com.kms.katalon.core.webui.driver.DriverFactory.createNewEdgeChromiumDriver(DriverFactory.java:674)
	at com.kms.katalon.core.webui.driver.DriverFactory.startNewBrowser(DriverFactory.java:389)
	at com.kms.katalon.core.webui.driver.DriverFactory.openWebDriver(DriverFactory.java:263)
	at com.kms.katalon.core.webui.keyword.builtin.OpenBrowserKeyword$_openBrowser_closure1.doCall(OpenBrowserKeyword.groovy:74)
	at com.kms.katalon.core.webui.keyword.builtin.OpenBrowserKeyword$_openBrowser_closure1.call(OpenBrowserKeyword.groovy)
	at com.kms.katalon.core.webui.keyword.internal.WebUIKeywordMain.runKeyword(WebUIKeywordMain.groovy:20)
	at com.kms.katalon.core.webui.keyword.builtin.OpenBrowserKeyword.openBrowser(OpenBrowserKeyword.groovy:81)
	at com.kms.katalon.core.webui.keyword.builtin.OpenBrowserKeyword.execute(OpenBrowserKeyword.groovy:67)
	at com.kms.katalon.core.keyword.internal.KeywordExecutor.executeKeywordForPlatform(KeywordExecutor.groovy:74)
	at com.kms.katalon.core.webui.keyword.WebUiBuiltInKeywords.openBrowser(WebUiBuiltInKeywords.groovy:64)
	at com.kms.katalon.core.webui.keyword.WebUiBuiltInKeywords$openBrowser.call(Unknown Source)
	at Principal-Home.run(Principal-Home:20)
	at com.kms.katalon.core.main.ScriptEngine.run(ScriptEngine.java:194)
	at com.kms.katalon.core.main.ScriptEngine.runScriptAsRawText(ScriptEngine.java:119)
	at com.kms.katalon.core.main.TestCaseExecutor.runScript(TestCaseExecutor.java:448)
	at com.kms.katalon.core.main.TestCaseExecutor.doExecute(TestCaseExecutor.java:439)
	at com.kms.katalon.core.main.TestCaseExecutor.processExecutionPhase(TestCaseExecutor.java:418)
	at com.kms.katalon.core.main.TestCaseExecutor.accessMainPhase(TestCaseExecutor.java:410)
	at com.kms.katalon.core.main.TestCaseExecutor.execute(TestCaseExecutor.java:285)
	at com.kms.katalon.core.main.TestCaseMain.runTestCase(TestCaseMain.java:144)
	at com.kms.katalon.core.keyword.builtin.CallTestCaseKeyword$_callTestCase_closure1.doCall(CallTestCaseKeyword.groovy:59)
	at com.kms.katalon.core.keyword.builtin.CallTestCaseKeyword$_callTestCase_closure1.call(CallTestCaseKeyword.groovy)
	at com.kms.katalon.core.keyword.internal.KeywordMain.runKeyword(KeywordMain.groovy:75)
	at com.kms.katalon.core.keyword.builtin.CallTestCaseKeyword.callTestCase(CallTestCaseKeyword.groovy:81)
	at com.kms.katalon.core.keyword.builtin.CallTestCaseKeyword.execute(CallTestCaseKeyword.groovy:44)
	at com.kms.katalon.core.keyword.internal.KeywordExecutor.executeKeywordForPlatform(KeywordExecutor.groovy:74)
	at com.kms.katalon.core.keyword.BuiltinKeywords.callTestCase(BuiltinKeywords.groovy:310)
	at 5. Dirección distinta al destino.run(5. Dirección distinta al destino:20)
	at com.kms.katalon.core.main.ScriptEngine.run(ScriptEngine.java:194)
	at com.kms.katalon.core.main.ScriptEngine.runScriptAsRawText(ScriptEngine.java:119)
	at com.kms.katalon.core.main.TestCaseExecutor.runScript(TestCaseExecutor.java:448)
	at com.kms.katalon.core.main.TestCaseExecutor.doExecute(TestCaseExecutor.java:439)
	at com.kms.katalon.core.main.TestCaseExecutor.processExecutionPhase(TestCaseExecutor.java:418)
	at com.kms.katalon.core.main.TestCaseExecutor.accessMainPhase(TestCaseExecutor.java:410)
	at com.kms.katalon.core.main.TestCaseExecutor.execute(TestCaseExecutor.java:285)
	at com.kms.katalon.core.common.CommonExecutor.accessTestCaseMainPhase(CommonExecutor.java:65)
	at com.kms.katalon.core.main.TestSuiteExecutor.accessTestSuiteMainPhase(TestSuiteExecutor.java:148)
	at com.kms.katalon.core.main.TestSuiteExecutor.execute(TestSuiteExecutor.java:106)
	at com.kms.katalon.core.main.TestCaseMain.startTestSuite(TestCaseMain.java:187)
	at com.kms.katalon.core.main.TestCaseMain$startTestSuite$0.call(Unknown Source)
	at TempTestSuite1738842962897.run(TempTestSuite1738842962897.groovy:35)
</property>
  <property name="failed.exception.message">session not created: This version of Microsoft Edge WebDriver only supports Microsoft Edge version 130
Current browser version is 132.0.2957.140 with binary path C:\Program Files (x86)\Microsoft\Edge\Application\msedge.exe
Build info: version: &apos;3.141.59&apos;, revision: &apos;e82be7d358&apos;, time: &apos;2018-11-14T08:25:53&apos;
System info: host: &apos;DL0097&apos;, ip: &apos;10.136.10.15&apos;, os.name: &apos;Windows 10&apos;, os.arch: &apos;amd64&apos;, os.version: &apos;10.0&apos;, java.version: &apos;1.8.0_282&apos;
Driver info: driver.version: CEdgeDriver
remote stacktrace: 	GetHandleVerifier [0x00BDA2F3+37491]
	Microsoft::Applications::Events::time_ticks_t::time_ticks_t [0x00A7CB76+734246]
	Microsoft::Applications::Events::ILogConfiguration::operator* [0x0085471A+3482]
	Microsoft::Applications::Events::GUID_t::GUID_t [0x0087DBFA+65914]
	Microsoft::Applications::Events::GUID_t::GUID_t [0x0087D194+63252]
	Microsoft::Applications::Events::GUID_t::GUID_t [0x0087A37B+51451]
	Microsoft::Applications::Events::GUID_t::GUID_t [0x008760C8+34376]
	Microsoft::Applications::Events::GUID_t::GUID_t [0x008A79F7+237431]
	Microsoft::Applications::Events::GUID_t::GUID_t [0x008A722C+235436]
	Microsoft::Applications::Events::GUID_t::GUID_t [0x0089E0C6+198214]
	Microsoft::Applications::Events::GUID_t::GUID_t [0x00880B2F+77999]
	Microsoft::Applications::Events::GUID_t::GUID_t [0x0087FB99+74009]
	Microsoft::Applications::Events::GUID_t::GUID_t [0x0088057D+76541]
	GetHandleVerifier [0x00C5203C+528316]
	Microsoft::Applications::Events::FromJSON [0x00DA5B8C+660764]
	Microsoft::Applications::Events::FromJSON [0x00DA5498+658984]
	Microsoft::Applications::Events::FromJSON [0x00D96354+597220]
	Microsoft::Applications::Events::FromJSON [0x00DA6307+662679]
	Microsoft::Applications::Events::time_ticks_t::time_ticks_t [0x00A92A0D+823997]
	Microsoft::Applications::Events::time_ticks_t::time_ticks_t [0x00A85C78+771368]
	Microsoft::Applications::Events::time_ticks_t::time_ticks_t [0x00A85E5A+771850]
	Microsoft::Applications::Events::time_ticks_t::time_ticks_t [0x00A6E885+676149]
	BaseThreadInitThunk [0x76987BA9+25]
	RtlInitializeExceptionChain [0x7768C0CB+107]
	RtlClearBits [0x7768C04F+191]
</property>
</record>
<record>
  <date>2025-02-06T06:56:13</date>
  <millis>1738842973879</millis>
  <sequence>62</sequence>
  <level>END</level>
  <class>com.kms.katalon.core.logging.XmlKeywordLogger</class>
  <method>endKeyword</method>
  <thread>1</thread>
  <message>End action : openBrowser(&amp;quot;&amp;quot;)</message>
  <nestedLevel>1</nestedLevel>
  <escapedJava>false</escapedJava>
</record>
<record>
  <date>2025-02-06T06:56:13</date>
  <millis>1738842973879</millis>
  <sequence>65</sequence>
  <level>FAILED</level>
  <class>com.kms.katalon.core.logging.XmlKeywordLogger</class>
  <method>logMessage</method>
  <thread>1</thread>
  <message>Test Cases/Registro_Envíos/1.Inicio/1.Principal/Principal-Home FAILED.
Reason:
com.kms.katalon.core.exception.StepFailedException: Unable to open browser with url: &amp;apos;&amp;apos;
	at com.kms.katalon.core.webui.keyword.internal.WebUIKeywordMain.stepFailed(WebUIKeywordMain.groovy:64)
	at com.kms.katalon.core.webui.keyword.internal.WebUIKeywordMain.runKeyword(WebUIKeywordMain.groovy:26)
	at com.kms.katalon.core.webui.keyword.builtin.OpenBrowserKeyword.openBrowser(OpenBrowserKeyword.groovy:81)
	at com.kms.katalon.core.webui.keyword.builtin.OpenBrowserKeyword.execute(OpenBrowserKeyword.groovy:67)
	at com.kms.katalon.core.keyword.internal.KeywordExecutor.executeKeywordForPlatform(KeywordExecutor.groovy:74)
	at com.kms.katalon.core.webui.keyword.WebUiBuiltInKeywords.openBrowser(WebUiBuiltInKeywords.groovy:64)
	at com.kms.katalon.core.webui.keyword.WebUiBuiltInKeywords$openBrowser.call(Unknown Source)
	at Principal-Home.run(Principal-Home:20)
	at com.kms.katalon.core.main.ScriptEngine.run(ScriptEngine.java:194)
	at com.kms.katalon.core.main.ScriptEngine.runScriptAsRawText(ScriptEngine.java:119)
	at com.kms.katalon.core.main.TestCaseExecutor.runScript(TestCaseExecutor.java:448)
	at com.kms.katalon.core.main.TestCaseExecutor.doExecute(TestCaseExecutor.java:439)
	at com.kms.katalon.core.main.TestCaseExecutor.processExecutionPhase(TestCaseExecutor.java:418)
	at com.kms.katalon.core.main.TestCaseExecutor.accessMainPhase(TestCaseExecutor.java:410)
	at com.kms.katalon.core.main.TestCaseExecutor.execute(TestCaseExecutor.java:285)
	at com.kms.katalon.core.main.TestCaseMain.runTestCase(TestCaseMain.java:144)
	at com.kms.katalon.core.keyword.builtin.CallTestCaseKeyword$_callTestCase_closure1.doCall(CallTestCaseKeyword.groovy:59)
	at com.kms.katalon.core.keyword.builtin.CallTestCaseKeyword$_callTestCase_closure1.call(CallTestCaseKeyword.groovy)
	at com.kms.katalon.core.keyword.internal.KeywordMain.runKeyword(KeywordMain.groovy:75)
	at com.kms.katalon.core.keyword.builtin.CallTestCaseKeyword.callTestCase(CallTestCaseKeyword.groovy:81)
	at com.kms.katalon.core.keyword.builtin.CallTestCaseKeyword.execute(CallTestCaseKeyword.groovy:44)
	at com.kms.katalon.core.keyword.internal.KeywordExecutor.executeKeywordForPlatform(KeywordExecutor.groovy:74)
	at com.kms.katalon.core.keyword.BuiltinKeywords.callTestCase(BuiltinKeywords.groovy:310)
	at 5. Dirección distinta al destino.run(5. Dirección distinta al destino:20)
	at com.kms.katalon.core.main.ScriptEngine.run(ScriptEngine.java:194)
	at com.kms.katalon.core.main.ScriptEngine.runScriptAsRawText(ScriptEngine.java:119)
	at com.kms.katalon.core.main.TestCaseExecutor.runScript(TestCaseExecutor.java:448)
	at com.kms.katalon.core.main.TestCaseExecutor.doExecute(TestCaseExecutor.java:439)
	at com.kms.katalon.core.main.TestCaseExecutor.processExecutionPhase(TestCaseExecutor.java:418)
	at com.kms.katalon.core.main.TestCaseExecutor.accessMainPhase(TestCaseExecutor.java:410)
	at com.kms.katalon.core.main.TestCaseExecutor.execute(TestCaseExecutor.java:285)
	at com.kms.katalon.core.common.CommonExecutor.accessTestCaseMainPhase(CommonExecutor.java:65)
	at com.kms.katalon.core.main.TestSuiteExecutor.accessTestSuiteMainPhase(TestSuiteExecutor.java:148)
	at com.kms.katalon.core.main.TestSuiteExecutor.execute(TestSuiteExecutor.java:106)
	at com.kms.katalon.core.main.TestCaseMain.startTestSuite(TestCaseMain.java:187)
	at com.kms.katalon.core.main.TestCaseMain$startTestSuite$0.call(Unknown Source)
	at TempTestSuite1738842962897.run(TempTestSuite1738842962897.groovy:35)
Caused by: org.openqa.selenium.SessionNotCreatedException: session not created: This version of Microsoft Edge WebDriver only supports Microsoft Edge version 130
Current browser version is 132.0.2957.140 with binary path C:\Program Files (x86)\Microsoft\Edge\Application\msedge.exe
Build info: version: &amp;apos;3.141.59&amp;apos;, revision: &amp;apos;e82be7d358&amp;apos;, time: &amp;apos;2018-11-14T08:25:53&amp;apos;
System info: host: &amp;apos;DL0097&amp;apos;, ip: &amp;apos;10.136.10.15&amp;apos;, os.name: &amp;apos;Windows 10&amp;apos;, os.arch: &amp;apos;amd64&amp;apos;, os.version: &amp;apos;10.0&amp;apos;, java.version: &amp;apos;1.8.0_282&amp;apos;
Driver info: driver.version: CEdgeDriver
remote stacktrace: 	GetHandleVerifier [0x00BDA2F3+37491]
	Microsoft::Applications::Events::time_ticks_t::time_ticks_t [0x00A7CB76+734246]
	Microsoft::Applications::Events::ILogConfiguration::operator* [0x0085471A+3482]
	Microsoft::Applications::Events::GUID_t::GUID_t [0x0087DBFA+65914]
	Microsoft::Applications::Events::GUID_t::GUID_t [0x0087D194+63252]
	Microsoft::Applications::Events::GUID_t::GUID_t [0x0087A37B+51451]
	Microsoft::Applications::Events::GUID_t::GUID_t [0x008760C8+34376]
	Microsoft::Applications::Events::GUID_t::GUID_t [0x008A79F7+237431]
	Microsoft::Applications::Events::GUID_t::GUID_t [0x008A722C+235436]
	Microsoft::Applications::Events::GUID_t::GUID_t [0x0089E0C6+198214]
	Microsoft::Applications::Events::GUID_t::GUID_t [0x00880B2F+77999]
	Microsoft::Applications::Events::GUID_t::GUID_t [0x0087FB99+74009]
	Microsoft::Applications::Events::GUID_t::GUID_t [0x0088057D+76541]
	GetHandleVerifier [0x00C5203C+528316]
	Microsoft::Applications::Events::FromJSON [0x00DA5B8C+660764]
	Microsoft::Applications::Events::FromJSON [0x00DA5498+658984]
	Microsoft::Applications::Events::FromJSON [0x00D96354+597220]
	Microsoft::Applications::Events::FromJSON [0x00DA6307+662679]
	Microsoft::Applications::Events::time_ticks_t::time_ticks_t [0x00A92A0D+823997]
	Microsoft::Applications::Events::time_ticks_t::time_ticks_t [0x00A85C78+771368]
	Microsoft::Applications::Events::time_ticks_t::time_ticks_t [0x00A85E5A+771850]
	Microsoft::Applications::Events::time_ticks_t::time_ticks_t [0x00A6E885+676149]
	BaseThreadInitThunk [0x76987BA9+25]
	RtlInitializeExceptionChain [0x7768C0CB+107]
	RtlClearBits [0x7768C04F+191]

	at org.openqa.selenium.remote.W3CHandshakeResponse.lambda$errorHandler$0(W3CHandshakeResponse.java:62)
	at org.openqa.selenium.remote.HandshakeResponse.lambda$getResponseFunction$0(HandshakeResponse.java:30)
	at org.openqa.selenium.remote.ProtocolHandshake.lambda$createSession$0(ProtocolHandshake.java:126)
	at org.openqa.selenium.remote.ProtocolHandshake.createSession(ProtocolHandshake.java:128)
	at org.openqa.selenium.remote.ProtocolHandshake.createSession(ProtocolHandshake.java:74)
	at org.openqa.selenium.remote.HttpCommandExecutor.execute(HttpCommandExecutor.java:136)
	at org.openqa.selenium.remote.service.DriverCommandExecutor.execute(DriverCommandExecutor.java:83)
	at org.openqa.selenium.remote.RemoteWebDriver.execute(RemoteWebDriver.java:552)
	at com.kms.katalon.selenium.driver.CEdgeDriver.execute(CEdgeDriver.java:20)
	at org.openqa.selenium.remote.RemoteWebDriver.startSession(RemoteWebDriver.java:213)
	at org.openqa.selenium.remote.RemoteWebDriver.&amp;lt;init&amp;gt;(RemoteWebDriver.java:131)
	at org.openqa.selenium.edge.EdgeDriver.&amp;lt;init&amp;gt;(EdgeDriver.java:154)
	at com.kms.katalon.selenium.driver.CEdgeDriver.&amp;lt;init&amp;gt;(CEdgeDriver.java:14)
	at com.kms.katalon.core.webui.driver.DriverFactory.createNewEdgeChromiumDriver(DriverFactory.java:674)
	at com.kms.katalon.core.webui.driver.DriverFactory.startNewBrowser(DriverFactory.java:389)
	at com.kms.katalon.core.webui.driver.DriverFactory.openWebDriver(DriverFactory.java:263)
	at com.kms.katalon.core.webui.keyword.builtin.OpenBrowserKeyword$_openBrowser_closure1.doCall(OpenBrowserKeyword.groovy:74)
	at com.kms.katalon.core.webui.keyword.builtin.OpenBrowserKeyword$_openBrowser_closure1.call(OpenBrowserKeyword.groovy)
	at com.kms.katalon.core.webui.keyword.internal.WebUIKeywordMain.runKeyword(WebUIKeywordMain.groovy:20)
	... 35 more
</message>
  <exception>
    <message>com.kms.katalon.core.exception.StepFailedException: Unable to open browser with url: ''</message>
    <frame>
      <class>com.kms.katalon.core.webui.keyword.internal.WebUIKeywordMain</class>
      <method>stepFailed</method>
      <line>64</line>
    </frame>
    <frame>
      <class>com.kms.katalon.core.webui.keyword.internal.WebUIKeywordMain</class>
      <method>runKeyword</method>
      <line>26</line>
    </frame>
    <frame>
      <class>com.kms.katalon.core.webui.keyword.builtin.OpenBrowserKeyword</class>
      <method>openBrowser</method>
      <line>81</line>
    </frame>
    <frame>
      <class>com.kms.katalon.core.webui.keyword.builtin.OpenBrowserKeyword</class>
      <method>execute</method>
      <line>67</line>
    </frame>
    <frame>
      <class>com.kms.katalon.core.keyword.internal.KeywordExecutor</class>
      <method>executeKeywordForPlatform</method>
      <line>74</line>
    </frame>
    <frame>
      <class>com.kms.katalon.core.webui.keyword.WebUiBuiltInKeywords</class>
      <method>openBrowser</method>
      <line>64</line>
    </frame>
    <frame>
      <class>com.kms.katalon.core.webui.keyword.WebUiBuiltInKeywords$openBrowser</class>
      <method>call</method>
    </frame>
    <frame>
      <class>Principal-Home</class>
      <method>run</method>
      <line>20</line>
    </frame>
    <frame>
      <class>com.kms.katalon.core.main.ScriptEngine</class>
      <method>run</method>
      <line>194</line>
    </frame>
    <frame>
      <class>com.kms.katalon.core.main.ScriptEngine</class>
      <method>runScriptAsRawText</method>
      <line>119</line>
    </frame>
    <frame>
      <class>com.kms.katalon.core.main.TestCaseExecutor</class>
      <method>runScript</method>
      <line>448</line>
    </frame>
    <frame>
      <class>com.kms.katalon.core.main.TestCaseExecutor</class>
      <method>doExecute</method>
      <line>439</line>
    </frame>
    <frame>
      <class>com.kms.katalon.core.main.TestCaseExecutor</class>
      <method>processExecutionPhase</method>
      <line>418</line>
    </frame>
    <frame>
      <class>com.kms.katalon.core.main.TestCaseExecutor</class>
      <method>accessMainPhase</method>
      <line>410</line>
    </frame>
    <frame>
      <class>com.kms.katalon.core.main.TestCaseExecutor</class>
      <method>execute</method>
      <line>285</line>
    </frame>
    <frame>
      <class>com.kms.katalon.core.main.TestCaseMain</class>
      <method>runTestCase</method>
      <line>144</line>
    </frame>
    <frame>
      <class>com.kms.katalon.core.keyword.builtin.CallTestCaseKeyword$_callTestCase_closure1</class>
      <method>doCall</method>
      <line>59</line>
    </frame>
    <frame>
      <class>com.kms.katalon.core.keyword.builtin.CallTestCaseKeyword$_callTestCase_closure1</class>
      <method>call</method>
    </frame>
    <frame>
      <class>com.kms.katalon.core.keyword.internal.KeywordMain</class>
      <method>runKeyword</method>
      <line>75</line>
    </frame>
    <frame>
      <class>com.kms.katalon.core.keyword.builtin.CallTestCaseKeyword</class>
      <method>callTestCase</method>
      <line>81</line>
    </frame>
    <frame>
      <class>com.kms.katalon.core.keyword.builtin.CallTestCaseKeyword</class>
      <method>execute</method>
      <line>44</line>
    </frame>
    <frame>
      <class>com.kms.katalon.core.keyword.internal.KeywordExecutor</class>
      <method>executeKeywordForPlatform</method>
      <line>74</line>
    </frame>
    <frame>
      <class>com.kms.katalon.core.keyword.BuiltinKeywords</class>
      <method>callTestCase</method>
      <line>310</line>
    </frame>
    <frame>
      <class>5. Dirección distinta al destino</class>
      <method>run</method>
      <line>20</line>
    </frame>
    <frame>
      <class>com.kms.katalon.core.main.ScriptEngine</class>
      <method>run</method>
      <line>194</line>
    </frame>
    <frame>
      <class>com.kms.katalon.core.main.ScriptEngine</class>
      <method>runScriptAsRawText</method>
      <line>119</line>
    </frame>
    <frame>
      <class>com.kms.katalon.core.main.TestCaseExecutor</class>
      <method>runScript</method>
      <line>448</line>
    </frame>
    <frame>
      <class>com.kms.katalon.core.main.TestCaseExecutor</class>
      <method>doExecute</method>
      <line>439</line>
    </frame>
    <frame>
      <class>com.kms.katalon.core.main.TestCaseExecutor</class>
      <method>processExecutionPhase</method>
      <line>418</line>
    </frame>
    <frame>
      <class>com.kms.katalon.core.main.TestCaseExecutor</class>
      <method>accessMainPhase</method>
      <line>410</line>
    </frame>
    <frame>
      <class>com.kms.katalon.core.main.TestCaseExecutor</class>
      <method>execute</method>
      <line>285</line>
    </frame>
    <frame>
      <class>com.kms.katalon.core.common.CommonExecutor</class>
      <method>accessTestCaseMainPhase</method>
      <line>65</line>
    </frame>
    <frame>
      <class>com.kms.katalon.core.main.TestSuiteExecutor</class>
      <method>accessTestSuiteMainPhase</method>
      <line>148</line>
    </frame>
    <frame>
      <class>com.kms.katalon.core.main.TestSuiteExecutor</class>
      <method>execute</method>
      <line>106</line>
    </frame>
    <frame>
      <class>com.kms.katalon.core.main.TestCaseMain</class>
      <method>startTestSuite</method>
      <line>187</line>
    </frame>
    <frame>
      <class>com.kms.katalon.core.main.TestCaseMain$startTestSuite$0</class>
      <method>call</method>
    </frame>
    <frame>
      <class>TempTestSuite1738842962897</class>
      <method>run</method>
      <line>35</line>
    </frame>
  </exception>
  <nestedLevel>0</nestedLevel>
  <escapedJava>false</escapedJava>
  <property name="failed.exception.stacktrace">org.openqa.selenium.SessionNotCreatedException: session not created: This version of Microsoft Edge WebDriver only supports Microsoft Edge version 130
Current browser version is 132.0.2957.140 with binary path C:\Program Files (x86)\Microsoft\Edge\Application\msedge.exe
Build info: version: &apos;3.141.59&apos;, revision: &apos;e82be7d358&apos;, time: &apos;2018-11-14T08:25:53&apos;
System info: host: &apos;DL0097&apos;, ip: &apos;10.136.10.15&apos;, os.name: &apos;Windows 10&apos;, os.arch: &apos;amd64&apos;, os.version: &apos;10.0&apos;, java.version: &apos;1.8.0_282&apos;
Driver info: driver.version: CEdgeDriver
remote stacktrace: 	GetHandleVerifier [0x00BDA2F3+37491]
	Microsoft::Applications::Events::time_ticks_t::time_ticks_t [0x00A7CB76+734246]
	Microsoft::Applications::Events::ILogConfiguration::operator* [0x0085471A+3482]
	Microsoft::Applications::Events::GUID_t::GUID_t [0x0087DBFA+65914]
	Microsoft::Applications::Events::GUID_t::GUID_t [0x0087D194+63252]
	Microsoft::Applications::Events::GUID_t::GUID_t [0x0087A37B+51451]
	Microsoft::Applications::Events::GUID_t::GUID_t [0x008760C8+34376]
	Microsoft::Applications::Events::GUID_t::GUID_t [0x008A79F7+237431]
	Microsoft::Applications::Events::GUID_t::GUID_t [0x008A722C+235436]
	Microsoft::Applications::Events::GUID_t::GUID_t [0x0089E0C6+198214]
	Microsoft::Applications::Events::GUID_t::GUID_t [0x00880B2F+77999]
	Microsoft::Applications::Events::GUID_t::GUID_t [0x0087FB99+74009]
	Microsoft::Applications::Events::GUID_t::GUID_t [0x0088057D+76541]
	GetHandleVerifier [0x00C5203C+528316]
	Microsoft::Applications::Events::FromJSON [0x00DA5B8C+660764]
	Microsoft::Applications::Events::FromJSON [0x00DA5498+658984]
	Microsoft::Applications::Events::FromJSON [0x00D96354+597220]
	Microsoft::Applications::Events::FromJSON [0x00DA6307+662679]
	Microsoft::Applications::Events::time_ticks_t::time_ticks_t [0x00A92A0D+823997]
	Microsoft::Applications::Events::time_ticks_t::time_ticks_t [0x00A85C78+771368]
	Microsoft::Applications::Events::time_ticks_t::time_ticks_t [0x00A85E5A+771850]
	Microsoft::Applications::Events::time_ticks_t::time_ticks_t [0x00A6E885+676149]
	BaseThreadInitThunk [0x76987BA9+25]
	RtlInitializeExceptionChain [0x7768C0CB+107]
	RtlClearBits [0x7768C04F+191]

	at org.openqa.selenium.remote.W3CHandshakeResponse.lambda$errorHandler$0(W3CHandshakeResponse.java:62)
	at org.openqa.selenium.remote.HandshakeResponse.lambda$getResponseFunction$0(HandshakeResponse.java:30)
	at org.openqa.selenium.remote.ProtocolHandshake.lambda$createSession$0(ProtocolHandshake.java:126)
	at org.openqa.selenium.remote.ProtocolHandshake.createSession(ProtocolHandshake.java:128)
	at org.openqa.selenium.remote.ProtocolHandshake.createSession(ProtocolHandshake.java:74)
	at org.openqa.selenium.remote.HttpCommandExecutor.execute(HttpCommandExecutor.java:136)
	at org.openqa.selenium.remote.service.DriverCommandExecutor.execute(DriverCommandExecutor.java:83)
	at org.openqa.selenium.remote.RemoteWebDriver.execute(RemoteWebDriver.java:552)
	at com.kms.katalon.selenium.driver.CEdgeDriver.execute(CEdgeDriver.java:20)
	at org.openqa.selenium.remote.RemoteWebDriver.startSession(RemoteWebDriver.java:213)
	at org.openqa.selenium.remote.RemoteWebDriver.&lt;init&gt;(RemoteWebDriver.java:131)
	at org.openqa.selenium.edge.EdgeDriver.&lt;init&gt;(EdgeDriver.java:154)
	at com.kms.katalon.selenium.driver.CEdgeDriver.&lt;init&gt;(CEdgeDriver.java:14)
	at com.kms.katalon.core.webui.driver.DriverFactory.createNewEdgeChromiumDriver(DriverFactory.java:674)
	at com.kms.katalon.core.webui.driver.DriverFactory.startNewBrowser(DriverFactory.java:389)
	at com.kms.katalon.core.webui.driver.DriverFactory.openWebDriver(DriverFactory.java:263)
	at com.kms.katalon.core.webui.keyword.builtin.OpenBrowserKeyword$_openBrowser_closure1.doCall(OpenBrowserKeyword.groovy:74)
	at com.kms.katalon.core.webui.keyword.builtin.OpenBrowserKeyword$_openBrowser_closure1.call(OpenBrowserKeyword.groovy)
	at com.kms.katalon.core.webui.keyword.internal.WebUIKeywordMain.runKeyword(WebUIKeywordMain.groovy:20)
	at com.kms.katalon.core.webui.keyword.builtin.OpenBrowserKeyword.openBrowser(OpenBrowserKeyword.groovy:81)
	at com.kms.katalon.core.webui.keyword.builtin.OpenBrowserKeyword.execute(OpenBrowserKeyword.groovy:67)
	at com.kms.katalon.core.keyword.internal.KeywordExecutor.executeKeywordForPlatform(KeywordExecutor.groovy:74)
	at com.kms.katalon.core.webui.keyword.WebUiBuiltInKeywords.openBrowser(WebUiBuiltInKeywords.groovy:64)
	at com.kms.katalon.core.webui.keyword.WebUiBuiltInKeywords$openBrowser.call(Unknown Source)
	at Principal-Home.run(Principal-Home:20)
	at com.kms.katalon.core.main.ScriptEngine.run(ScriptEngine.java:194)
	at com.kms.katalon.core.main.ScriptEngine.runScriptAsRawText(ScriptEngine.java:119)
	at com.kms.katalon.core.main.TestCaseExecutor.runScript(TestCaseExecutor.java:448)
	at com.kms.katalon.core.main.TestCaseExecutor.doExecute(TestCaseExecutor.java:439)
	at com.kms.katalon.core.main.TestCaseExecutor.processExecutionPhase(TestCaseExecutor.java:418)
	at com.kms.katalon.core.main.TestCaseExecutor.accessMainPhase(TestCaseExecutor.java:410)
	at com.kms.katalon.core.main.TestCaseExecutor.execute(TestCaseExecutor.java:285)
	at com.kms.katalon.core.main.TestCaseMain.runTestCase(TestCaseMain.java:144)
	at com.kms.katalon.core.keyword.builtin.CallTestCaseKeyword$_callTestCase_closure1.doCall(CallTestCaseKeyword.groovy:59)
	at com.kms.katalon.core.keyword.builtin.CallTestCaseKeyword$_callTestCase_closure1.call(CallTestCaseKeyword.groovy)
	at com.kms.katalon.core.keyword.internal.KeywordMain.runKeyword(KeywordMain.groovy:75)
	at com.kms.katalon.core.keyword.builtin.CallTestCaseKeyword.callTestCase(CallTestCaseKeyword.groovy:81)
	at com.kms.katalon.core.keyword.builtin.CallTestCaseKeyword.execute(CallTestCaseKeyword.groovy:44)
	at com.kms.katalon.core.keyword.internal.KeywordExecutor.executeKeywordForPlatform(KeywordExecutor.groovy:74)
	at com.kms.katalon.core.keyword.BuiltinKeywords.callTestCase(BuiltinKeywords.groovy:310)
	at 5. Dirección distinta al destino.run(5. Dirección distinta al destino:20)
	at com.kms.katalon.core.main.ScriptEngine.run(ScriptEngine.java:194)
	at com.kms.katalon.core.main.ScriptEngine.runScriptAsRawText(ScriptEngine.java:119)
	at com.kms.katalon.core.main.TestCaseExecutor.runScript(TestCaseExecutor.java:448)
	at com.kms.katalon.core.main.TestCaseExecutor.doExecute(TestCaseExecutor.java:439)
	at com.kms.katalon.core.main.TestCaseExecutor.processExecutionPhase(TestCaseExecutor.java:418)
	at com.kms.katalon.core.main.TestCaseExecutor.accessMainPhase(TestCaseExecutor.java:410)
	at com.kms.katalon.core.main.TestCaseExecutor.execute(TestCaseExecutor.java:285)
	at com.kms.katalon.core.common.CommonExecutor.accessTestCaseMainPhase(CommonExecutor.java:65)
	at com.kms.katalon.core.main.TestSuiteExecutor.accessTestSuiteMainPhase(TestSuiteExecutor.java:148)
	at com.kms.katalon.core.main.TestSuiteExecutor.execute(TestSuiteExecutor.java:106)
	at com.kms.katalon.core.main.TestCaseMain.startTestSuite(TestCaseMain.java:187)
	at com.kms.katalon.core.main.TestCaseMain$startTestSuite$0.call(Unknown Source)
	at TempTestSuite1738842962897.run(TempTestSuite1738842962897.groovy:35)
</property>
  <property name="failed.exception.class">org.openqa.selenium.SessionNotCreatedException</property>
  <property name="failed.exception.message">session not created: This version of Microsoft Edge WebDriver only supports Microsoft Edge version 130
Current browser version is 132.0.2957.140 with binary path C:\Program Files (x86)\Microsoft\Edge\Application\msedge.exe
Build info: version: &apos;3.141.59&apos;, revision: &apos;e82be7d358&apos;, time: &apos;2018-11-14T08:25:53&apos;
System info: host: &apos;DL0097&apos;, ip: &apos;10.136.10.15&apos;, os.name: &apos;Windows 10&apos;, os.arch: &apos;amd64&apos;, os.version: &apos;10.0&apos;, java.version: &apos;1.8.0_282&apos;
Driver info: driver.version: CEdgeDriver
remote stacktrace: 	GetHandleVerifier [0x00BDA2F3+37491]
	Microsoft::Applications::Events::time_ticks_t::time_ticks_t [0x00A7CB76+734246]
	Microsoft::Applications::Events::ILogConfiguration::operator* [0x0085471A+3482]
	Microsoft::Applications::Events::GUID_t::GUID_t [0x0087DBFA+65914]
	Microsoft::Applications::Events::GUID_t::GUID_t [0x0087D194+63252]
	Microsoft::Applications::Events::GUID_t::GUID_t [0x0087A37B+51451]
	Microsoft::Applications::Events::GUID_t::GUID_t [0x008760C8+34376]
	Microsoft::Applications::Events::GUID_t::GUID_t [0x008A79F7+237431]
	Microsoft::Applications::Events::GUID_t::GUID_t [0x008A722C+235436]
	Microsoft::Applications::Events::GUID_t::GUID_t [0x0089E0C6+198214]
	Microsoft::Applications::Events::GUID_t::GUID_t [0x00880B2F+77999]
	Microsoft::Applications::Events::GUID_t::GUID_t [0x0087FB99+74009]
	Microsoft::Applications::Events::GUID_t::GUID_t [0x0088057D+76541]
	GetHandleVerifier [0x00C5203C+528316]
	Microsoft::Applications::Events::FromJSON [0x00DA5B8C+660764]
	Microsoft::Applications::Events::FromJSON [0x00DA5498+658984]
	Microsoft::Applications::Events::FromJSON [0x00D96354+597220]
	Microsoft::Applications::Events::FromJSON [0x00DA6307+662679]
	Microsoft::Applications::Events::time_ticks_t::time_ticks_t [0x00A92A0D+823997]
	Microsoft::Applications::Events::time_ticks_t::time_ticks_t [0x00A85C78+771368]
	Microsoft::Applications::Events::time_ticks_t::time_ticks_t [0x00A85E5A+771850]
	Microsoft::Applications::Events::time_ticks_t::time_ticks_t [0x00A6E885+676149]
	BaseThreadInitThunk [0x76987BA9+25]
	RtlInitializeExceptionChain [0x7768C0CB+107]
	RtlClearBits [0x7768C04F+191]
</property>
</record>
<record>
  <date>2025-02-06T06:56:13</date>
  <millis>1738842973887</millis>
  <sequence>67</sequence>
  <level>END</level>
  <class>com.kms.katalon.core.logging.XmlKeywordLogger</class>
  <method>endTest</method>
  <thread>1</thread>
  <message>End Test Case : Test Cases/Registro_Envíos/1.Inicio/1.Principal/Principal-Home</message>
  <nestedLevel>1</nestedLevel>
  <escapedJava>false</escapedJava>
</record>
<record>
  <date>2025-02-06T06:56:13</date>
  <millis>1738842973887</millis>
  <sequence>72</sequence>
  <level>FAILED</level>
  <class>com.kms.katalon.core.logging.XmlKeywordLogger</class>
  <method>logMessage</method>
  <thread>1</thread>
  <message>Unable to call Test Case &amp;apos;Test Cases/Registro_Envíos/1.Inicio/1.Principal/Principal-Home&amp;apos; (Root cause: com.kms.katalon.core.exception.StepFailedException: Call Test Case &amp;apos;Test Cases/Registro_Envíos/1.Inicio/1.Principal/Principal-Home&amp;apos; failed
	at com.kms.katalon.core.keyword.builtin.CallTestCaseKeyword$_callTestCase_closure1.doCall(CallTestCaseKeyword.groovy:63)
	at com.kms.katalon.core.keyword.builtin.CallTestCaseKeyword$_callTestCase_closure1.call(CallTestCaseKeyword.groovy)
	at com.kms.katalon.core.keyword.internal.KeywordMain.runKeyword(KeywordMain.groovy:75)
	at com.kms.katalon.core.keyword.builtin.CallTestCaseKeyword.callTestCase(CallTestCaseKeyword.groovy:81)
	at com.kms.katalon.core.keyword.builtin.CallTestCaseKeyword.execute(CallTestCaseKeyword.groovy:44)
	at com.kms.katalon.core.keyword.internal.KeywordExecutor.executeKeywordForPlatform(KeywordExecutor.groovy:74)
	at com.kms.katalon.core.keyword.BuiltinKeywords.callTestCase(BuiltinKeywords.groovy:310)
	at 5. Dirección distinta al destino.run(5. Dirección distinta al destino:20)
	at com.kms.katalon.core.main.ScriptEngine.run(ScriptEngine.java:194)
	at com.kms.katalon.core.main.ScriptEngine.runScriptAsRawText(ScriptEngine.java:119)
	at com.kms.katalon.core.main.TestCaseExecutor.runScript(TestCaseExecutor.java:448)
	at com.kms.katalon.core.main.TestCaseExecutor.doExecute(TestCaseExecutor.java:439)
	at com.kms.katalon.core.main.TestCaseExecutor.processExecutionPhase(TestCaseExecutor.java:418)
	at com.kms.katalon.core.main.TestCaseExecutor.accessMainPhase(TestCaseExecutor.java:410)
	at com.kms.katalon.core.main.TestCaseExecutor.execute(TestCaseExecutor.java:285)
	at com.kms.katalon.core.common.CommonExecutor.accessTestCaseMainPhase(CommonExecutor.java:65)
	at com.kms.katalon.core.main.TestSuiteExecutor.accessTestSuiteMainPhase(TestSuiteExecutor.java:148)
	at com.kms.katalon.core.main.TestSuiteExecutor.execute(TestSuiteExecutor.java:106)
	at com.kms.katalon.core.main.TestCaseMain.startTestSuite(TestCaseMain.java:187)
	at com.kms.katalon.core.main.TestCaseMain$startTestSuite$0.call(Unknown Source)
	at TempTestSuite1738842962897.run(TempTestSuite1738842962897.groovy:35)
Caused by: com.kms.katalon.core.exception.StepFailedException: Unable to open browser with url: &amp;apos;&amp;apos;
	at com.kms.katalon.core.webui.keyword.internal.WebUIKeywordMain.stepFailed(WebUIKeywordMain.groovy:64)
	at com.kms.katalon.core.webui.keyword.internal.WebUIKeywordMain.runKeyword(WebUIKeywordMain.groovy:26)
	at com.kms.katalon.core.webui.keyword.builtin.OpenBrowserKeyword.openBrowser(OpenBrowserKeyword.groovy:81)
	at com.kms.katalon.core.webui.keyword.builtin.OpenBrowserKeyword.execute(OpenBrowserKeyword.groovy:67)
	at com.kms.katalon.core.keyword.internal.KeywordExecutor.executeKeywordForPlatform(KeywordExecutor.groovy:74)
	at com.kms.katalon.core.webui.keyword.WebUiBuiltInKeywords.openBrowser(WebUiBuiltInKeywords.groovy:64)
	at com.kms.katalon.core.webui.keyword.WebUiBuiltInKeywords$openBrowser.call(Unknown Source)
	at Principal-Home.run(Principal-Home:20)
	at com.kms.katalon.core.main.ScriptEngine.run(ScriptEngine.java:194)
	at com.kms.katalon.core.main.ScriptEngine.runScriptAsRawText(ScriptEngine.java:119)
	at com.kms.katalon.core.main.TestCaseExecutor.runScript(TestCaseExecutor.java:448)
	at com.kms.katalon.core.main.TestCaseExecutor.doExecute(TestCaseExecutor.java:439)
	at com.kms.katalon.core.main.TestCaseExecutor.processExecutionPhase(TestCaseExecutor.java:418)
	at com.kms.katalon.core.main.TestCaseExecutor.accessMainPhase(TestCaseExecutor.java:410)
	at com.kms.katalon.core.main.TestCaseExecutor.execute(TestCaseExecutor.java:285)
	at com.kms.katalon.core.main.TestCaseMain.runTestCase(TestCaseMain.java:144)
	at com.kms.katalon.core.keyword.builtin.CallTestCaseKeyword$_callTestCase_closure1.doCall(CallTestCaseKeyword.groovy:59)
	... 20 more
Caused by: org.openqa.selenium.SessionNotCreatedException: session not created: This version of Microsoft Edge WebDriver only supports Microsoft Edge version 130
Current browser version is 132.0.2957.140 with binary path C:\Program Files (x86)\Microsoft\Edge\Application\msedge.exe
Build info: version: &amp;apos;3.141.59&amp;apos;, revision: &amp;apos;e82be7d358&amp;apos;, time: &amp;apos;2018-11-14T08:25:53&amp;apos;
System info: host: &amp;apos;DL0097&amp;apos;, ip: &amp;apos;10.136.10.15&amp;apos;, os.name: &amp;apos;Windows 10&amp;apos;, os.arch: &amp;apos;amd64&amp;apos;, os.version: &amp;apos;10.0&amp;apos;, java.version: &amp;apos;1.8.0_282&amp;apos;
Driver info: driver.version: CEdgeDriver
remote stacktrace: 	GetHandleVerifier [0x00BDA2F3+37491]
	Microsoft::Applications::Events::time_ticks_t::time_ticks_t [0x00A7CB76+734246]
	Microsoft::Applications::Events::ILogConfiguration::operator* [0x0085471A+3482]
	Microsoft::Applications::Events::GUID_t::GUID_t [0x0087DBFA+65914]
	Microsoft::Applications::Events::GUID_t::GUID_t [0x0087D194+63252]
	Microsoft::Applications::Events::GUID_t::GUID_t [0x0087A37B+51451]
	Microsoft::Applications::Events::GUID_t::GUID_t [0x008760C8+34376]
	Microsoft::Applications::Events::GUID_t::GUID_t [0x008A79F7+237431]
	Microsoft::Applications::Events::GUID_t::GUID_t [0x008A722C+235436]
	Microsoft::Applications::Events::GUID_t::GUID_t [0x0089E0C6+198214]
	Microsoft::Applications::Events::GUID_t::GUID_t [0x00880B2F+77999]
	Microsoft::Applications::Events::GUID_t::GUID_t [0x0087FB99+74009]
	Microsoft::Applications::Events::GUID_t::GUID_t [0x0088057D+76541]
	GetHandleVerifier [0x00C5203C+528316]
	Microsoft::Applications::Events::FromJSON [0x00DA5B8C+660764]
	Microsoft::Applications::Events::FromJSON [0x00DA5498+658984]
	Microsoft::Applications::Events::FromJSON [0x00D96354+597220]
	Microsoft::Applications::Events::FromJSON [0x00DA6307+662679]
	Microsoft::Applications::Events::time_ticks_t::time_ticks_t [0x00A92A0D+823997]
	Microsoft::Applications::Events::time_ticks_t::time_ticks_t [0x00A85C78+771368]
	Microsoft::Applications::Events::time_ticks_t::time_ticks_t [0x00A85E5A+771850]
	Microsoft::Applications::Events::time_ticks_t::time_ticks_t [0x00A6E885+676149]
	BaseThreadInitThunk [0x76987BA9+25]
	RtlInitializeExceptionChain [0x7768C0CB+107]
	RtlClearBits [0x7768C04F+191]

	at org.openqa.selenium.remote.W3CHandshakeResponse.lambda$errorHandler$0(W3CHandshakeResponse.java:62)
	at org.openqa.selenium.remote.HandshakeResponse.lambda$getResponseFunction$0(HandshakeResponse.java:30)
	at org.openqa.selenium.remote.ProtocolHandshake.lambda$createSession$0(ProtocolHandshake.java:126)
	at org.openqa.selenium.remote.ProtocolHandshake.createSession(ProtocolHandshake.java:128)
	at org.openqa.selenium.remote.ProtocolHandshake.createSession(ProtocolHandshake.java:74)
	at org.openqa.selenium.remote.HttpCommandExecutor.execute(HttpCommandExecutor.java:136)
	at org.openqa.selenium.remote.service.DriverCommandExecutor.execute(DriverCommandExecutor.java:83)
	at org.openqa.selenium.remote.RemoteWebDriver.execute(RemoteWebDriver.java:552)
	at com.kms.katalon.selenium.driver.CEdgeDriver.execute(CEdgeDriver.java:20)
	at org.openqa.selenium.remote.RemoteWebDriver.startSession(RemoteWebDriver.java:213)
	at org.openqa.selenium.remote.RemoteWebDriver.&amp;lt;init&amp;gt;(RemoteWebDriver.java:131)
	at org.openqa.selenium.edge.EdgeDriver.&amp;lt;init&amp;gt;(EdgeDriver.java:154)
	at com.kms.katalon.selenium.driver.CEdgeDriver.&amp;lt;init&amp;gt;(CEdgeDriver.java:14)
	at com.kms.katalon.core.webui.driver.DriverFactory.createNewEdgeChromiumDriver(DriverFactory.java:674)
	at com.kms.katalon.core.webui.driver.DriverFactory.startNewBrowser(DriverFactory.java:389)
	at com.kms.katalon.core.webui.driver.DriverFactory.openWebDriver(DriverFactory.java:263)
	at com.kms.katalon.core.webui.keyword.builtin.OpenBrowserKeyword$_openBrowser_closure1.doCall(OpenBrowserKeyword.groovy:74)
	at com.kms.katalon.core.webui.keyword.builtin.OpenBrowserKeyword$_openBrowser_closure1.call(OpenBrowserKeyword.groovy)
	at com.kms.katalon.core.webui.keyword.internal.WebUIKeywordMain.runKeyword(WebUIKeywordMain.groovy:20)
	... 35 more
)</message>
  <nestedLevel>1</nestedLevel>
  <escapedJava>false</escapedJava>
  <property name="failed.exception.class">org.openqa.selenium.SessionNotCreatedException</property>
  <property name="failed.exception.stacktrace">org.openqa.selenium.SessionNotCreatedException: session not created: This version of Microsoft Edge WebDriver only supports Microsoft Edge version 130
Current browser version is 132.0.2957.140 with binary path C:\Program Files (x86)\Microsoft\Edge\Application\msedge.exe
Build info: version: &apos;3.141.59&apos;, revision: &apos;e82be7d358&apos;, time: &apos;2018-11-14T08:25:53&apos;
System info: host: &apos;DL0097&apos;, ip: &apos;10.136.10.15&apos;, os.name: &apos;Windows 10&apos;, os.arch: &apos;amd64&apos;, os.version: &apos;10.0&apos;, java.version: &apos;1.8.0_282&apos;
Driver info: driver.version: CEdgeDriver
remote stacktrace: 	GetHandleVerifier [0x00BDA2F3+37491]
	Microsoft::Applications::Events::time_ticks_t::time_ticks_t [0x00A7CB76+734246]
	Microsoft::Applications::Events::ILogConfiguration::operator* [0x0085471A+3482]
	Microsoft::Applications::Events::GUID_t::GUID_t [0x0087DBFA+65914]
	Microsoft::Applications::Events::GUID_t::GUID_t [0x0087D194+63252]
	Microsoft::Applications::Events::GUID_t::GUID_t [0x0087A37B+51451]
	Microsoft::Applications::Events::GUID_t::GUID_t [0x008760C8+34376]
	Microsoft::Applications::Events::GUID_t::GUID_t [0x008A79F7+237431]
	Microsoft::Applications::Events::GUID_t::GUID_t [0x008A722C+235436]
	Microsoft::Applications::Events::GUID_t::GUID_t [0x0089E0C6+198214]
	Microsoft::Applications::Events::GUID_t::GUID_t [0x00880B2F+77999]
	Microsoft::Applications::Events::GUID_t::GUID_t [0x0087FB99+74009]
	Microsoft::Applications::Events::GUID_t::GUID_t [0x0088057D+76541]
	GetHandleVerifier [0x00C5203C+528316]
	Microsoft::Applications::Events::FromJSON [0x00DA5B8C+660764]
	Microsoft::Applications::Events::FromJSON [0x00DA5498+658984]
	Microsoft::Applications::Events::FromJSON [0x00D96354+597220]
	Microsoft::Applications::Events::FromJSON [0x00DA6307+662679]
	Microsoft::Applications::Events::time_ticks_t::time_ticks_t [0x00A92A0D+823997]
	Microsoft::Applications::Events::time_ticks_t::time_ticks_t [0x00A85C78+771368]
	Microsoft::Applications::Events::time_ticks_t::time_ticks_t [0x00A85E5A+771850]
	Microsoft::Applications::Events::time_ticks_t::time_ticks_t [0x00A6E885+676149]
	BaseThreadInitThunk [0x76987BA9+25]
	RtlInitializeExceptionChain [0x7768C0CB+107]
	RtlClearBits [0x7768C04F+191]

	at org.openqa.selenium.remote.W3CHandshakeResponse.lambda$errorHandler$0(W3CHandshakeResponse.java:62)
	at org.openqa.selenium.remote.HandshakeResponse.lambda$getResponseFunction$0(HandshakeResponse.java:30)
	at org.openqa.selenium.remote.ProtocolHandshake.lambda$createSession$0(ProtocolHandshake.java:126)
	at org.openqa.selenium.remote.ProtocolHandshake.createSession(ProtocolHandshake.java:128)
	at org.openqa.selenium.remote.ProtocolHandshake.createSession(ProtocolHandshake.java:74)
	at org.openqa.selenium.remote.HttpCommandExecutor.execute(HttpCommandExecutor.java:136)
	at org.openqa.selenium.remote.service.DriverCommandExecutor.execute(DriverCommandExecutor.java:83)
	at org.openqa.selenium.remote.RemoteWebDriver.execute(RemoteWebDriver.java:552)
	at com.kms.katalon.selenium.driver.CEdgeDriver.execute(CEdgeDriver.java:20)
	at org.openqa.selenium.remote.RemoteWebDriver.startSession(RemoteWebDriver.java:213)
	at org.openqa.selenium.remote.RemoteWebDriver.&lt;init&gt;(RemoteWebDriver.java:131)
	at org.openqa.selenium.edge.EdgeDriver.&lt;init&gt;(EdgeDriver.java:154)
	at com.kms.katalon.selenium.driver.CEdgeDriver.&lt;init&gt;(CEdgeDriver.java:14)
	at com.kms.katalon.core.webui.driver.DriverFactory.createNewEdgeChromiumDriver(DriverFactory.java:674)
	at com.kms.katalon.core.webui.driver.DriverFactory.startNewBrowser(DriverFactory.java:389)
	at com.kms.katalon.core.webui.driver.DriverFactory.openWebDriver(DriverFactory.java:263)
	at com.kms.katalon.core.webui.keyword.builtin.OpenBrowserKeyword$_openBrowser_closure1.doCall(OpenBrowserKeyword.groovy:74)
	at com.kms.katalon.core.webui.keyword.builtin.OpenBrowserKeyword$_openBrowser_closure1.call(OpenBrowserKeyword.groovy)
	at com.kms.katalon.core.webui.keyword.internal.WebUIKeywordMain.runKeyword(WebUIKeywordMain.groovy:20)
	at com.kms.katalon.core.webui.keyword.builtin.OpenBrowserKeyword.openBrowser(OpenBrowserKeyword.groovy:81)
	at com.kms.katalon.core.webui.keyword.builtin.OpenBrowserKeyword.execute(OpenBrowserKeyword.groovy:67)
	at com.kms.katalon.core.keyword.internal.KeywordExecutor.executeKeywordForPlatform(KeywordExecutor.groovy:74)
	at com.kms.katalon.core.webui.keyword.WebUiBuiltInKeywords.openBrowser(WebUiBuiltInKeywords.groovy:64)
	at com.kms.katalon.core.webui.keyword.WebUiBuiltInKeywords$openBrowser.call(Unknown Source)
	at Principal-Home.run(Principal-Home:20)
	at com.kms.katalon.core.main.ScriptEngine.run(ScriptEngine.java:194)
	at com.kms.katalon.core.main.ScriptEngine.runScriptAsRawText(ScriptEngine.java:119)
	at com.kms.katalon.core.main.TestCaseExecutor.runScript(TestCaseExecutor.java:448)
	at com.kms.katalon.core.main.TestCaseExecutor.doExecute(TestCaseExecutor.java:439)
	at com.kms.katalon.core.main.TestCaseExecutor.processExecutionPhase(TestCaseExecutor.java:418)
	at com.kms.katalon.core.main.TestCaseExecutor.accessMainPhase(TestCaseExecutor.java:410)
	at com.kms.katalon.core.main.TestCaseExecutor.execute(TestCaseExecutor.java:285)
	at com.kms.katalon.core.main.TestCaseMain.runTestCase(TestCaseMain.java:144)
	at com.kms.katalon.core.keyword.builtin.CallTestCaseKeyword$_callTestCase_closure1.doCall(CallTestCaseKeyword.groovy:59)
	at com.kms.katalon.core.keyword.builtin.CallTestCaseKeyword$_callTestCase_closure1.call(CallTestCaseKeyword.groovy)
	at com.kms.katalon.core.keyword.internal.KeywordMain.runKeyword(KeywordMain.groovy:75)
	at com.kms.katalon.core.keyword.builtin.CallTestCaseKeyword.callTestCase(CallTestCaseKeyword.groovy:81)
	at com.kms.katalon.core.keyword.builtin.CallTestCaseKeyword.execute(CallTestCaseKeyword.groovy:44)
	at com.kms.katalon.core.keyword.internal.KeywordExecutor.executeKeywordForPlatform(KeywordExecutor.groovy:74)
	at com.kms.katalon.core.keyword.BuiltinKeywords.callTestCase(BuiltinKeywords.groovy:310)
	at 5. Dirección distinta al destino.run(5. Dirección distinta al destino:20)
	at com.kms.katalon.core.main.ScriptEngine.run(ScriptEngine.java:194)
	at com.kms.katalon.core.main.ScriptEngine.runScriptAsRawText(ScriptEngine.java:119)
	at com.kms.katalon.core.main.TestCaseExecutor.runScript(TestCaseExecutor.java:448)
	at com.kms.katalon.core.main.TestCaseExecutor.doExecute(TestCaseExecutor.java:439)
	at com.kms.katalon.core.main.TestCaseExecutor.processExecutionPhase(TestCaseExecutor.java:418)
	at com.kms.katalon.core.main.TestCaseExecutor.accessMainPhase(TestCaseExecutor.java:410)
	at com.kms.katalon.core.main.TestCaseExecutor.execute(TestCaseExecutor.java:285)
	at com.kms.katalon.core.common.CommonExecutor.accessTestCaseMainPhase(CommonExecutor.java:65)
	at com.kms.katalon.core.main.TestSuiteExecutor.accessTestSuiteMainPhase(TestSuiteExecutor.java:148)
	at com.kms.katalon.core.main.TestSuiteExecutor.execute(TestSuiteExecutor.java:106)
	at com.kms.katalon.core.main.TestCaseMain.startTestSuite(TestCaseMain.java:187)
	at com.kms.katalon.core.main.TestCaseMain$startTestSuite$0.call(Unknown Source)
	at TempTestSuite1738842962897.run(TempTestSuite1738842962897.groovy:35)
</property>
  <property name="failed.exception.message">session not created: This version of Microsoft Edge WebDriver only supports Microsoft Edge version 130
Current browser version is 132.0.2957.140 with binary path C:\Program Files (x86)\Microsoft\Edge\Application\msedge.exe
Build info: version: &apos;3.141.59&apos;, revision: &apos;e82be7d358&apos;, time: &apos;2018-11-14T08:25:53&apos;
System info: host: &apos;DL0097&apos;, ip: &apos;10.136.10.15&apos;, os.name: &apos;Windows 10&apos;, os.arch: &apos;amd64&apos;, os.version: &apos;10.0&apos;, java.version: &apos;1.8.0_282&apos;
Driver info: driver.version: CEdgeDriver
remote stacktrace: 	GetHandleVerifier [0x00BDA2F3+37491]
	Microsoft::Applications::Events::time_ticks_t::time_ticks_t [0x00A7CB76+734246]
	Microsoft::Applications::Events::ILogConfiguration::operator* [0x0085471A+3482]
	Microsoft::Applications::Events::GUID_t::GUID_t [0x0087DBFA+65914]
	Microsoft::Applications::Events::GUID_t::GUID_t [0x0087D194+63252]
	Microsoft::Applications::Events::GUID_t::GUID_t [0x0087A37B+51451]
	Microsoft::Applications::Events::GUID_t::GUID_t [0x008760C8+34376]
	Microsoft::Applications::Events::GUID_t::GUID_t [0x008A79F7+237431]
	Microsoft::Applications::Events::GUID_t::GUID_t [0x008A722C+235436]
	Microsoft::Applications::Events::GUID_t::GUID_t [0x0089E0C6+198214]
	Microsoft::Applications::Events::GUID_t::GUID_t [0x00880B2F+77999]
	Microsoft::Applications::Events::GUID_t::GUID_t [0x0087FB99+74009]
	Microsoft::Applications::Events::GUID_t::GUID_t [0x0088057D+76541]
	GetHandleVerifier [0x00C5203C+528316]
	Microsoft::Applications::Events::FromJSON [0x00DA5B8C+660764]
	Microsoft::Applications::Events::FromJSON [0x00DA5498+658984]
	Microsoft::Applications::Events::FromJSON [0x00D96354+597220]
	Microsoft::Applications::Events::FromJSON [0x00DA6307+662679]
	Microsoft::Applications::Events::time_ticks_t::time_ticks_t [0x00A92A0D+823997]
	Microsoft::Applications::Events::time_ticks_t::time_ticks_t [0x00A85C78+771368]
	Microsoft::Applications::Events::time_ticks_t::time_ticks_t [0x00A85E5A+771850]
	Microsoft::Applications::Events::time_ticks_t::time_ticks_t [0x00A6E885+676149]
	BaseThreadInitThunk [0x76987BA9+25]
	RtlInitializeExceptionChain [0x7768C0CB+107]
	RtlClearBits [0x7768C04F+191]
</property>
</record>
<record>
  <date>2025-02-06T06:56:13</date>
  <millis>1738842973887</millis>
  <sequence>76</sequence>
  <level>END</level>
  <class>com.kms.katalon.core.logging.XmlKeywordLogger</class>
  <method>endKeyword</method>
  <thread>1</thread>
  <message>End action : callTestCase(findTestCase(&amp;quot;Registro_Envíos/1.Inicio/1.Principal/Principal-Home&amp;quot;), [:], STOP_ON_FAILURE)</message>
  <nestedLevel>1</nestedLevel>
  <escapedJava>false</escapedJava>
</record>
<record>
  <date>2025-02-06T06:56:13</date>
  <millis>1738842973887</millis>
  <sequence>80</sequence>
  <level>FAILED</level>
  <class>com.kms.katalon.core.logging.XmlKeywordLogger</class>
  <method>logMessage</method>
  <thread>1</thread>
  <message>Test Cases/Registro_Envíos/3. Positivas/1. Paquetes/Origen Lima/2.Girley/Geo sin seleccionar/5. Dirección distinta al destino FAILED.
Reason:
com.kms.katalon.core.exception.StepFailedException: Call Test Case &amp;apos;Test Cases/Registro_Envíos/1.Inicio/1.Principal/Principal-Home&amp;apos; failed
	at com.kms.katalon.core.keyword.builtin.CallTestCaseKeyword$_callTestCase_closure1.doCall(CallTestCaseKeyword.groovy:63)
	at com.kms.katalon.core.keyword.builtin.CallTestCaseKeyword$_callTestCase_closure1.call(CallTestCaseKeyword.groovy)
	at com.kms.katalon.core.keyword.internal.KeywordMain.runKeyword(KeywordMain.groovy:75)
	at com.kms.katalon.core.keyword.builtin.CallTestCaseKeyword.callTestCase(CallTestCaseKeyword.groovy:81)
	at com.kms.katalon.core.keyword.builtin.CallTestCaseKeyword.execute(CallTestCaseKeyword.groovy:44)
	at com.kms.katalon.core.keyword.internal.KeywordExecutor.executeKeywordForPlatform(KeywordExecutor.groovy:74)
	at com.kms.katalon.core.keyword.BuiltinKeywords.callTestCase(BuiltinKeywords.groovy:310)
	at 5. Dirección distinta al destino.run(5. Dirección distinta al destino:20)
	at com.kms.katalon.core.main.ScriptEngine.run(ScriptEngine.java:194)
	at com.kms.katalon.core.main.ScriptEngine.runScriptAsRawText(ScriptEngine.java:119)
	at com.kms.katalon.core.main.TestCaseExecutor.runScript(TestCaseExecutor.java:448)
	at com.kms.katalon.core.main.TestCaseExecutor.doExecute(TestCaseExecutor.java:439)
	at com.kms.katalon.core.main.TestCaseExecutor.processExecutionPhase(TestCaseExecutor.java:418)
	at com.kms.katalon.core.main.TestCaseExecutor.accessMainPhase(TestCaseExecutor.java:410)
	at com.kms.katalon.core.main.TestCaseExecutor.execute(TestCaseExecutor.java:285)
	at com.kms.katalon.core.common.CommonExecutor.accessTestCaseMainPhase(CommonExecutor.java:65)
	at com.kms.katalon.core.main.TestSuiteExecutor.accessTestSuiteMainPhase(TestSuiteExecutor.java:148)
	at com.kms.katalon.core.main.TestSuiteExecutor.execute(TestSuiteExecutor.java:106)
	at com.kms.katalon.core.main.TestCaseMain.startTestSuite(TestCaseMain.java:187)
	at com.kms.katalon.core.main.TestCaseMain$startTestSuite$0.call(Unknown Source)
	at TempTestSuite1738842962897.run(TempTestSuite1738842962897.groovy:35)
Caused by: com.kms.katalon.core.exception.StepFailedException: Unable to open browser with url: &amp;apos;&amp;apos;
	at com.kms.katalon.core.webui.keyword.internal.WebUIKeywordMain.stepFailed(WebUIKeywordMain.groovy:64)
	at com.kms.katalon.core.webui.keyword.internal.WebUIKeywordMain.runKeyword(WebUIKeywordMain.groovy:26)
	at com.kms.katalon.core.webui.keyword.builtin.OpenBrowserKeyword.openBrowser(OpenBrowserKeyword.groovy:81)
	at com.kms.katalon.core.webui.keyword.builtin.OpenBrowserKeyword.execute(OpenBrowserKeyword.groovy:67)
	at com.kms.katalon.core.keyword.internal.KeywordExecutor.executeKeywordForPlatform(KeywordExecutor.groovy:74)
	at com.kms.katalon.core.webui.keyword.WebUiBuiltInKeywords.openBrowser(WebUiBuiltInKeywords.groovy:64)
	at com.kms.katalon.core.webui.keyword.WebUiBuiltInKeywords$openBrowser.call(Unknown Source)
	at Principal-Home.run(Principal-Home:20)
	at com.kms.katalon.core.main.ScriptEngine.run(ScriptEngine.java:194)
	at com.kms.katalon.core.main.ScriptEngine.runScriptAsRawText(ScriptEngine.java:119)
	at com.kms.katalon.core.main.TestCaseExecutor.runScript(TestCaseExecutor.java:448)
	at com.kms.katalon.core.main.TestCaseExecutor.doExecute(TestCaseExecutor.java:439)
	at com.kms.katalon.core.main.TestCaseExecutor.processExecutionPhase(TestCaseExecutor.java:418)
	at com.kms.katalon.core.main.TestCaseExecutor.accessMainPhase(TestCaseExecutor.java:410)
	at com.kms.katalon.core.main.TestCaseExecutor.execute(TestCaseExecutor.java:285)
	at com.kms.katalon.core.main.TestCaseMain.runTestCase(TestCaseMain.java:144)
	at com.kms.katalon.core.keyword.builtin.CallTestCaseKeyword$_callTestCase_closure1.doCall(CallTestCaseKeyword.groovy:59)
	... 20 more
Caused by: org.openqa.selenium.SessionNotCreatedException: session not created: This version of Microsoft Edge WebDriver only supports Microsoft Edge version 130
Current browser version is 132.0.2957.140 with binary path C:\Program Files (x86)\Microsoft\Edge\Application\msedge.exe
Build info: version: &amp;apos;3.141.59&amp;apos;, revision: &amp;apos;e82be7d358&amp;apos;, time: &amp;apos;2018-11-14T08:25:53&amp;apos;
System info: host: &amp;apos;DL0097&amp;apos;, ip: &amp;apos;10.136.10.15&amp;apos;, os.name: &amp;apos;Windows 10&amp;apos;, os.arch: &amp;apos;amd64&amp;apos;, os.version: &amp;apos;10.0&amp;apos;, java.version: &amp;apos;1.8.0_282&amp;apos;
Driver info: driver.version: CEdgeDriver
remote stacktrace: 	GetHandleVerifier [0x00BDA2F3+37491]
	Microsoft::Applications::Events::time_ticks_t::time_ticks_t [0x00A7CB76+734246]
	Microsoft::Applications::Events::ILogConfiguration::operator* [0x0085471A+3482]
	Microsoft::Applications::Events::GUID_t::GUID_t [0x0087DBFA+65914]
	Microsoft::Applications::Events::GUID_t::GUID_t [0x0087D194+63252]
	Microsoft::Applications::Events::GUID_t::GUID_t [0x0087A37B+51451]
	Microsoft::Applications::Events::GUID_t::GUID_t [0x008760C8+34376]
	Microsoft::Applications::Events::GUID_t::GUID_t [0x008A79F7+237431]
	Microsoft::Applications::Events::GUID_t::GUID_t [0x008A722C+235436]
	Microsoft::Applications::Events::GUID_t::GUID_t [0x0089E0C6+198214]
	Microsoft::Applications::Events::GUID_t::GUID_t [0x00880B2F+77999]
	Microsoft::Applications::Events::GUID_t::GUID_t [0x0087FB99+74009]
	Microsoft::Applications::Events::GUID_t::GUID_t [0x0088057D+76541]
	GetHandleVerifier [0x00C5203C+528316]
	Microsoft::Applications::Events::FromJSON [0x00DA5B8C+660764]
	Microsoft::Applications::Events::FromJSON [0x00DA5498+658984]
	Microsoft::Applications::Events::FromJSON [0x00D96354+597220]
	Microsoft::Applications::Events::FromJSON [0x00DA6307+662679]
	Microsoft::Applications::Events::time_ticks_t::time_ticks_t [0x00A92A0D+823997]
	Microsoft::Applications::Events::time_ticks_t::time_ticks_t [0x00A85C78+771368]
	Microsoft::Applications::Events::time_ticks_t::time_ticks_t [0x00A85E5A+771850]
	Microsoft::Applications::Events::time_ticks_t::time_ticks_t [0x00A6E885+676149]
	BaseThreadInitThunk [0x76987BA9+25]
	RtlInitializeExceptionChain [0x7768C0CB+107]
	RtlClearBits [0x7768C04F+191]

	at org.openqa.selenium.remote.W3CHandshakeResponse.lambda$errorHandler$0(W3CHandshakeResponse.java:62)
	at org.openqa.selenium.remote.HandshakeResponse.lambda$getResponseFunction$0(HandshakeResponse.java:30)
	at org.openqa.selenium.remote.ProtocolHandshake.lambda$createSession$0(ProtocolHandshake.java:126)
	at org.openqa.selenium.remote.ProtocolHandshake.createSession(ProtocolHandshake.java:128)
	at org.openqa.selenium.remote.ProtocolHandshake.createSession(ProtocolHandshake.java:74)
	at org.openqa.selenium.remote.HttpCommandExecutor.execute(HttpCommandExecutor.java:136)
	at org.openqa.selenium.remote.service.DriverCommandExecutor.execute(DriverCommandExecutor.java:83)
	at org.openqa.selenium.remote.RemoteWebDriver.execute(RemoteWebDriver.java:552)
	at com.kms.katalon.selenium.driver.CEdgeDriver.execute(CEdgeDriver.java:20)
	at org.openqa.selenium.remote.RemoteWebDriver.startSession(RemoteWebDriver.java:213)
	at org.openqa.selenium.remote.RemoteWebDriver.&amp;lt;init&amp;gt;(RemoteWebDriver.java:131)
	at org.openqa.selenium.edge.EdgeDriver.&amp;lt;init&amp;gt;(EdgeDriver.java:154)
	at com.kms.katalon.selenium.driver.CEdgeDriver.&amp;lt;init&amp;gt;(CEdgeDriver.java:14)
	at com.kms.katalon.core.webui.driver.DriverFactory.createNewEdgeChromiumDriver(DriverFactory.java:674)
	at com.kms.katalon.core.webui.driver.DriverFactory.startNewBrowser(DriverFactory.java:389)
	at com.kms.katalon.core.webui.driver.DriverFactory.openWebDriver(DriverFactory.java:263)
	at com.kms.katalon.core.webui.keyword.builtin.OpenBrowserKeyword$_openBrowser_closure1.doCall(OpenBrowserKeyword.groovy:74)
	at com.kms.katalon.core.webui.keyword.builtin.OpenBrowserKeyword$_openBrowser_closure1.call(OpenBrowserKeyword.groovy)
	at com.kms.katalon.core.webui.keyword.internal.WebUIKeywordMain.runKeyword(WebUIKeywordMain.groovy:20)
	... 35 more
</message>
  <exception>
    <message>com.kms.katalon.core.exception.StepFailedException: Call Test Case 'Test Cases/Registro_Envíos/1.Inicio/1.Principal/Principal-Home' failed</message>
    <frame>
      <class>com.kms.katalon.core.keyword.builtin.CallTestCaseKeyword$_callTestCase_closure1</class>
      <method>doCall</method>
      <line>63</line>
    </frame>
    <frame>
      <class>com.kms.katalon.core.keyword.builtin.CallTestCaseKeyword$_callTestCase_closure1</class>
      <method>call</method>
    </frame>
    <frame>
      <class>com.kms.katalon.core.keyword.internal.KeywordMain</class>
      <method>runKeyword</method>
      <line>75</line>
    </frame>
    <frame>
      <class>com.kms.katalon.core.keyword.builtin.CallTestCaseKeyword</class>
      <method>callTestCase</method>
      <line>81</line>
    </frame>
    <frame>
      <class>com.kms.katalon.core.keyword.builtin.CallTestCaseKeyword</class>
      <method>execute</method>
      <line>44</line>
    </frame>
    <frame>
      <class>com.kms.katalon.core.keyword.internal.KeywordExecutor</class>
      <method>executeKeywordForPlatform</method>
      <line>74</line>
    </frame>
    <frame>
      <class>com.kms.katalon.core.keyword.BuiltinKeywords</class>
      <method>callTestCase</method>
      <line>310</line>
    </frame>
    <frame>
      <class>5. Dirección distinta al destino</class>
      <method>run</method>
      <line>20</line>
    </frame>
    <frame>
      <class>com.kms.katalon.core.main.ScriptEngine</class>
      <method>run</method>
      <line>194</line>
    </frame>
    <frame>
      <class>com.kms.katalon.core.main.ScriptEngine</class>
      <method>runScriptAsRawText</method>
      <line>119</line>
    </frame>
    <frame>
      <class>com.kms.katalon.core.main.TestCaseExecutor</class>
      <method>runScript</method>
      <line>448</line>
    </frame>
    <frame>
      <class>com.kms.katalon.core.main.TestCaseExecutor</class>
      <method>doExecute</method>
      <line>439</line>
    </frame>
    <frame>
      <class>com.kms.katalon.core.main.TestCaseExecutor</class>
      <method>processExecutionPhase</method>
      <line>418</line>
    </frame>
    <frame>
      <class>com.kms.katalon.core.main.TestCaseExecutor</class>
      <method>accessMainPhase</method>
      <line>410</line>
    </frame>
    <frame>
      <class>com.kms.katalon.core.main.TestCaseExecutor</class>
      <method>execute</method>
      <line>285</line>
    </frame>
    <frame>
      <class>com.kms.katalon.core.common.CommonExecutor</class>
      <method>accessTestCaseMainPhase</method>
      <line>65</line>
    </frame>
    <frame>
      <class>com.kms.katalon.core.main.TestSuiteExecutor</class>
      <method>accessTestSuiteMainPhase</method>
      <line>148</line>
    </frame>
    <frame>
      <class>com.kms.katalon.core.main.TestSuiteExecutor</class>
      <method>execute</method>
      <line>106</line>
    </frame>
    <frame>
      <class>com.kms.katalon.core.main.TestCaseMain</class>
      <method>startTestSuite</method>
      <line>187</line>
    </frame>
    <frame>
      <class>com.kms.katalon.core.main.TestCaseMain$startTestSuite$0</class>
      <method>call</method>
    </frame>
    <frame>
      <class>TempTestSuite1738842962897</class>
      <method>run</method>
      <line>35</line>
    </frame>
  </exception>
  <nestedLevel>0</nestedLevel>
  <escapedJava>false</escapedJava>
  <property name="failed.exception.stacktrace">org.openqa.selenium.SessionNotCreatedException: session not created: This version of Microsoft Edge WebDriver only supports Microsoft Edge version 130
Current browser version is 132.0.2957.140 with binary path C:\Program Files (x86)\Microsoft\Edge\Application\msedge.exe
Build info: version: &apos;3.141.59&apos;, revision: &apos;e82be7d358&apos;, time: &apos;2018-11-14T08:25:53&apos;
System info: host: &apos;DL0097&apos;, ip: &apos;10.136.10.15&apos;, os.name: &apos;Windows 10&apos;, os.arch: &apos;amd64&apos;, os.version: &apos;10.0&apos;, java.version: &apos;1.8.0_282&apos;
Driver info: driver.version: CEdgeDriver
remote stacktrace: 	GetHandleVerifier [0x00BDA2F3+37491]
	Microsoft::Applications::Events::time_ticks_t::time_ticks_t [0x00A7CB76+734246]
	Microsoft::Applications::Events::ILogConfiguration::operator* [0x0085471A+3482]
	Microsoft::Applications::Events::GUID_t::GUID_t [0x0087DBFA+65914]
	Microsoft::Applications::Events::GUID_t::GUID_t [0x0087D194+63252]
	Microsoft::Applications::Events::GUID_t::GUID_t [0x0087A37B+51451]
	Microsoft::Applications::Events::GUID_t::GUID_t [0x008760C8+34376]
	Microsoft::Applications::Events::GUID_t::GUID_t [0x008A79F7+237431]
	Microsoft::Applications::Events::GUID_t::GUID_t [0x008A722C+235436]
	Microsoft::Applications::Events::GUID_t::GUID_t [0x0089E0C6+198214]
	Microsoft::Applications::Events::GUID_t::GUID_t [0x00880B2F+77999]
	Microsoft::Applications::Events::GUID_t::GUID_t [0x0087FB99+74009]
	Microsoft::Applications::Events::GUID_t::GUID_t [0x0088057D+76541]
	GetHandleVerifier [0x00C5203C+528316]
	Microsoft::Applications::Events::FromJSON [0x00DA5B8C+660764]
	Microsoft::Applications::Events::FromJSON [0x00DA5498+658984]
	Microsoft::Applications::Events::FromJSON [0x00D96354+597220]
	Microsoft::Applications::Events::FromJSON [0x00DA6307+662679]
	Microsoft::Applications::Events::time_ticks_t::time_ticks_t [0x00A92A0D+823997]
	Microsoft::Applications::Events::time_ticks_t::time_ticks_t [0x00A85C78+771368]
	Microsoft::Applications::Events::time_ticks_t::time_ticks_t [0x00A85E5A+771850]
	Microsoft::Applications::Events::time_ticks_t::time_ticks_t [0x00A6E885+676149]
	BaseThreadInitThunk [0x76987BA9+25]
	RtlInitializeExceptionChain [0x7768C0CB+107]
	RtlClearBits [0x7768C04F+191]

	at org.openqa.selenium.remote.W3CHandshakeResponse.lambda$errorHandler$0(W3CHandshakeResponse.java:62)
	at org.openqa.selenium.remote.HandshakeResponse.lambda$getResponseFunction$0(HandshakeResponse.java:30)
	at org.openqa.selenium.remote.ProtocolHandshake.lambda$createSession$0(ProtocolHandshake.java:126)
	at org.openqa.selenium.remote.ProtocolHandshake.createSession(ProtocolHandshake.java:128)
	at org.openqa.selenium.remote.ProtocolHandshake.createSession(ProtocolHandshake.java:74)
	at org.openqa.selenium.remote.HttpCommandExecutor.execute(HttpCommandExecutor.java:136)
	at org.openqa.selenium.remote.service.DriverCommandExecutor.execute(DriverCommandExecutor.java:83)
	at org.openqa.selenium.remote.RemoteWebDriver.execute(RemoteWebDriver.java:552)
	at com.kms.katalon.selenium.driver.CEdgeDriver.execute(CEdgeDriver.java:20)
	at org.openqa.selenium.remote.RemoteWebDriver.startSession(RemoteWebDriver.java:213)
	at org.openqa.selenium.remote.RemoteWebDriver.&lt;init&gt;(RemoteWebDriver.java:131)
	at org.openqa.selenium.edge.EdgeDriver.&lt;init&gt;(EdgeDriver.java:154)
	at com.kms.katalon.selenium.driver.CEdgeDriver.&lt;init&gt;(CEdgeDriver.java:14)
	at com.kms.katalon.core.webui.driver.DriverFactory.createNewEdgeChromiumDriver(DriverFactory.java:674)
	at com.kms.katalon.core.webui.driver.DriverFactory.startNewBrowser(DriverFactory.java:389)
	at com.kms.katalon.core.webui.driver.DriverFactory.openWebDriver(DriverFactory.java:263)
	at com.kms.katalon.core.webui.keyword.builtin.OpenBrowserKeyword$_openBrowser_closure1.doCall(OpenBrowserKeyword.groovy:74)
	at com.kms.katalon.core.webui.keyword.builtin.OpenBrowserKeyword$_openBrowser_closure1.call(OpenBrowserKeyword.groovy)
	at com.kms.katalon.core.webui.keyword.internal.WebUIKeywordMain.runKeyword(WebUIKeywordMain.groovy:20)
	at com.kms.katalon.core.webui.keyword.builtin.OpenBrowserKeyword.openBrowser(OpenBrowserKeyword.groovy:81)
	at com.kms.katalon.core.webui.keyword.builtin.OpenBrowserKeyword.execute(OpenBrowserKeyword.groovy:67)
	at com.kms.katalon.core.keyword.internal.KeywordExecutor.executeKeywordForPlatform(KeywordExecutor.groovy:74)
	at com.kms.katalon.core.webui.keyword.WebUiBuiltInKeywords.openBrowser(WebUiBuiltInKeywords.groovy:64)
	at com.kms.katalon.core.webui.keyword.WebUiBuiltInKeywords$openBrowser.call(Unknown Source)
	at Principal-Home.run(Principal-Home:20)
	at com.kms.katalon.core.main.ScriptEngine.run(ScriptEngine.java:194)
	at com.kms.katalon.core.main.ScriptEngine.runScriptAsRawText(ScriptEngine.java:119)
	at com.kms.katalon.core.main.TestCaseExecutor.runScript(TestCaseExecutor.java:448)
	at com.kms.katalon.core.main.TestCaseExecutor.doExecute(TestCaseExecutor.java:439)
	at com.kms.katalon.core.main.TestCaseExecutor.processExecutionPhase(TestCaseExecutor.java:418)
	at com.kms.katalon.core.main.TestCaseExecutor.accessMainPhase(TestCaseExecutor.java:410)
	at com.kms.katalon.core.main.TestCaseExecutor.execute(TestCaseExecutor.java:285)
	at com.kms.katalon.core.main.TestCaseMain.runTestCase(TestCaseMain.java:144)
	at com.kms.katalon.core.keyword.builtin.CallTestCaseKeyword$_callTestCase_closure1.doCall(CallTestCaseKeyword.groovy:59)
	at com.kms.katalon.core.keyword.builtin.CallTestCaseKeyword$_callTestCase_closure1.call(CallTestCaseKeyword.groovy)
	at com.kms.katalon.core.keyword.internal.KeywordMain.runKeyword(KeywordMain.groovy:75)
	at com.kms.katalon.core.keyword.builtin.CallTestCaseKeyword.callTestCase(CallTestCaseKeyword.groovy:81)
	at com.kms.katalon.core.keyword.builtin.CallTestCaseKeyword.execute(CallTestCaseKeyword.groovy:44)
	at com.kms.katalon.core.keyword.internal.KeywordExecutor.executeKeywordForPlatform(KeywordExecutor.groovy:74)
	at com.kms.katalon.core.keyword.BuiltinKeywords.callTestCase(BuiltinKeywords.groovy:310)
	at 5. Dirección distinta al destino.run(5. Dirección distinta al destino:20)
	at com.kms.katalon.core.main.ScriptEngine.run(ScriptEngine.java:194)
	at com.kms.katalon.core.main.ScriptEngine.runScriptAsRawText(ScriptEngine.java:119)
	at com.kms.katalon.core.main.TestCaseExecutor.runScript(TestCaseExecutor.java:448)
	at com.kms.katalon.core.main.TestCaseExecutor.doExecute(TestCaseExecutor.java:439)
	at com.kms.katalon.core.main.TestCaseExecutor.processExecutionPhase(TestCaseExecutor.java:418)
	at com.kms.katalon.core.main.TestCaseExecutor.accessMainPhase(TestCaseExecutor.java:410)
	at com.kms.katalon.core.main.TestCaseExecutor.execute(TestCaseExecutor.java:285)
	at com.kms.katalon.core.common.CommonExecutor.accessTestCaseMainPhase(CommonExecutor.java:65)
	at com.kms.katalon.core.main.TestSuiteExecutor.accessTestSuiteMainPhase(TestSuiteExecutor.java:148)
	at com.kms.katalon.core.main.TestSuiteExecutor.execute(TestSuiteExecutor.java:106)
	at com.kms.katalon.core.main.TestCaseMain.startTestSuite(TestCaseMain.java:187)
	at com.kms.katalon.core.main.TestCaseMain$startTestSuite$0.call(Unknown Source)
	at TempTestSuite1738842962897.run(TempTestSuite1738842962897.groovy:35)
</property>
  <property name="failed.exception.class">org.openqa.selenium.SessionNotCreatedException</property>
  <property name="failed.exception.message">session not created: This version of Microsoft Edge WebDriver only supports Microsoft Edge version 130
Current browser version is 132.0.2957.140 with binary path C:\Program Files (x86)\Microsoft\Edge\Application\msedge.exe
Build info: version: &apos;3.141.59&apos;, revision: &apos;e82be7d358&apos;, time: &apos;2018-11-14T08:25:53&apos;
System info: host: &apos;DL0097&apos;, ip: &apos;10.136.10.15&apos;, os.name: &apos;Windows 10&apos;, os.arch: &apos;amd64&apos;, os.version: &apos;10.0&apos;, java.version: &apos;1.8.0_282&apos;
Driver info: driver.version: CEdgeDriver
remote stacktrace: 	GetHandleVerifier [0x00BDA2F3+37491]
	Microsoft::Applications::Events::time_ticks_t::time_ticks_t [0x00A7CB76+734246]
	Microsoft::Applications::Events::ILogConfiguration::operator* [0x0085471A+3482]
	Microsoft::Applications::Events::GUID_t::GUID_t [0x0087DBFA+65914]
	Microsoft::Applications::Events::GUID_t::GUID_t [0x0087D194+63252]
	Microsoft::Applications::Events::GUID_t::GUID_t [0x0087A37B+51451]
	Microsoft::Applications::Events::GUID_t::GUID_t [0x008760C8+34376]
	Microsoft::Applications::Events::GUID_t::GUID_t [0x008A79F7+237431]
	Microsoft::Applications::Events::GUID_t::GUID_t [0x008A722C+235436]
	Microsoft::Applications::Events::GUID_t::GUID_t [0x0089E0C6+198214]
	Microsoft::Applications::Events::GUID_t::GUID_t [0x00880B2F+77999]
	Microsoft::Applications::Events::GUID_t::GUID_t [0x0087FB99+74009]
	Microsoft::Applications::Events::GUID_t::GUID_t [0x0088057D+76541]
	GetHandleVerifier [0x00C5203C+528316]
	Microsoft::Applications::Events::FromJSON [0x00DA5B8C+660764]
	Microsoft::Applications::Events::FromJSON [0x00DA5498+658984]
	Microsoft::Applications::Events::FromJSON [0x00D96354+597220]
	Microsoft::Applications::Events::FromJSON [0x00DA6307+662679]
	Microsoft::Applications::Events::time_ticks_t::time_ticks_t [0x00A92A0D+823997]
	Microsoft::Applications::Events::time_ticks_t::time_ticks_t [0x00A85C78+771368]
	Microsoft::Applications::Events::time_ticks_t::time_ticks_t [0x00A85E5A+771850]
	Microsoft::Applications::Events::time_ticks_t::time_ticks_t [0x00A6E885+676149]
	BaseThreadInitThunk [0x76987BA9+25]
	RtlInitializeExceptionChain [0x7768C0CB+107]
	RtlClearBits [0x7768C04F+191]
</property>
</record>
<record>
  <date>2025-02-06T06:56:13</date>
  <millis>1738842973895</millis>
  <sequence>82</sequence>
  <level>END</level>
  <class>com.kms.katalon.core.logging.XmlKeywordLogger</class>
  <method>endTest</method>
  <thread>1</thread>
  <message>End Test Case : Test Cases/Registro_Envíos/3. Positivas/1. Paquetes/Origen Lima/2.Girley/Geo sin seleccionar/5. Dirección distinta al destino</message>
  <nestedLevel>0</nestedLevel>
  <escapedJava>false</escapedJava>
  <property name="executionBindingVariables">[]</property>
  <property name="applitools">false</property>
  <property name="keywordsUsage">{
  &quot;web_ui&quot;: true,
  &quot;web_service&quot;: false,
  &quot;cucumber&quot;: false,
  &quot;builtin&quot;: true,
  &quot;mobile&quot;: false,
  &quot;windows&quot;: false,
  &quot;testng&quot;: false
}</property>
</record>
<record>
  <date>2025-02-06T06:56:13</date>
  <millis>1738842973897</millis>
  <sequence>83</sequence>
  <level>START</level>
  <class>com.kms.katalon.core.logging.XmlKeywordLogger</class>
  <method>startTest</method>
  <thread>1</thread>
  <message>Start Test Case : Test Cases/Registro_Envíos/3. Positivas/1. Paquetes/Origen Lima/2.Girley/Geo sin seleccionar/4. Dirección nueva</message>
  <nestedLevel>1</nestedLevel>
  <escapedJava>false</escapedJava>
  <property name="name">Test Cases/Registro_Envíos/3. Positivas/1. Paquetes/Origen Lima/2.Girley/Geo sin seleccionar/4. Dirección nueva</property>
  <property name="description"></property>
  <property name="iteration"></property>
  <property name="id">Test Cases/Registro_Envíos/3. Positivas/1. Paquetes/Origen Lima/2.Girley/Geo sin seleccionar/4. Dirección nueva</property>
  <property name="source">F:\Git\RegistroEnvios\Test Cases\Registro_Envíos\3. Positivas\1. Paquetes\Origen Lima\2.Girley\Geo sin seleccionar\4. Dirección nueva.tc</property>
  <property name="tag"></property>
  <property name="isOptional">false</property>
</record>
<record>
  <date>2025-02-06T06:56:14</date>
  <millis>1738842974075</millis>
  <sequence>85</sequence>
  <level>START</level>
  <class>com.kms.katalon.core.logging.XmlKeywordLogger</class>
  <method>startKeyword</method>
  <thread>1</thread>
  <message>Start action : callTestCase(findTestCase(&amp;quot;Registro_Envíos/1.Inicio/1.Principal/Principal-Home&amp;quot;), [:], STOP_ON_FAILURE)</message>
  <nestedLevel>1</nestedLevel>
  <escapedJava>false</escapedJava>
  <property name="startLine">20</property>
  <property name="stepIndex">1</property>
</record>
<record>
  <date>2025-02-06T06:56:14</date>
  <millis>1738842974137</millis>
  <sequence>88</sequence>
  <level>START</level>
  <class>com.kms.katalon.core.logging.XmlKeywordLogger</class>
  <method>startTest</method>
  <thread>1</thread>
  <message>Start Test Case : Test Cases/Registro_Envíos/1.Inicio/1.Principal/Principal-Home</message>
  <nestedLevel>2</nestedLevel>
  <escapedJava>false</escapedJava>
  <property name="name">Test Cases/Registro_Envíos/1.Inicio/1.Principal/Principal-Home</property>
  <property name="description"></property>
  <property name="iteration"></property>
  <property name="id">Test Cases/Registro_Envíos/1.Inicio/1.Principal/Principal-Home</property>
  <property name="source">F:\Git\RegistroEnvios\Test Cases\Registro_Envíos\1.Inicio\1.Principal\Principal-Home.tc</property>
  <property name="tag"></property>
  <property name="isOptional">false</property>
</record>
<record>
  <date>2025-02-06T06:56:14</date>
  <millis>1738842974144</millis>
  <sequence>90</sequence>
  <level>START</level>
  <class>com.kms.katalon.core.logging.XmlKeywordLogger</class>
  <method>startKeyword</method>
  <thread>1</thread>
  <message>Start action : openBrowser(&amp;quot;&amp;quot;)</message>
  <nestedLevel>1</nestedLevel>
  <escapedJava>false</escapedJava>
  <property name="startLine">20</property>
  <property name="stepIndex">1</property>
</record>
<record>
  <date>2025-02-06T06:56:14</date>
  <millis>1738842974145</millis>
  <sequence>92</sequence>
  <level>INFO</level>
  <class>com.kms.katalon.core.logging.XmlKeywordLogger</class>
  <method>logMessage</method>
  <thread>1</thread>
  <message>Starting &amp;apos;Edge Chromium&amp;apos; driver</message>
  <nestedLevel>2</nestedLevel>
  <escapedJava>false</escapedJava>
</record>
<record>
  <date>2025-02-06T06:56:14</date>
  <millis>1738842974148</millis>
  <sequence>94</sequence>
  <level>INFO</level>
  <class>com.kms.katalon.core.logging.XmlKeywordLogger</class>
  <method>logMessage</method>
  <thread>1</thread>
  <message>Action delay is set to 0 milliseconds</message>
  <nestedLevel>2</nestedLevel>
  <escapedJava>false</escapedJava>
</record>
<record>
  <date>2025-02-06T06:56:14</date>
  <millis>1738842974826</millis>
  <sequence>98</sequence>
  <level>FAILED</level>
  <class>com.kms.katalon.core.logging.XmlKeywordLogger</class>
  <method>logMessage</method>
  <thread>1</thread>
  <message>Unable to open browser with url: &amp;apos;&amp;apos; (Root cause: com.kms.katalon.core.exception.StepFailedException: Unable to open browser with url: &amp;apos;&amp;apos;
	at com.kms.katalon.core.webui.keyword.internal.WebUIKeywordMain.stepFailed(WebUIKeywordMain.groovy:64)
	at com.kms.katalon.core.webui.keyword.internal.WebUIKeywordMain.runKeyword(WebUIKeywordMain.groovy:26)
	at com.kms.katalon.core.webui.keyword.builtin.OpenBrowserKeyword.openBrowser(OpenBrowserKeyword.groovy:81)
	at com.kms.katalon.core.webui.keyword.builtin.OpenBrowserKeyword.execute(OpenBrowserKeyword.groovy:67)
	at com.kms.katalon.core.keyword.internal.KeywordExecutor.executeKeywordForPlatform(KeywordExecutor.groovy:74)
	at com.kms.katalon.core.webui.keyword.WebUiBuiltInKeywords.openBrowser(WebUiBuiltInKeywords.groovy:64)
	at com.kms.katalon.core.webui.keyword.WebUiBuiltInKeywords$openBrowser.call(Unknown Source)
	at Principal-Home.run(Principal-Home:20)
	at com.kms.katalon.core.main.ScriptEngine.run(ScriptEngine.java:194)
	at com.kms.katalon.core.main.ScriptEngine.runScriptAsRawText(ScriptEngine.java:119)
	at com.kms.katalon.core.main.TestCaseExecutor.runScript(TestCaseExecutor.java:448)
	at com.kms.katalon.core.main.TestCaseExecutor.doExecute(TestCaseExecutor.java:439)
	at com.kms.katalon.core.main.TestCaseExecutor.processExecutionPhase(TestCaseExecutor.java:418)
	at com.kms.katalon.core.main.TestCaseExecutor.accessMainPhase(TestCaseExecutor.java:410)
	at com.kms.katalon.core.main.TestCaseExecutor.execute(TestCaseExecutor.java:285)
	at com.kms.katalon.core.main.TestCaseMain.runTestCase(TestCaseMain.java:144)
	at com.kms.katalon.core.keyword.builtin.CallTestCaseKeyword$_callTestCase_closure1.doCall(CallTestCaseKeyword.groovy:59)
	at com.kms.katalon.core.keyword.builtin.CallTestCaseKeyword$_callTestCase_closure1.call(CallTestCaseKeyword.groovy)
	at com.kms.katalon.core.keyword.internal.KeywordMain.runKeyword(KeywordMain.groovy:75)
	at com.kms.katalon.core.keyword.builtin.CallTestCaseKeyword.callTestCase(CallTestCaseKeyword.groovy:81)
	at com.kms.katalon.core.keyword.builtin.CallTestCaseKeyword.execute(CallTestCaseKeyword.groovy:44)
	at com.kms.katalon.core.keyword.internal.KeywordExecutor.executeKeywordForPlatform(KeywordExecutor.groovy:74)
	at com.kms.katalon.core.keyword.BuiltinKeywords.callTestCase(BuiltinKeywords.groovy:310)
	at 4. Dirección nueva.run(4. Dirección nueva:20)
	at com.kms.katalon.core.main.ScriptEngine.run(ScriptEngine.java:194)
	at com.kms.katalon.core.main.ScriptEngine.runScriptAsRawText(ScriptEngine.java:119)
	at com.kms.katalon.core.main.TestCaseExecutor.runScript(TestCaseExecutor.java:448)
	at com.kms.katalon.core.main.TestCaseExecutor.doExecute(TestCaseExecutor.java:439)
	at com.kms.katalon.core.main.TestCaseExecutor.processExecutionPhase(TestCaseExecutor.java:418)
	at com.kms.katalon.core.main.TestCaseExecutor.accessMainPhase(TestCaseExecutor.java:410)
	at com.kms.katalon.core.main.TestCaseExecutor.execute(TestCaseExecutor.java:285)
	at com.kms.katalon.core.common.CommonExecutor.accessTestCaseMainPhase(CommonExecutor.java:65)
	at com.kms.katalon.core.main.TestSuiteExecutor.accessTestSuiteMainPhase(TestSuiteExecutor.java:148)
	at com.kms.katalon.core.main.TestSuiteExecutor.execute(TestSuiteExecutor.java:106)
	at com.kms.katalon.core.main.TestCaseMain.startTestSuite(TestCaseMain.java:187)
	at com.kms.katalon.core.main.TestCaseMain$startTestSuite$0.call(Unknown Source)
	at TempTestSuite1738842962897.run(TempTestSuite1738842962897.groovy:35)
Caused by: org.openqa.selenium.SessionNotCreatedException: session not created: This version of Microsoft Edge WebDriver only supports Microsoft Edge version 130
Current browser version is 132.0.2957.140 with binary path C:\Program Files (x86)\Microsoft\Edge\Application\msedge.exe
Build info: version: &amp;apos;3.141.59&amp;apos;, revision: &amp;apos;e82be7d358&amp;apos;, time: &amp;apos;2018-11-14T08:25:53&amp;apos;
System info: host: &amp;apos;DL0097&amp;apos;, ip: &amp;apos;10.136.10.15&amp;apos;, os.name: &amp;apos;Windows 10&amp;apos;, os.arch: &amp;apos;amd64&amp;apos;, os.version: &amp;apos;10.0&amp;apos;, java.version: &amp;apos;1.8.0_282&amp;apos;
Driver info: driver.version: CEdgeDriver
remote stacktrace: 	GetHandleVerifier [0x00BDA2F3+37491]
	Microsoft::Applications::Events::time_ticks_t::time_ticks_t [0x00A7CB76+734246]
	Microsoft::Applications::Events::ILogConfiguration::operator* [0x0085471A+3482]
	Microsoft::Applications::Events::GUID_t::GUID_t [0x0087DBFA+65914]
	Microsoft::Applications::Events::GUID_t::GUID_t [0x0087D194+63252]
	Microsoft::Applications::Events::GUID_t::GUID_t [0x0087A37B+51451]
	Microsoft::Applications::Events::GUID_t::GUID_t [0x008760C8+34376]
	Microsoft::Applications::Events::GUID_t::GUID_t [0x008A79F7+237431]
	Microsoft::Applications::Events::GUID_t::GUID_t [0x008A722C+235436]
	Microsoft::Applications::Events::GUID_t::GUID_t [0x0089E0C6+198214]
	Microsoft::Applications::Events::GUID_t::GUID_t [0x00880B2F+77999]
	Microsoft::Applications::Events::GUID_t::GUID_t [0x0087FB99+74009]
	Microsoft::Applications::Events::GUID_t::GUID_t [0x0088057D+76541]
	GetHandleVerifier [0x00C5203C+528316]
	Microsoft::Applications::Events::FromJSON [0x00DA5B8C+660764]
	Microsoft::Applications::Events::FromJSON [0x00DA5498+658984]
	Microsoft::Applications::Events::FromJSON [0x00D96354+597220]
	Microsoft::Applications::Events::FromJSON [0x00DA6307+662679]
	Microsoft::Applications::Events::time_ticks_t::time_ticks_t [0x00A92A0D+823997]
	Microsoft::Applications::Events::time_ticks_t::time_ticks_t [0x00A85C78+771368]
	Microsoft::Applications::Events::time_ticks_t::time_ticks_t [0x00A85E5A+771850]
	Microsoft::Applications::Events::time_ticks_t::time_ticks_t [0x00A6E885+676149]
	BaseThreadInitThunk [0x76987BA9+25]
	RtlInitializeExceptionChain [0x7768C0CB+107]
	RtlClearBits [0x7768C04F+191]

	at org.openqa.selenium.remote.W3CHandshakeResponse.lambda$errorHandler$0(W3CHandshakeResponse.java:62)
	at org.openqa.selenium.remote.HandshakeResponse.lambda$getResponseFunction$0(HandshakeResponse.java:30)
	at org.openqa.selenium.remote.ProtocolHandshake.lambda$createSession$0(ProtocolHandshake.java:126)
	at org.openqa.selenium.remote.ProtocolHandshake.createSession(ProtocolHandshake.java:128)
	at org.openqa.selenium.remote.ProtocolHandshake.createSession(ProtocolHandshake.java:74)
	at org.openqa.selenium.remote.HttpCommandExecutor.execute(HttpCommandExecutor.java:136)
	at org.openqa.selenium.remote.service.DriverCommandExecutor.execute(DriverCommandExecutor.java:83)
	at org.openqa.selenium.remote.RemoteWebDriver.execute(RemoteWebDriver.java:552)
	at com.kms.katalon.selenium.driver.CEdgeDriver.execute(CEdgeDriver.java:20)
	at org.openqa.selenium.remote.RemoteWebDriver.startSession(RemoteWebDriver.java:213)
	at org.openqa.selenium.remote.RemoteWebDriver.&amp;lt;init&amp;gt;(RemoteWebDriver.java:131)
	at org.openqa.selenium.edge.EdgeDriver.&amp;lt;init&amp;gt;(EdgeDriver.java:154)
	at com.kms.katalon.selenium.driver.CEdgeDriver.&amp;lt;init&amp;gt;(CEdgeDriver.java:14)
	at com.kms.katalon.core.webui.driver.DriverFactory.createNewEdgeChromiumDriver(DriverFactory.java:674)
	at com.kms.katalon.core.webui.driver.DriverFactory.startNewBrowser(DriverFactory.java:389)
	at com.kms.katalon.core.webui.driver.DriverFactory.openWebDriver(DriverFactory.java:263)
	at com.kms.katalon.core.webui.keyword.builtin.OpenBrowserKeyword$_openBrowser_closure1.doCall(OpenBrowserKeyword.groovy:74)
	at com.kms.katalon.core.webui.keyword.builtin.OpenBrowserKeyword$_openBrowser_closure1.call(OpenBrowserKeyword.groovy)
	at com.kms.katalon.core.webui.keyword.internal.WebUIKeywordMain.runKeyword(WebUIKeywordMain.groovy:20)
	at com.kms.katalon.core.webui.keyword.builtin.OpenBrowserKeyword.openBrowser(OpenBrowserKeyword.groovy:81)
	at com.kms.katalon.core.webui.keyword.builtin.OpenBrowserKeyword.execute(OpenBrowserKeyword.groovy:67)
	at com.kms.katalon.core.keyword.internal.KeywordExecutor.executeKeywordForPlatform(KeywordExecutor.groovy:74)
	at com.kms.katalon.core.webui.keyword.WebUiBuiltInKeywords.openBrowser(WebUiBuiltInKeywords.groovy:64)
	at com.kms.katalon.core.webui.keyword.WebUiBuiltInKeywords$openBrowser.call(Unknown Source)
	at Script1726224982168.run(Script1726224982168.groovy:20)
	at com.kms.katalon.core.main.ScriptEngine.run(ScriptEngine.java:194)
	at com.kms.katalon.core.main.ScriptEngine.runScriptAsRawText(ScriptEngine.java:119)
	at com.kms.katalon.core.main.TestCaseExecutor.runScript(TestCaseExecutor.java:448)
	at com.kms.katalon.core.main.TestCaseExecutor.doExecute(TestCaseExecutor.java:439)
	at com.kms.katalon.core.main.TestCaseExecutor.processExecutionPhase(TestCaseExecutor.java:418)
	at com.kms.katalon.core.main.TestCaseExecutor.accessMainPhase(TestCaseExecutor.java:410)
	at com.kms.katalon.core.main.TestCaseExecutor.execute(TestCaseExecutor.java:285)
	at com.kms.katalon.core.main.TestCaseMain.runTestCase(TestCaseMain.java:144)
	at com.kms.katalon.core.keyword.builtin.CallTestCaseKeyword$_callTestCase_closure1.doCall(CallTestCaseKeyword.groovy:59)
	at com.kms.katalon.core.keyword.builtin.CallTestCaseKeyword$_callTestCase_closure1.call(CallTestCaseKeyword.groovy)
	at com.kms.katalon.core.keyword.internal.KeywordMain.runKeyword(KeywordMain.groovy:75)
	at com.kms.katalon.core.keyword.builtin.CallTestCaseKeyword.callTestCase(CallTestCaseKeyword.groovy:81)
	at com.kms.katalon.core.keyword.builtin.CallTestCaseKeyword.execute(CallTestCaseKeyword.groovy:44)
	at com.kms.katalon.core.keyword.internal.KeywordExecutor.executeKeywordForPlatform(KeywordExecutor.groovy:74)
	at com.kms.katalon.core.keyword.BuiltinKeywords.callTestCase(BuiltinKeywords.groovy:310)
	at Script1726232808656.run(Script1726232808656.groovy:20)
	... 13 more
)</message>
  <nestedLevel>2</nestedLevel>
  <escapedJava>false</escapedJava>
  <property name="failed.exception.class">org.openqa.selenium.SessionNotCreatedException</property>
  <property name="failed.exception.stacktrace">org.openqa.selenium.SessionNotCreatedException: session not created: This version of Microsoft Edge WebDriver only supports Microsoft Edge version 130
Current browser version is 132.0.2957.140 with binary path C:\Program Files (x86)\Microsoft\Edge\Application\msedge.exe
Build info: version: &apos;3.141.59&apos;, revision: &apos;e82be7d358&apos;, time: &apos;2018-11-14T08:25:53&apos;
System info: host: &apos;DL0097&apos;, ip: &apos;10.136.10.15&apos;, os.name: &apos;Windows 10&apos;, os.arch: &apos;amd64&apos;, os.version: &apos;10.0&apos;, java.version: &apos;1.8.0_282&apos;
Driver info: driver.version: CEdgeDriver
remote stacktrace: 	GetHandleVerifier [0x00BDA2F3+37491]
	Microsoft::Applications::Events::time_ticks_t::time_ticks_t [0x00A7CB76+734246]
	Microsoft::Applications::Events::ILogConfiguration::operator* [0x0085471A+3482]
	Microsoft::Applications::Events::GUID_t::GUID_t [0x0087DBFA+65914]
	Microsoft::Applications::Events::GUID_t::GUID_t [0x0087D194+63252]
	Microsoft::Applications::Events::GUID_t::GUID_t [0x0087A37B+51451]
	Microsoft::Applications::Events::GUID_t::GUID_t [0x008760C8+34376]
	Microsoft::Applications::Events::GUID_t::GUID_t [0x008A79F7+237431]
	Microsoft::Applications::Events::GUID_t::GUID_t [0x008A722C+235436]
	Microsoft::Applications::Events::GUID_t::GUID_t [0x0089E0C6+198214]
	Microsoft::Applications::Events::GUID_t::GUID_t [0x00880B2F+77999]
	Microsoft::Applications::Events::GUID_t::GUID_t [0x0087FB99+74009]
	Microsoft::Applications::Events::GUID_t::GUID_t [0x0088057D+76541]
	GetHandleVerifier [0x00C5203C+528316]
	Microsoft::Applications::Events::FromJSON [0x00DA5B8C+660764]
	Microsoft::Applications::Events::FromJSON [0x00DA5498+658984]
	Microsoft::Applications::Events::FromJSON [0x00D96354+597220]
	Microsoft::Applications::Events::FromJSON [0x00DA6307+662679]
	Microsoft::Applications::Events::time_ticks_t::time_ticks_t [0x00A92A0D+823997]
	Microsoft::Applications::Events::time_ticks_t::time_ticks_t [0x00A85C78+771368]
	Microsoft::Applications::Events::time_ticks_t::time_ticks_t [0x00A85E5A+771850]
	Microsoft::Applications::Events::time_ticks_t::time_ticks_t [0x00A6E885+676149]
	BaseThreadInitThunk [0x76987BA9+25]
	RtlInitializeExceptionChain [0x7768C0CB+107]
	RtlClearBits [0x7768C04F+191]

	at org.openqa.selenium.remote.W3CHandshakeResponse.lambda$errorHandler$0(W3CHandshakeResponse.java:62)
	at org.openqa.selenium.remote.HandshakeResponse.lambda$getResponseFunction$0(HandshakeResponse.java:30)
	at org.openqa.selenium.remote.ProtocolHandshake.lambda$createSession$0(ProtocolHandshake.java:126)
	at org.openqa.selenium.remote.ProtocolHandshake.createSession(ProtocolHandshake.java:128)
	at org.openqa.selenium.remote.ProtocolHandshake.createSession(ProtocolHandshake.java:74)
	at org.openqa.selenium.remote.HttpCommandExecutor.execute(HttpCommandExecutor.java:136)
	at org.openqa.selenium.remote.service.DriverCommandExecutor.execute(DriverCommandExecutor.java:83)
	at org.openqa.selenium.remote.RemoteWebDriver.execute(RemoteWebDriver.java:552)
	at com.kms.katalon.selenium.driver.CEdgeDriver.execute(CEdgeDriver.java:20)
	at org.openqa.selenium.remote.RemoteWebDriver.startSession(RemoteWebDriver.java:213)
	at org.openqa.selenium.remote.RemoteWebDriver.&lt;init&gt;(RemoteWebDriver.java:131)
	at org.openqa.selenium.edge.EdgeDriver.&lt;init&gt;(EdgeDriver.java:154)
	at com.kms.katalon.selenium.driver.CEdgeDriver.&lt;init&gt;(CEdgeDriver.java:14)
	at com.kms.katalon.core.webui.driver.DriverFactory.createNewEdgeChromiumDriver(DriverFactory.java:674)
	at com.kms.katalon.core.webui.driver.DriverFactory.startNewBrowser(DriverFactory.java:389)
	at com.kms.katalon.core.webui.driver.DriverFactory.openWebDriver(DriverFactory.java:263)
	at com.kms.katalon.core.webui.keyword.builtin.OpenBrowserKeyword$_openBrowser_closure1.doCall(OpenBrowserKeyword.groovy:74)
	at com.kms.katalon.core.webui.keyword.builtin.OpenBrowserKeyword$_openBrowser_closure1.call(OpenBrowserKeyword.groovy)
	at com.kms.katalon.core.webui.keyword.internal.WebUIKeywordMain.runKeyword(WebUIKeywordMain.groovy:20)
	at com.kms.katalon.core.webui.keyword.builtin.OpenBrowserKeyword.openBrowser(OpenBrowserKeyword.groovy:81)
	at com.kms.katalon.core.webui.keyword.builtin.OpenBrowserKeyword.execute(OpenBrowserKeyword.groovy:67)
	at com.kms.katalon.core.keyword.internal.KeywordExecutor.executeKeywordForPlatform(KeywordExecutor.groovy:74)
	at com.kms.katalon.core.webui.keyword.WebUiBuiltInKeywords.openBrowser(WebUiBuiltInKeywords.groovy:64)
	at com.kms.katalon.core.webui.keyword.WebUiBuiltInKeywords$openBrowser.call(Unknown Source)
	at Principal-Home.run(Principal-Home:20)
	at com.kms.katalon.core.main.ScriptEngine.run(ScriptEngine.java:194)
	at com.kms.katalon.core.main.ScriptEngine.runScriptAsRawText(ScriptEngine.java:119)
	at com.kms.katalon.core.main.TestCaseExecutor.runScript(TestCaseExecutor.java:448)
	at com.kms.katalon.core.main.TestCaseExecutor.doExecute(TestCaseExecutor.java:439)
	at com.kms.katalon.core.main.TestCaseExecutor.processExecutionPhase(TestCaseExecutor.java:418)
	at com.kms.katalon.core.main.TestCaseExecutor.accessMainPhase(TestCaseExecutor.java:410)
	at com.kms.katalon.core.main.TestCaseExecutor.execute(TestCaseExecutor.java:285)
	at com.kms.katalon.core.main.TestCaseMain.runTestCase(TestCaseMain.java:144)
	at com.kms.katalon.core.keyword.builtin.CallTestCaseKeyword$_callTestCase_closure1.doCall(CallTestCaseKeyword.groovy:59)
	at com.kms.katalon.core.keyword.builtin.CallTestCaseKeyword$_callTestCase_closure1.call(CallTestCaseKeyword.groovy)
	at com.kms.katalon.core.keyword.internal.KeywordMain.runKeyword(KeywordMain.groovy:75)
	at com.kms.katalon.core.keyword.builtin.CallTestCaseKeyword.callTestCase(CallTestCaseKeyword.groovy:81)
	at com.kms.katalon.core.keyword.builtin.CallTestCaseKeyword.execute(CallTestCaseKeyword.groovy:44)
	at com.kms.katalon.core.keyword.internal.KeywordExecutor.executeKeywordForPlatform(KeywordExecutor.groovy:74)
	at com.kms.katalon.core.keyword.BuiltinKeywords.callTestCase(BuiltinKeywords.groovy:310)
	at 4. Dirección nueva.run(4. Dirección nueva:20)
	at com.kms.katalon.core.main.ScriptEngine.run(ScriptEngine.java:194)
	at com.kms.katalon.core.main.ScriptEngine.runScriptAsRawText(ScriptEngine.java:119)
	at com.kms.katalon.core.main.TestCaseExecutor.runScript(TestCaseExecutor.java:448)
	at com.kms.katalon.core.main.TestCaseExecutor.doExecute(TestCaseExecutor.java:439)
	at com.kms.katalon.core.main.TestCaseExecutor.processExecutionPhase(TestCaseExecutor.java:418)
	at com.kms.katalon.core.main.TestCaseExecutor.accessMainPhase(TestCaseExecutor.java:410)
	at com.kms.katalon.core.main.TestCaseExecutor.execute(TestCaseExecutor.java:285)
	at com.kms.katalon.core.common.CommonExecutor.accessTestCaseMainPhase(CommonExecutor.java:65)
	at com.kms.katalon.core.main.TestSuiteExecutor.accessTestSuiteMainPhase(TestSuiteExecutor.java:148)
	at com.kms.katalon.core.main.TestSuiteExecutor.execute(TestSuiteExecutor.java:106)
	at com.kms.katalon.core.main.TestCaseMain.startTestSuite(TestCaseMain.java:187)
	at com.kms.katalon.core.main.TestCaseMain$startTestSuite$0.call(Unknown Source)
	at TempTestSuite1738842962897.run(TempTestSuite1738842962897.groovy:35)
</property>
  <property name="failed.exception.message">session not created: This version of Microsoft Edge WebDriver only supports Microsoft Edge version 130
Current browser version is 132.0.2957.140 with binary path C:\Program Files (x86)\Microsoft\Edge\Application\msedge.exe
Build info: version: &apos;3.141.59&apos;, revision: &apos;e82be7d358&apos;, time: &apos;2018-11-14T08:25:53&apos;
System info: host: &apos;DL0097&apos;, ip: &apos;10.136.10.15&apos;, os.name: &apos;Windows 10&apos;, os.arch: &apos;amd64&apos;, os.version: &apos;10.0&apos;, java.version: &apos;1.8.0_282&apos;
Driver info: driver.version: CEdgeDriver
remote stacktrace: 	GetHandleVerifier [0x00BDA2F3+37491]
	Microsoft::Applications::Events::time_ticks_t::time_ticks_t [0x00A7CB76+734246]
	Microsoft::Applications::Events::ILogConfiguration::operator* [0x0085471A+3482]
	Microsoft::Applications::Events::GUID_t::GUID_t [0x0087DBFA+65914]
	Microsoft::Applications::Events::GUID_t::GUID_t [0x0087D194+63252]
	Microsoft::Applications::Events::GUID_t::GUID_t [0x0087A37B+51451]
	Microsoft::Applications::Events::GUID_t::GUID_t [0x008760C8+34376]
	Microsoft::Applications::Events::GUID_t::GUID_t [0x008A79F7+237431]
	Microsoft::Applications::Events::GUID_t::GUID_t [0x008A722C+235436]
	Microsoft::Applications::Events::GUID_t::GUID_t [0x0089E0C6+198214]
	Microsoft::Applications::Events::GUID_t::GUID_t [0x00880B2F+77999]
	Microsoft::Applications::Events::GUID_t::GUID_t [0x0087FB99+74009]
	Microsoft::Applications::Events::GUID_t::GUID_t [0x0088057D+76541]
	GetHandleVerifier [0x00C5203C+528316]
	Microsoft::Applications::Events::FromJSON [0x00DA5B8C+660764]
	Microsoft::Applications::Events::FromJSON [0x00DA5498+658984]
	Microsoft::Applications::Events::FromJSON [0x00D96354+597220]
	Microsoft::Applications::Events::FromJSON [0x00DA6307+662679]
	Microsoft::Applications::Events::time_ticks_t::time_ticks_t [0x00A92A0D+823997]
	Microsoft::Applications::Events::time_ticks_t::time_ticks_t [0x00A85C78+771368]
	Microsoft::Applications::Events::time_ticks_t::time_ticks_t [0x00A85E5A+771850]
	Microsoft::Applications::Events::time_ticks_t::time_ticks_t [0x00A6E885+676149]
	BaseThreadInitThunk [0x76987BA9+25]
	RtlInitializeExceptionChain [0x7768C0CB+107]
	RtlClearBits [0x7768C04F+191]
</property>
</record>
<record>
  <date>2025-02-06T06:56:14</date>
  <millis>1738842974826</millis>
  <sequence>101</sequence>
  <level>END</level>
  <class>com.kms.katalon.core.logging.XmlKeywordLogger</class>
  <method>endKeyword</method>
  <thread>1</thread>
  <message>End action : openBrowser(&amp;quot;&amp;quot;)</message>
  <nestedLevel>1</nestedLevel>
  <escapedJava>false</escapedJava>
</record>
<record>
  <date>2025-02-06T06:56:14</date>
  <millis>1738842974830</millis>
  <sequence>104</sequence>
  <level>FAILED</level>
  <class>com.kms.katalon.core.logging.XmlKeywordLogger</class>
  <method>logMessage</method>
  <thread>1</thread>
  <message>Test Cases/Registro_Envíos/1.Inicio/1.Principal/Principal-Home FAILED.
Reason:
com.kms.katalon.core.exception.StepFailedException: Unable to open browser with url: &amp;apos;&amp;apos;
	at com.kms.katalon.core.webui.keyword.internal.WebUIKeywordMain.stepFailed(WebUIKeywordMain.groovy:64)
	at com.kms.katalon.core.webui.keyword.internal.WebUIKeywordMain.runKeyword(WebUIKeywordMain.groovy:26)
	at com.kms.katalon.core.webui.keyword.builtin.OpenBrowserKeyword.openBrowser(OpenBrowserKeyword.groovy:81)
	at com.kms.katalon.core.webui.keyword.builtin.OpenBrowserKeyword.execute(OpenBrowserKeyword.groovy:67)
	at com.kms.katalon.core.keyword.internal.KeywordExecutor.executeKeywordForPlatform(KeywordExecutor.groovy:74)
	at com.kms.katalon.core.webui.keyword.WebUiBuiltInKeywords.openBrowser(WebUiBuiltInKeywords.groovy:64)
	at com.kms.katalon.core.webui.keyword.WebUiBuiltInKeywords$openBrowser.call(Unknown Source)
	at Principal-Home.run(Principal-Home:20)
	at com.kms.katalon.core.main.ScriptEngine.run(ScriptEngine.java:194)
	at com.kms.katalon.core.main.ScriptEngine.runScriptAsRawText(ScriptEngine.java:119)
	at com.kms.katalon.core.main.TestCaseExecutor.runScript(TestCaseExecutor.java:448)
	at com.kms.katalon.core.main.TestCaseExecutor.doExecute(TestCaseExecutor.java:439)
	at com.kms.katalon.core.main.TestCaseExecutor.processExecutionPhase(TestCaseExecutor.java:418)
	at com.kms.katalon.core.main.TestCaseExecutor.accessMainPhase(TestCaseExecutor.java:410)
	at com.kms.katalon.core.main.TestCaseExecutor.execute(TestCaseExecutor.java:285)
	at com.kms.katalon.core.main.TestCaseMain.runTestCase(TestCaseMain.java:144)
	at com.kms.katalon.core.keyword.builtin.CallTestCaseKeyword$_callTestCase_closure1.doCall(CallTestCaseKeyword.groovy:59)
	at com.kms.katalon.core.keyword.builtin.CallTestCaseKeyword$_callTestCase_closure1.call(CallTestCaseKeyword.groovy)
	at com.kms.katalon.core.keyword.internal.KeywordMain.runKeyword(KeywordMain.groovy:75)
	at com.kms.katalon.core.keyword.builtin.CallTestCaseKeyword.callTestCase(CallTestCaseKeyword.groovy:81)
	at com.kms.katalon.core.keyword.builtin.CallTestCaseKeyword.execute(CallTestCaseKeyword.groovy:44)
	at com.kms.katalon.core.keyword.internal.KeywordExecutor.executeKeywordForPlatform(KeywordExecutor.groovy:74)
	at com.kms.katalon.core.keyword.BuiltinKeywords.callTestCase(BuiltinKeywords.groovy:310)
	at 4. Dirección nueva.run(4. Dirección nueva:20)
	at com.kms.katalon.core.main.ScriptEngine.run(ScriptEngine.java:194)
	at com.kms.katalon.core.main.ScriptEngine.runScriptAsRawText(ScriptEngine.java:119)
	at com.kms.katalon.core.main.TestCaseExecutor.runScript(TestCaseExecutor.java:448)
	at com.kms.katalon.core.main.TestCaseExecutor.doExecute(TestCaseExecutor.java:439)
	at com.kms.katalon.core.main.TestCaseExecutor.processExecutionPhase(TestCaseExecutor.java:418)
	at com.kms.katalon.core.main.TestCaseExecutor.accessMainPhase(TestCaseExecutor.java:410)
	at com.kms.katalon.core.main.TestCaseExecutor.execute(TestCaseExecutor.java:285)
	at com.kms.katalon.core.common.CommonExecutor.accessTestCaseMainPhase(CommonExecutor.java:65)
	at com.kms.katalon.core.main.TestSuiteExecutor.accessTestSuiteMainPhase(TestSuiteExecutor.java:148)
	at com.kms.katalon.core.main.TestSuiteExecutor.execute(TestSuiteExecutor.java:106)
	at com.kms.katalon.core.main.TestCaseMain.startTestSuite(TestCaseMain.java:187)
	at com.kms.katalon.core.main.TestCaseMain$startTestSuite$0.call(Unknown Source)
	at TempTestSuite1738842962897.run(TempTestSuite1738842962897.groovy:35)
Caused by: org.openqa.selenium.SessionNotCreatedException: session not created: This version of Microsoft Edge WebDriver only supports Microsoft Edge version 130
Current browser version is 132.0.2957.140 with binary path C:\Program Files (x86)\Microsoft\Edge\Application\msedge.exe
Build info: version: &amp;apos;3.141.59&amp;apos;, revision: &amp;apos;e82be7d358&amp;apos;, time: &amp;apos;2018-11-14T08:25:53&amp;apos;
System info: host: &amp;apos;DL0097&amp;apos;, ip: &amp;apos;10.136.10.15&amp;apos;, os.name: &amp;apos;Windows 10&amp;apos;, os.arch: &amp;apos;amd64&amp;apos;, os.version: &amp;apos;10.0&amp;apos;, java.version: &amp;apos;1.8.0_282&amp;apos;
Driver info: driver.version: CEdgeDriver
remote stacktrace: 	GetHandleVerifier [0x00BDA2F3+37491]
	Microsoft::Applications::Events::time_ticks_t::time_ticks_t [0x00A7CB76+734246]
	Microsoft::Applications::Events::ILogConfiguration::operator* [0x0085471A+3482]
	Microsoft::Applications::Events::GUID_t::GUID_t [0x0087DBFA+65914]
	Microsoft::Applications::Events::GUID_t::GUID_t [0x0087D194+63252]
	Microsoft::Applications::Events::GUID_t::GUID_t [0x0087A37B+51451]
	Microsoft::Applications::Events::GUID_t::GUID_t [0x008760C8+34376]
	Microsoft::Applications::Events::GUID_t::GUID_t [0x008A79F7+237431]
	Microsoft::Applications::Events::GUID_t::GUID_t [0x008A722C+235436]
	Microsoft::Applications::Events::GUID_t::GUID_t [0x0089E0C6+198214]
	Microsoft::Applications::Events::GUID_t::GUID_t [0x00880B2F+77999]
	Microsoft::Applications::Events::GUID_t::GUID_t [0x0087FB99+74009]
	Microsoft::Applications::Events::GUID_t::GUID_t [0x0088057D+76541]
	GetHandleVerifier [0x00C5203C+528316]
	Microsoft::Applications::Events::FromJSON [0x00DA5B8C+660764]
	Microsoft::Applications::Events::FromJSON [0x00DA5498+658984]
	Microsoft::Applications::Events::FromJSON [0x00D96354+597220]
	Microsoft::Applications::Events::FromJSON [0x00DA6307+662679]
	Microsoft::Applications::Events::time_ticks_t::time_ticks_t [0x00A92A0D+823997]
	Microsoft::Applications::Events::time_ticks_t::time_ticks_t [0x00A85C78+771368]
	Microsoft::Applications::Events::time_ticks_t::time_ticks_t [0x00A85E5A+771850]
	Microsoft::Applications::Events::time_ticks_t::time_ticks_t [0x00A6E885+676149]
	BaseThreadInitThunk [0x76987BA9+25]
	RtlInitializeExceptionChain [0x7768C0CB+107]
	RtlClearBits [0x7768C04F+191]

	at org.openqa.selenium.remote.W3CHandshakeResponse.lambda$errorHandler$0(W3CHandshakeResponse.java:62)
	at org.openqa.selenium.remote.HandshakeResponse.lambda$getResponseFunction$0(HandshakeResponse.java:30)
	at org.openqa.selenium.remote.ProtocolHandshake.lambda$createSession$0(ProtocolHandshake.java:126)
	at org.openqa.selenium.remote.ProtocolHandshake.createSession(ProtocolHandshake.java:128)
	at org.openqa.selenium.remote.ProtocolHandshake.createSession(ProtocolHandshake.java:74)
	at org.openqa.selenium.remote.HttpCommandExecutor.execute(HttpCommandExecutor.java:136)
	at org.openqa.selenium.remote.service.DriverCommandExecutor.execute(DriverCommandExecutor.java:83)
	at org.openqa.selenium.remote.RemoteWebDriver.execute(RemoteWebDriver.java:552)
	at com.kms.katalon.selenium.driver.CEdgeDriver.execute(CEdgeDriver.java:20)
	at org.openqa.selenium.remote.RemoteWebDriver.startSession(RemoteWebDriver.java:213)
	at org.openqa.selenium.remote.RemoteWebDriver.&amp;lt;init&amp;gt;(RemoteWebDriver.java:131)
	at org.openqa.selenium.edge.EdgeDriver.&amp;lt;init&amp;gt;(EdgeDriver.java:154)
	at com.kms.katalon.selenium.driver.CEdgeDriver.&amp;lt;init&amp;gt;(CEdgeDriver.java:14)
	at com.kms.katalon.core.webui.driver.DriverFactory.createNewEdgeChromiumDriver(DriverFactory.java:674)
	at com.kms.katalon.core.webui.driver.DriverFactory.startNewBrowser(DriverFactory.java:389)
	at com.kms.katalon.core.webui.driver.DriverFactory.openWebDriver(DriverFactory.java:263)
	at com.kms.katalon.core.webui.keyword.builtin.OpenBrowserKeyword$_openBrowser_closure1.doCall(OpenBrowserKeyword.groovy:74)
	at com.kms.katalon.core.webui.keyword.builtin.OpenBrowserKeyword$_openBrowser_closure1.call(OpenBrowserKeyword.groovy)
	at com.kms.katalon.core.webui.keyword.internal.WebUIKeywordMain.runKeyword(WebUIKeywordMain.groovy:20)
	... 35 more
</message>
  <exception>
    <message>com.kms.katalon.core.exception.StepFailedException: Unable to open browser with url: ''</message>
    <frame>
      <class>com.kms.katalon.core.webui.keyword.internal.WebUIKeywordMain</class>
      <method>stepFailed</method>
      <line>64</line>
    </frame>
    <frame>
      <class>com.kms.katalon.core.webui.keyword.internal.WebUIKeywordMain</class>
      <method>runKeyword</method>
      <line>26</line>
    </frame>
    <frame>
      <class>com.kms.katalon.core.webui.keyword.builtin.OpenBrowserKeyword</class>
      <method>openBrowser</method>
      <line>81</line>
    </frame>
    <frame>
      <class>com.kms.katalon.core.webui.keyword.builtin.OpenBrowserKeyword</class>
      <method>execute</method>
      <line>67</line>
    </frame>
    <frame>
      <class>com.kms.katalon.core.keyword.internal.KeywordExecutor</class>
      <method>executeKeywordForPlatform</method>
      <line>74</line>
    </frame>
    <frame>
      <class>com.kms.katalon.core.webui.keyword.WebUiBuiltInKeywords</class>
      <method>openBrowser</method>
      <line>64</line>
    </frame>
    <frame>
      <class>com.kms.katalon.core.webui.keyword.WebUiBuiltInKeywords$openBrowser</class>
      <method>call</method>
    </frame>
    <frame>
      <class>Principal-Home</class>
      <method>run</method>
      <line>20</line>
    </frame>
    <frame>
      <class>com.kms.katalon.core.main.ScriptEngine</class>
      <method>run</method>
      <line>194</line>
    </frame>
    <frame>
      <class>com.kms.katalon.core.main.ScriptEngine</class>
      <method>runScriptAsRawText</method>
      <line>119</line>
    </frame>
    <frame>
      <class>com.kms.katalon.core.main.TestCaseExecutor</class>
      <method>runScript</method>
      <line>448</line>
    </frame>
    <frame>
      <class>com.kms.katalon.core.main.TestCaseExecutor</class>
      <method>doExecute</method>
      <line>439</line>
    </frame>
    <frame>
      <class>com.kms.katalon.core.main.TestCaseExecutor</class>
      <method>processExecutionPhase</method>
      <line>418</line>
    </frame>
    <frame>
      <class>com.kms.katalon.core.main.TestCaseExecutor</class>
      <method>accessMainPhase</method>
      <line>410</line>
    </frame>
    <frame>
      <class>com.kms.katalon.core.main.TestCaseExecutor</class>
      <method>execute</method>
      <line>285</line>
    </frame>
    <frame>
      <class>com.kms.katalon.core.main.TestCaseMain</class>
      <method>runTestCase</method>
      <line>144</line>
    </frame>
    <frame>
      <class>com.kms.katalon.core.keyword.builtin.CallTestCaseKeyword$_callTestCase_closure1</class>
      <method>doCall</method>
      <line>59</line>
    </frame>
    <frame>
      <class>com.kms.katalon.core.keyword.builtin.CallTestCaseKeyword$_callTestCase_closure1</class>
      <method>call</method>
    </frame>
    <frame>
      <class>com.kms.katalon.core.keyword.internal.KeywordMain</class>
      <method>runKeyword</method>
      <line>75</line>
    </frame>
    <frame>
      <class>com.kms.katalon.core.keyword.builtin.CallTestCaseKeyword</class>
      <method>callTestCase</method>
      <line>81</line>
    </frame>
    <frame>
      <class>com.kms.katalon.core.keyword.builtin.CallTestCaseKeyword</class>
      <method>execute</method>
      <line>44</line>
    </frame>
    <frame>
      <class>com.kms.katalon.core.keyword.internal.KeywordExecutor</class>
      <method>executeKeywordForPlatform</method>
      <line>74</line>
    </frame>
    <frame>
      <class>com.kms.katalon.core.keyword.BuiltinKeywords</class>
      <method>callTestCase</method>
      <line>310</line>
    </frame>
    <frame>
      <class>4. Dirección nueva</class>
      <method>run</method>
      <line>20</line>
    </frame>
    <frame>
      <class>com.kms.katalon.core.main.ScriptEngine</class>
      <method>run</method>
      <line>194</line>
    </frame>
    <frame>
      <class>com.kms.katalon.core.main.ScriptEngine</class>
      <method>runScriptAsRawText</method>
      <line>119</line>
    </frame>
    <frame>
      <class>com.kms.katalon.core.main.TestCaseExecutor</class>
      <method>runScript</method>
      <line>448</line>
    </frame>
    <frame>
      <class>com.kms.katalon.core.main.TestCaseExecutor</class>
      <method>doExecute</method>
      <line>439</line>
    </frame>
    <frame>
      <class>com.kms.katalon.core.main.TestCaseExecutor</class>
      <method>processExecutionPhase</method>
      <line>418</line>
    </frame>
    <frame>
      <class>com.kms.katalon.core.main.TestCaseExecutor</class>
      <method>accessMainPhase</method>
      <line>410</line>
    </frame>
    <frame>
      <class>com.kms.katalon.core.main.TestCaseExecutor</class>
      <method>execute</method>
      <line>285</line>
    </frame>
    <frame>
      <class>com.kms.katalon.core.common.CommonExecutor</class>
      <method>accessTestCaseMainPhase</method>
      <line>65</line>
    </frame>
    <frame>
      <class>com.kms.katalon.core.main.TestSuiteExecutor</class>
      <method>accessTestSuiteMainPhase</method>
      <line>148</line>
    </frame>
    <frame>
      <class>com.kms.katalon.core.main.TestSuiteExecutor</class>
      <method>execute</method>
      <line>106</line>
    </frame>
    <frame>
      <class>com.kms.katalon.core.main.TestCaseMain</class>
      <method>startTestSuite</method>
      <line>187</line>
    </frame>
    <frame>
      <class>com.kms.katalon.core.main.TestCaseMain$startTestSuite$0</class>
      <method>call</method>
    </frame>
    <frame>
      <class>TempTestSuite1738842962897</class>
      <method>run</method>
      <line>35</line>
    </frame>
  </exception>
  <nestedLevel>0</nestedLevel>
  <escapedJava>false</escapedJava>
  <property name="failed.exception.stacktrace">org.openqa.selenium.SessionNotCreatedException: session not created: This version of Microsoft Edge WebDriver only supports Microsoft Edge version 130
Current browser version is 132.0.2957.140 with binary path C:\Program Files (x86)\Microsoft\Edge\Application\msedge.exe
Build info: version: &apos;3.141.59&apos;, revision: &apos;e82be7d358&apos;, time: &apos;2018-11-14T08:25:53&apos;
System info: host: &apos;DL0097&apos;, ip: &apos;10.136.10.15&apos;, os.name: &apos;Windows 10&apos;, os.arch: &apos;amd64&apos;, os.version: &apos;10.0&apos;, java.version: &apos;1.8.0_282&apos;
Driver info: driver.version: CEdgeDriver
remote stacktrace: 	GetHandleVerifier [0x00BDA2F3+37491]
	Microsoft::Applications::Events::time_ticks_t::time_ticks_t [0x00A7CB76+734246]
	Microsoft::Applications::Events::ILogConfiguration::operator* [0x0085471A+3482]
	Microsoft::Applications::Events::GUID_t::GUID_t [0x0087DBFA+65914]
	Microsoft::Applications::Events::GUID_t::GUID_t [0x0087D194+63252]
	Microsoft::Applications::Events::GUID_t::GUID_t [0x0087A37B+51451]
	Microsoft::Applications::Events::GUID_t::GUID_t [0x008760C8+34376]
	Microsoft::Applications::Events::GUID_t::GUID_t [0x008A79F7+237431]
	Microsoft::Applications::Events::GUID_t::GUID_t [0x008A722C+235436]
	Microsoft::Applications::Events::GUID_t::GUID_t [0x0089E0C6+198214]
	Microsoft::Applications::Events::GUID_t::GUID_t [0x00880B2F+77999]
	Microsoft::Applications::Events::GUID_t::GUID_t [0x0087FB99+74009]
	Microsoft::Applications::Events::GUID_t::GUID_t [0x0088057D+76541]
	GetHandleVerifier [0x00C5203C+528316]
	Microsoft::Applications::Events::FromJSON [0x00DA5B8C+660764]
	Microsoft::Applications::Events::FromJSON [0x00DA5498+658984]
	Microsoft::Applications::Events::FromJSON [0x00D96354+597220]
	Microsoft::Applications::Events::FromJSON [0x00DA6307+662679]
	Microsoft::Applications::Events::time_ticks_t::time_ticks_t [0x00A92A0D+823997]
	Microsoft::Applications::Events::time_ticks_t::time_ticks_t [0x00A85C78+771368]
	Microsoft::Applications::Events::time_ticks_t::time_ticks_t [0x00A85E5A+771850]
	Microsoft::Applications::Events::time_ticks_t::time_ticks_t [0x00A6E885+676149]
	BaseThreadInitThunk [0x76987BA9+25]
	RtlInitializeExceptionChain [0x7768C0CB+107]
	RtlClearBits [0x7768C04F+191]

	at org.openqa.selenium.remote.W3CHandshakeResponse.lambda$errorHandler$0(W3CHandshakeResponse.java:62)
	at org.openqa.selenium.remote.HandshakeResponse.lambda$getResponseFunction$0(HandshakeResponse.java:30)
	at org.openqa.selenium.remote.ProtocolHandshake.lambda$createSession$0(ProtocolHandshake.java:126)
	at org.openqa.selenium.remote.ProtocolHandshake.createSession(ProtocolHandshake.java:128)
	at org.openqa.selenium.remote.ProtocolHandshake.createSession(ProtocolHandshake.java:74)
	at org.openqa.selenium.remote.HttpCommandExecutor.execute(HttpCommandExecutor.java:136)
	at org.openqa.selenium.remote.service.DriverCommandExecutor.execute(DriverCommandExecutor.java:83)
	at org.openqa.selenium.remote.RemoteWebDriver.execute(RemoteWebDriver.java:552)
	at com.kms.katalon.selenium.driver.CEdgeDriver.execute(CEdgeDriver.java:20)
	at org.openqa.selenium.remote.RemoteWebDriver.startSession(RemoteWebDriver.java:213)
	at org.openqa.selenium.remote.RemoteWebDriver.&lt;init&gt;(RemoteWebDriver.java:131)
	at org.openqa.selenium.edge.EdgeDriver.&lt;init&gt;(EdgeDriver.java:154)
	at com.kms.katalon.selenium.driver.CEdgeDriver.&lt;init&gt;(CEdgeDriver.java:14)
	at com.kms.katalon.core.webui.driver.DriverFactory.createNewEdgeChromiumDriver(DriverFactory.java:674)
	at com.kms.katalon.core.webui.driver.DriverFactory.startNewBrowser(DriverFactory.java:389)
	at com.kms.katalon.core.webui.driver.DriverFactory.openWebDriver(DriverFactory.java:263)
	at com.kms.katalon.core.webui.keyword.builtin.OpenBrowserKeyword$_openBrowser_closure1.doCall(OpenBrowserKeyword.groovy:74)
	at com.kms.katalon.core.webui.keyword.builtin.OpenBrowserKeyword$_openBrowser_closure1.call(OpenBrowserKeyword.groovy)
	at com.kms.katalon.core.webui.keyword.internal.WebUIKeywordMain.runKeyword(WebUIKeywordMain.groovy:20)
	at com.kms.katalon.core.webui.keyword.builtin.OpenBrowserKeyword.openBrowser(OpenBrowserKeyword.groovy:81)
	at com.kms.katalon.core.webui.keyword.builtin.OpenBrowserKeyword.execute(OpenBrowserKeyword.groovy:67)
	at com.kms.katalon.core.keyword.internal.KeywordExecutor.executeKeywordForPlatform(KeywordExecutor.groovy:74)
	at com.kms.katalon.core.webui.keyword.WebUiBuiltInKeywords.openBrowser(WebUiBuiltInKeywords.groovy:64)
	at com.kms.katalon.core.webui.keyword.WebUiBuiltInKeywords$openBrowser.call(Unknown Source)
	at Principal-Home.run(Principal-Home:20)
	at com.kms.katalon.core.main.ScriptEngine.run(ScriptEngine.java:194)
	at com.kms.katalon.core.main.ScriptEngine.runScriptAsRawText(ScriptEngine.java:119)
	at com.kms.katalon.core.main.TestCaseExecutor.runScript(TestCaseExecutor.java:448)
	at com.kms.katalon.core.main.TestCaseExecutor.doExecute(TestCaseExecutor.java:439)
	at com.kms.katalon.core.main.TestCaseExecutor.processExecutionPhase(TestCaseExecutor.java:418)
	at com.kms.katalon.core.main.TestCaseExecutor.accessMainPhase(TestCaseExecutor.java:410)
	at com.kms.katalon.core.main.TestCaseExecutor.execute(TestCaseExecutor.java:285)
	at com.kms.katalon.core.main.TestCaseMain.runTestCase(TestCaseMain.java:144)
	at com.kms.katalon.core.keyword.builtin.CallTestCaseKeyword$_callTestCase_closure1.doCall(CallTestCaseKeyword.groovy:59)
	at com.kms.katalon.core.keyword.builtin.CallTestCaseKeyword$_callTestCase_closure1.call(CallTestCaseKeyword.groovy)
	at com.kms.katalon.core.keyword.internal.KeywordMain.runKeyword(KeywordMain.groovy:75)
	at com.kms.katalon.core.keyword.builtin.CallTestCaseKeyword.callTestCase(CallTestCaseKeyword.groovy:81)
	at com.kms.katalon.core.keyword.builtin.CallTestCaseKeyword.execute(CallTestCaseKeyword.groovy:44)
	at com.kms.katalon.core.keyword.internal.KeywordExecutor.executeKeywordForPlatform(KeywordExecutor.groovy:74)
	at com.kms.katalon.core.keyword.BuiltinKeywords.callTestCase(BuiltinKeywords.groovy:310)
	at 4. Dirección nueva.run(4. Dirección nueva:20)
	at com.kms.katalon.core.main.ScriptEngine.run(ScriptEngine.java:194)
	at com.kms.katalon.core.main.ScriptEngine.runScriptAsRawText(ScriptEngine.java:119)
	at com.kms.katalon.core.main.TestCaseExecutor.runScript(TestCaseExecutor.java:448)
	at com.kms.katalon.core.main.TestCaseExecutor.doExecute(TestCaseExecutor.java:439)
	at com.kms.katalon.core.main.TestCaseExecutor.processExecutionPhase(TestCaseExecutor.java:418)
	at com.kms.katalon.core.main.TestCaseExecutor.accessMainPhase(TestCaseExecutor.java:410)
	at com.kms.katalon.core.main.TestCaseExecutor.execute(TestCaseExecutor.java:285)
	at com.kms.katalon.core.common.CommonExecutor.accessTestCaseMainPhase(CommonExecutor.java:65)
	at com.kms.katalon.core.main.TestSuiteExecutor.accessTestSuiteMainPhase(TestSuiteExecutor.java:148)
	at com.kms.katalon.core.main.TestSuiteExecutor.execute(TestSuiteExecutor.java:106)
	at com.kms.katalon.core.main.TestCaseMain.startTestSuite(TestCaseMain.java:187)
	at com.kms.katalon.core.main.TestCaseMain$startTestSuite$0.call(Unknown Source)
	at TempTestSuite1738842962897.run(TempTestSuite1738842962897.groovy:35)
</property>
  <property name="failed.exception.class">org.openqa.selenium.SessionNotCreatedException</property>
  <property name="failed.exception.message">session not created: This version of Microsoft Edge WebDriver only supports Microsoft Edge version 130
Current browser version is 132.0.2957.140 with binary path C:\Program Files (x86)\Microsoft\Edge\Application\msedge.exe
Build info: version: &apos;3.141.59&apos;, revision: &apos;e82be7d358&apos;, time: &apos;2018-11-14T08:25:53&apos;
System info: host: &apos;DL0097&apos;, ip: &apos;10.136.10.15&apos;, os.name: &apos;Windows 10&apos;, os.arch: &apos;amd64&apos;, os.version: &apos;10.0&apos;, java.version: &apos;1.8.0_282&apos;
Driver info: driver.version: CEdgeDriver
remote stacktrace: 	GetHandleVerifier [0x00BDA2F3+37491]
	Microsoft::Applications::Events::time_ticks_t::time_ticks_t [0x00A7CB76+734246]
	Microsoft::Applications::Events::ILogConfiguration::operator* [0x0085471A+3482]
	Microsoft::Applications::Events::GUID_t::GUID_t [0x0087DBFA+65914]
	Microsoft::Applications::Events::GUID_t::GUID_t [0x0087D194+63252]
	Microsoft::Applications::Events::GUID_t::GUID_t [0x0087A37B+51451]
	Microsoft::Applications::Events::GUID_t::GUID_t [0x008760C8+34376]
	Microsoft::Applications::Events::GUID_t::GUID_t [0x008A79F7+237431]
	Microsoft::Applications::Events::GUID_t::GUID_t [0x008A722C+235436]
	Microsoft::Applications::Events::GUID_t::GUID_t [0x0089E0C6+198214]
	Microsoft::Applications::Events::GUID_t::GUID_t [0x00880B2F+77999]
	Microsoft::Applications::Events::GUID_t::GUID_t [0x0087FB99+74009]
	Microsoft::Applications::Events::GUID_t::GUID_t [0x0088057D+76541]
	GetHandleVerifier [0x00C5203C+528316]
	Microsoft::Applications::Events::FromJSON [0x00DA5B8C+660764]
	Microsoft::Applications::Events::FromJSON [0x00DA5498+658984]
	Microsoft::Applications::Events::FromJSON [0x00D96354+597220]
	Microsoft::Applications::Events::FromJSON [0x00DA6307+662679]
	Microsoft::Applications::Events::time_ticks_t::time_ticks_t [0x00A92A0D+823997]
	Microsoft::Applications::Events::time_ticks_t::time_ticks_t [0x00A85C78+771368]
	Microsoft::Applications::Events::time_ticks_t::time_ticks_t [0x00A85E5A+771850]
	Microsoft::Applications::Events::time_ticks_t::time_ticks_t [0x00A6E885+676149]
	BaseThreadInitThunk [0x76987BA9+25]
	RtlInitializeExceptionChain [0x7768C0CB+107]
	RtlClearBits [0x7768C04F+191]
</property>
</record>
<record>
  <date>2025-02-06T06:56:14</date>
  <millis>1738842974830</millis>
  <sequence>106</sequence>
  <level>END</level>
  <class>com.kms.katalon.core.logging.XmlKeywordLogger</class>
  <method>endTest</method>
  <thread>1</thread>
  <message>End Test Case : Test Cases/Registro_Envíos/1.Inicio/1.Principal/Principal-Home</message>
  <nestedLevel>1</nestedLevel>
  <escapedJava>false</escapedJava>
</record>
<record>
  <date>2025-02-06T06:56:14</date>
  <millis>1738842974834</millis>
  <sequence>111</sequence>
  <level>FAILED</level>
  <class>com.kms.katalon.core.logging.XmlKeywordLogger</class>
  <method>logMessage</method>
  <thread>1</thread>
  <message>Unable to call Test Case &amp;apos;Test Cases/Registro_Envíos/1.Inicio/1.Principal/Principal-Home&amp;apos; (Root cause: com.kms.katalon.core.exception.StepFailedException: Call Test Case &amp;apos;Test Cases/Registro_Envíos/1.Inicio/1.Principal/Principal-Home&amp;apos; failed
	at com.kms.katalon.core.keyword.builtin.CallTestCaseKeyword$_callTestCase_closure1.doCall(CallTestCaseKeyword.groovy:63)
	at com.kms.katalon.core.keyword.builtin.CallTestCaseKeyword$_callTestCase_closure1.call(CallTestCaseKeyword.groovy)
	at com.kms.katalon.core.keyword.internal.KeywordMain.runKeyword(KeywordMain.groovy:75)
	at com.kms.katalon.core.keyword.builtin.CallTestCaseKeyword.callTestCase(CallTestCaseKeyword.groovy:81)
	at com.kms.katalon.core.keyword.builtin.CallTestCaseKeyword.execute(CallTestCaseKeyword.groovy:44)
	at com.kms.katalon.core.keyword.internal.KeywordExecutor.executeKeywordForPlatform(KeywordExecutor.groovy:74)
	at com.kms.katalon.core.keyword.BuiltinKeywords.callTestCase(BuiltinKeywords.groovy:310)
	at 4. Dirección nueva.run(4. Dirección nueva:20)
	at com.kms.katalon.core.main.ScriptEngine.run(ScriptEngine.java:194)
	at com.kms.katalon.core.main.ScriptEngine.runScriptAsRawText(ScriptEngine.java:119)
	at com.kms.katalon.core.main.TestCaseExecutor.runScript(TestCaseExecutor.java:448)
	at com.kms.katalon.core.main.TestCaseExecutor.doExecute(TestCaseExecutor.java:439)
	at com.kms.katalon.core.main.TestCaseExecutor.processExecutionPhase(TestCaseExecutor.java:418)
	at com.kms.katalon.core.main.TestCaseExecutor.accessMainPhase(TestCaseExecutor.java:410)
	at com.kms.katalon.core.main.TestCaseExecutor.execute(TestCaseExecutor.java:285)
	at com.kms.katalon.core.common.CommonExecutor.accessTestCaseMainPhase(CommonExecutor.java:65)
	at com.kms.katalon.core.main.TestSuiteExecutor.accessTestSuiteMainPhase(TestSuiteExecutor.java:148)
	at com.kms.katalon.core.main.TestSuiteExecutor.execute(TestSuiteExecutor.java:106)
	at com.kms.katalon.core.main.TestCaseMain.startTestSuite(TestCaseMain.java:187)
	at com.kms.katalon.core.main.TestCaseMain$startTestSuite$0.call(Unknown Source)
	at TempTestSuite1738842962897.run(TempTestSuite1738842962897.groovy:35)
Caused by: com.kms.katalon.core.exception.StepFailedException: Unable to open browser with url: &amp;apos;&amp;apos;
	at com.kms.katalon.core.webui.keyword.internal.WebUIKeywordMain.stepFailed(WebUIKeywordMain.groovy:64)
	at com.kms.katalon.core.webui.keyword.internal.WebUIKeywordMain.runKeyword(WebUIKeywordMain.groovy:26)
	at com.kms.katalon.core.webui.keyword.builtin.OpenBrowserKeyword.openBrowser(OpenBrowserKeyword.groovy:81)
	at com.kms.katalon.core.webui.keyword.builtin.OpenBrowserKeyword.execute(OpenBrowserKeyword.groovy:67)
	at com.kms.katalon.core.keyword.internal.KeywordExecutor.executeKeywordForPlatform(KeywordExecutor.groovy:74)
	at com.kms.katalon.core.webui.keyword.WebUiBuiltInKeywords.openBrowser(WebUiBuiltInKeywords.groovy:64)
	at com.kms.katalon.core.webui.keyword.WebUiBuiltInKeywords$openBrowser.call(Unknown Source)
	at Principal-Home.run(Principal-Home:20)
	at com.kms.katalon.core.main.ScriptEngine.run(ScriptEngine.java:194)
	at com.kms.katalon.core.main.ScriptEngine.runScriptAsRawText(ScriptEngine.java:119)
	at com.kms.katalon.core.main.TestCaseExecutor.runScript(TestCaseExecutor.java:448)
	at com.kms.katalon.core.main.TestCaseExecutor.doExecute(TestCaseExecutor.java:439)
	at com.kms.katalon.core.main.TestCaseExecutor.processExecutionPhase(TestCaseExecutor.java:418)
	at com.kms.katalon.core.main.TestCaseExecutor.accessMainPhase(TestCaseExecutor.java:410)
	at com.kms.katalon.core.main.TestCaseExecutor.execute(TestCaseExecutor.java:285)
	at com.kms.katalon.core.main.TestCaseMain.runTestCase(TestCaseMain.java:144)
	at com.kms.katalon.core.keyword.builtin.CallTestCaseKeyword$_callTestCase_closure1.doCall(CallTestCaseKeyword.groovy:59)
	... 20 more
Caused by: org.openqa.selenium.SessionNotCreatedException: session not created: This version of Microsoft Edge WebDriver only supports Microsoft Edge version 130
Current browser version is 132.0.2957.140 with binary path C:\Program Files (x86)\Microsoft\Edge\Application\msedge.exe
Build info: version: &amp;apos;3.141.59&amp;apos;, revision: &amp;apos;e82be7d358&amp;apos;, time: &amp;apos;2018-11-14T08:25:53&amp;apos;
System info: host: &amp;apos;DL0097&amp;apos;, ip: &amp;apos;10.136.10.15&amp;apos;, os.name: &amp;apos;Windows 10&amp;apos;, os.arch: &amp;apos;amd64&amp;apos;, os.version: &amp;apos;10.0&amp;apos;, java.version: &amp;apos;1.8.0_282&amp;apos;
Driver info: driver.version: CEdgeDriver
remote stacktrace: 	GetHandleVerifier [0x00BDA2F3+37491]
	Microsoft::Applications::Events::time_ticks_t::time_ticks_t [0x00A7CB76+734246]
	Microsoft::Applications::Events::ILogConfiguration::operator* [0x0085471A+3482]
	Microsoft::Applications::Events::GUID_t::GUID_t [0x0087DBFA+65914]
	Microsoft::Applications::Events::GUID_t::GUID_t [0x0087D194+63252]
	Microsoft::Applications::Events::GUID_t::GUID_t [0x0087A37B+51451]
	Microsoft::Applications::Events::GUID_t::GUID_t [0x008760C8+34376]
	Microsoft::Applications::Events::GUID_t::GUID_t [0x008A79F7+237431]
	Microsoft::Applications::Events::GUID_t::GUID_t [0x008A722C+235436]
	Microsoft::Applications::Events::GUID_t::GUID_t [0x0089E0C6+198214]
	Microsoft::Applications::Events::GUID_t::GUID_t [0x00880B2F+77999]
	Microsoft::Applications::Events::GUID_t::GUID_t [0x0087FB99+74009]
	Microsoft::Applications::Events::GUID_t::GUID_t [0x0088057D+76541]
	GetHandleVerifier [0x00C5203C+528316]
	Microsoft::Applications::Events::FromJSON [0x00DA5B8C+660764]
	Microsoft::Applications::Events::FromJSON [0x00DA5498+658984]
	Microsoft::Applications::Events::FromJSON [0x00D96354+597220]
	Microsoft::Applications::Events::FromJSON [0x00DA6307+662679]
	Microsoft::Applications::Events::time_ticks_t::time_ticks_t [0x00A92A0D+823997]
	Microsoft::Applications::Events::time_ticks_t::time_ticks_t [0x00A85C78+771368]
	Microsoft::Applications::Events::time_ticks_t::time_ticks_t [0x00A85E5A+771850]
	Microsoft::Applications::Events::time_ticks_t::time_ticks_t [0x00A6E885+676149]
	BaseThreadInitThunk [0x76987BA9+25]
	RtlInitializeExceptionChain [0x7768C0CB+107]
	RtlClearBits [0x7768C04F+191]

	at org.openqa.selenium.remote.W3CHandshakeResponse.lambda$errorHandler$0(W3CHandshakeResponse.java:62)
	at org.openqa.selenium.remote.HandshakeResponse.lambda$getResponseFunction$0(HandshakeResponse.java:30)
	at org.openqa.selenium.remote.ProtocolHandshake.lambda$createSession$0(ProtocolHandshake.java:126)
	at org.openqa.selenium.remote.ProtocolHandshake.createSession(ProtocolHandshake.java:128)
	at org.openqa.selenium.remote.ProtocolHandshake.createSession(ProtocolHandshake.java:74)
	at org.openqa.selenium.remote.HttpCommandExecutor.execute(HttpCommandExecutor.java:136)
	at org.openqa.selenium.remote.service.DriverCommandExecutor.execute(DriverCommandExecutor.java:83)
	at org.openqa.selenium.remote.RemoteWebDriver.execute(RemoteWebDriver.java:552)
	at com.kms.katalon.selenium.driver.CEdgeDriver.execute(CEdgeDriver.java:20)
	at org.openqa.selenium.remote.RemoteWebDriver.startSession(RemoteWebDriver.java:213)
	at org.openqa.selenium.remote.RemoteWebDriver.&amp;lt;init&amp;gt;(RemoteWebDriver.java:131)
	at org.openqa.selenium.edge.EdgeDriver.&amp;lt;init&amp;gt;(EdgeDriver.java:154)
	at com.kms.katalon.selenium.driver.CEdgeDriver.&amp;lt;init&amp;gt;(CEdgeDriver.java:14)
	at com.kms.katalon.core.webui.driver.DriverFactory.createNewEdgeChromiumDriver(DriverFactory.java:674)
	at com.kms.katalon.core.webui.driver.DriverFactory.startNewBrowser(DriverFactory.java:389)
	at com.kms.katalon.core.webui.driver.DriverFactory.openWebDriver(DriverFactory.java:263)
	at com.kms.katalon.core.webui.keyword.builtin.OpenBrowserKeyword$_openBrowser_closure1.doCall(OpenBrowserKeyword.groovy:74)
	at com.kms.katalon.core.webui.keyword.builtin.OpenBrowserKeyword$_openBrowser_closure1.call(OpenBrowserKeyword.groovy)
	at com.kms.katalon.core.webui.keyword.internal.WebUIKeywordMain.runKeyword(WebUIKeywordMain.groovy:20)
	... 35 more
)</message>
  <nestedLevel>1</nestedLevel>
  <escapedJava>false</escapedJava>
  <property name="failed.exception.class">org.openqa.selenium.SessionNotCreatedException</property>
  <property name="failed.exception.stacktrace">org.openqa.selenium.SessionNotCreatedException: session not created: This version of Microsoft Edge WebDriver only supports Microsoft Edge version 130
Current browser version is 132.0.2957.140 with binary path C:\Program Files (x86)\Microsoft\Edge\Application\msedge.exe
Build info: version: &apos;3.141.59&apos;, revision: &apos;e82be7d358&apos;, time: &apos;2018-11-14T08:25:53&apos;
System info: host: &apos;DL0097&apos;, ip: &apos;10.136.10.15&apos;, os.name: &apos;Windows 10&apos;, os.arch: &apos;amd64&apos;, os.version: &apos;10.0&apos;, java.version: &apos;1.8.0_282&apos;
Driver info: driver.version: CEdgeDriver
remote stacktrace: 	GetHandleVerifier [0x00BDA2F3+37491]
	Microsoft::Applications::Events::time_ticks_t::time_ticks_t [0x00A7CB76+734246]
	Microsoft::Applications::Events::ILogConfiguration::operator* [0x0085471A+3482]
	Microsoft::Applications::Events::GUID_t::GUID_t [0x0087DBFA+65914]
	Microsoft::Applications::Events::GUID_t::GUID_t [0x0087D194+63252]
	Microsoft::Applications::Events::GUID_t::GUID_t [0x0087A37B+51451]
	Microsoft::Applications::Events::GUID_t::GUID_t [0x008760C8+34376]
	Microsoft::Applications::Events::GUID_t::GUID_t [0x008A79F7+237431]
	Microsoft::Applications::Events::GUID_t::GUID_t [0x008A722C+235436]
	Microsoft::Applications::Events::GUID_t::GUID_t [0x0089E0C6+198214]
	Microsoft::Applications::Events::GUID_t::GUID_t [0x00880B2F+77999]
	Microsoft::Applications::Events::GUID_t::GUID_t [0x0087FB99+74009]
	Microsoft::Applications::Events::GUID_t::GUID_t [0x0088057D+76541]
	GetHandleVerifier [0x00C5203C+528316]
	Microsoft::Applications::Events::FromJSON [0x00DA5B8C+660764]
	Microsoft::Applications::Events::FromJSON [0x00DA5498+658984]
	Microsoft::Applications::Events::FromJSON [0x00D96354+597220]
	Microsoft::Applications::Events::FromJSON [0x00DA6307+662679]
	Microsoft::Applications::Events::time_ticks_t::time_ticks_t [0x00A92A0D+823997]
	Microsoft::Applications::Events::time_ticks_t::time_ticks_t [0x00A85C78+771368]
	Microsoft::Applications::Events::time_ticks_t::time_ticks_t [0x00A85E5A+771850]
	Microsoft::Applications::Events::time_ticks_t::time_ticks_t [0x00A6E885+676149]
	BaseThreadInitThunk [0x76987BA9+25]
	RtlInitializeExceptionChain [0x7768C0CB+107]
	RtlClearBits [0x7768C04F+191]

	at org.openqa.selenium.remote.W3CHandshakeResponse.lambda$errorHandler$0(W3CHandshakeResponse.java:62)
	at org.openqa.selenium.remote.HandshakeResponse.lambda$getResponseFunction$0(HandshakeResponse.java:30)
	at org.openqa.selenium.remote.ProtocolHandshake.lambda$createSession$0(ProtocolHandshake.java:126)
	at org.openqa.selenium.remote.ProtocolHandshake.createSession(ProtocolHandshake.java:128)
	at org.openqa.selenium.remote.ProtocolHandshake.createSession(ProtocolHandshake.java:74)
	at org.openqa.selenium.remote.HttpCommandExecutor.execute(HttpCommandExecutor.java:136)
	at org.openqa.selenium.remote.service.DriverCommandExecutor.execute(DriverCommandExecutor.java:83)
	at org.openqa.selenium.remote.RemoteWebDriver.execute(RemoteWebDriver.java:552)
	at com.kms.katalon.selenium.driver.CEdgeDriver.execute(CEdgeDriver.java:20)
	at org.openqa.selenium.remote.RemoteWebDriver.startSession(RemoteWebDriver.java:213)
	at org.openqa.selenium.remote.RemoteWebDriver.&lt;init&gt;(RemoteWebDriver.java:131)
	at org.openqa.selenium.edge.EdgeDriver.&lt;init&gt;(EdgeDriver.java:154)
	at com.kms.katalon.selenium.driver.CEdgeDriver.&lt;init&gt;(CEdgeDriver.java:14)
	at com.kms.katalon.core.webui.driver.DriverFactory.createNewEdgeChromiumDriver(DriverFactory.java:674)
	at com.kms.katalon.core.webui.driver.DriverFactory.startNewBrowser(DriverFactory.java:389)
	at com.kms.katalon.core.webui.driver.DriverFactory.openWebDriver(DriverFactory.java:263)
	at com.kms.katalon.core.webui.keyword.builtin.OpenBrowserKeyword$_openBrowser_closure1.doCall(OpenBrowserKeyword.groovy:74)
	at com.kms.katalon.core.webui.keyword.builtin.OpenBrowserKeyword$_openBrowser_closure1.call(OpenBrowserKeyword.groovy)
	at com.kms.katalon.core.webui.keyword.internal.WebUIKeywordMain.runKeyword(WebUIKeywordMain.groovy:20)
	at com.kms.katalon.core.webui.keyword.builtin.OpenBrowserKeyword.openBrowser(OpenBrowserKeyword.groovy:81)
	at com.kms.katalon.core.webui.keyword.builtin.OpenBrowserKeyword.execute(OpenBrowserKeyword.groovy:67)
	at com.kms.katalon.core.keyword.internal.KeywordExecutor.executeKeywordForPlatform(KeywordExecutor.groovy:74)
	at com.kms.katalon.core.webui.keyword.WebUiBuiltInKeywords.openBrowser(WebUiBuiltInKeywords.groovy:64)
	at com.kms.katalon.core.webui.keyword.WebUiBuiltInKeywords$openBrowser.call(Unknown Source)
	at Principal-Home.run(Principal-Home:20)
	at com.kms.katalon.core.main.ScriptEngine.run(ScriptEngine.java:194)
	at com.kms.katalon.core.main.ScriptEngine.runScriptAsRawText(ScriptEngine.java:119)
	at com.kms.katalon.core.main.TestCaseExecutor.runScript(TestCaseExecutor.java:448)
	at com.kms.katalon.core.main.TestCaseExecutor.doExecute(TestCaseExecutor.java:439)
	at com.kms.katalon.core.main.TestCaseExecutor.processExecutionPhase(TestCaseExecutor.java:418)
	at com.kms.katalon.core.main.TestCaseExecutor.accessMainPhase(TestCaseExecutor.java:410)
	at com.kms.katalon.core.main.TestCaseExecutor.execute(TestCaseExecutor.java:285)
	at com.kms.katalon.core.main.TestCaseMain.runTestCase(TestCaseMain.java:144)
	at com.kms.katalon.core.keyword.builtin.CallTestCaseKeyword$_callTestCase_closure1.doCall(CallTestCaseKeyword.groovy:59)
	at com.kms.katalon.core.keyword.builtin.CallTestCaseKeyword$_callTestCase_closure1.call(CallTestCaseKeyword.groovy)
	at com.kms.katalon.core.keyword.internal.KeywordMain.runKeyword(KeywordMain.groovy:75)
	at com.kms.katalon.core.keyword.builtin.CallTestCaseKeyword.callTestCase(CallTestCaseKeyword.groovy:81)
	at com.kms.katalon.core.keyword.builtin.CallTestCaseKeyword.execute(CallTestCaseKeyword.groovy:44)
	at com.kms.katalon.core.keyword.internal.KeywordExecutor.executeKeywordForPlatform(KeywordExecutor.groovy:74)
	at com.kms.katalon.core.keyword.BuiltinKeywords.callTestCase(BuiltinKeywords.groovy:310)
	at 4. Dirección nueva.run(4. Dirección nueva:20)
	at com.kms.katalon.core.main.ScriptEngine.run(ScriptEngine.java:194)
	at com.kms.katalon.core.main.ScriptEngine.runScriptAsRawText(ScriptEngine.java:119)
	at com.kms.katalon.core.main.TestCaseExecutor.runScript(TestCaseExecutor.java:448)
	at com.kms.katalon.core.main.TestCaseExecutor.doExecute(TestCaseExecutor.java:439)
	at com.kms.katalon.core.main.TestCaseExecutor.processExecutionPhase(TestCaseExecutor.java:418)
	at com.kms.katalon.core.main.TestCaseExecutor.accessMainPhase(TestCaseExecutor.java:410)
	at com.kms.katalon.core.main.TestCaseExecutor.execute(TestCaseExecutor.java:285)
	at com.kms.katalon.core.common.CommonExecutor.accessTestCaseMainPhase(CommonExecutor.java:65)
	at com.kms.katalon.core.main.TestSuiteExecutor.accessTestSuiteMainPhase(TestSuiteExecutor.java:148)
	at com.kms.katalon.core.main.TestSuiteExecutor.execute(TestSuiteExecutor.java:106)
	at com.kms.katalon.core.main.TestCaseMain.startTestSuite(TestCaseMain.java:187)
	at com.kms.katalon.core.main.TestCaseMain$startTestSuite$0.call(Unknown Source)
	at TempTestSuite1738842962897.run(TempTestSuite1738842962897.groovy:35)
</property>
  <property name="failed.exception.message">session not created: This version of Microsoft Edge WebDriver only supports Microsoft Edge version 130
Current browser version is 132.0.2957.140 with binary path C:\Program Files (x86)\Microsoft\Edge\Application\msedge.exe
Build info: version: &apos;3.141.59&apos;, revision: &apos;e82be7d358&apos;, time: &apos;2018-11-14T08:25:53&apos;
System info: host: &apos;DL0097&apos;, ip: &apos;10.136.10.15&apos;, os.name: &apos;Windows 10&apos;, os.arch: &apos;amd64&apos;, os.version: &apos;10.0&apos;, java.version: &apos;1.8.0_282&apos;
Driver info: driver.version: CEdgeDriver
remote stacktrace: 	GetHandleVerifier [0x00BDA2F3+37491]
	Microsoft::Applications::Events::time_ticks_t::time_ticks_t [0x00A7CB76+734246]
	Microsoft::Applications::Events::ILogConfiguration::operator* [0x0085471A+3482]
	Microsoft::Applications::Events::GUID_t::GUID_t [0x0087DBFA+65914]
	Microsoft::Applications::Events::GUID_t::GUID_t [0x0087D194+63252]
	Microsoft::Applications::Events::GUID_t::GUID_t [0x0087A37B+51451]
	Microsoft::Applications::Events::GUID_t::GUID_t [0x008760C8+34376]
	Microsoft::Applications::Events::GUID_t::GUID_t [0x008A79F7+237431]
	Microsoft::Applications::Events::GUID_t::GUID_t [0x008A722C+235436]
	Microsoft::Applications::Events::GUID_t::GUID_t [0x0089E0C6+198214]
	Microsoft::Applications::Events::GUID_t::GUID_t [0x00880B2F+77999]
	Microsoft::Applications::Events::GUID_t::GUID_t [0x0087FB99+74009]
	Microsoft::Applications::Events::GUID_t::GUID_t [0x0088057D+76541]
	GetHandleVerifier [0x00C5203C+528316]
	Microsoft::Applications::Events::FromJSON [0x00DA5B8C+660764]
	Microsoft::Applications::Events::FromJSON [0x00DA5498+658984]
	Microsoft::Applications::Events::FromJSON [0x00D96354+597220]
	Microsoft::Applications::Events::FromJSON [0x00DA6307+662679]
	Microsoft::Applications::Events::time_ticks_t::time_ticks_t [0x00A92A0D+823997]
	Microsoft::Applications::Events::time_ticks_t::time_ticks_t [0x00A85C78+771368]
	Microsoft::Applications::Events::time_ticks_t::time_ticks_t [0x00A85E5A+771850]
	Microsoft::Applications::Events::time_ticks_t::time_ticks_t [0x00A6E885+676149]
	BaseThreadInitThunk [0x76987BA9+25]
	RtlInitializeExceptionChain [0x7768C0CB+107]
	RtlClearBits [0x7768C04F+191]
</property>
</record>
<record>
  <date>2025-02-06T06:56:14</date>
  <millis>1738842974835</millis>
  <sequence>115</sequence>
  <level>END</level>
  <class>com.kms.katalon.core.logging.XmlKeywordLogger</class>
  <method>endKeyword</method>
  <thread>1</thread>
  <message>End action : callTestCase(findTestCase(&amp;quot;Registro_Envíos/1.Inicio/1.Principal/Principal-Home&amp;quot;), [:], STOP_ON_FAILURE)</message>
  <nestedLevel>1</nestedLevel>
  <escapedJava>false</escapedJava>
</record>
<record>
  <date>2025-02-06T06:56:14</date>
  <millis>1738842974835</millis>
  <sequence>119</sequence>
  <level>FAILED</level>
  <class>com.kms.katalon.core.logging.XmlKeywordLogger</class>
  <method>logMessage</method>
  <thread>1</thread>
  <message>Test Cases/Registro_Envíos/3. Positivas/1. Paquetes/Origen Lima/2.Girley/Geo sin seleccionar/4. Dirección nueva FAILED.
Reason:
com.kms.katalon.core.exception.StepFailedException: Call Test Case &amp;apos;Test Cases/Registro_Envíos/1.Inicio/1.Principal/Principal-Home&amp;apos; failed
	at com.kms.katalon.core.keyword.builtin.CallTestCaseKeyword$_callTestCase_closure1.doCall(CallTestCaseKeyword.groovy:63)
	at com.kms.katalon.core.keyword.builtin.CallTestCaseKeyword$_callTestCase_closure1.call(CallTestCaseKeyword.groovy)
	at com.kms.katalon.core.keyword.internal.KeywordMain.runKeyword(KeywordMain.groovy:75)
	at com.kms.katalon.core.keyword.builtin.CallTestCaseKeyword.callTestCase(CallTestCaseKeyword.groovy:81)
	at com.kms.katalon.core.keyword.builtin.CallTestCaseKeyword.execute(CallTestCaseKeyword.groovy:44)
	at com.kms.katalon.core.keyword.internal.KeywordExecutor.executeKeywordForPlatform(KeywordExecutor.groovy:74)
	at com.kms.katalon.core.keyword.BuiltinKeywords.callTestCase(BuiltinKeywords.groovy:310)
	at 4. Dirección nueva.run(4. Dirección nueva:20)
	at com.kms.katalon.core.main.ScriptEngine.run(ScriptEngine.java:194)
	at com.kms.katalon.core.main.ScriptEngine.runScriptAsRawText(ScriptEngine.java:119)
	at com.kms.katalon.core.main.TestCaseExecutor.runScript(TestCaseExecutor.java:448)
	at com.kms.katalon.core.main.TestCaseExecutor.doExecute(TestCaseExecutor.java:439)
	at com.kms.katalon.core.main.TestCaseExecutor.processExecutionPhase(TestCaseExecutor.java:418)
	at com.kms.katalon.core.main.TestCaseExecutor.accessMainPhase(TestCaseExecutor.java:410)
	at com.kms.katalon.core.main.TestCaseExecutor.execute(TestCaseExecutor.java:285)
	at com.kms.katalon.core.common.CommonExecutor.accessTestCaseMainPhase(CommonExecutor.java:65)
	at com.kms.katalon.core.main.TestSuiteExecutor.accessTestSuiteMainPhase(TestSuiteExecutor.java:148)
	at com.kms.katalon.core.main.TestSuiteExecutor.execute(TestSuiteExecutor.java:106)
	at com.kms.katalon.core.main.TestCaseMain.startTestSuite(TestCaseMain.java:187)
	at com.kms.katalon.core.main.TestCaseMain$startTestSuite$0.call(Unknown Source)
	at TempTestSuite1738842962897.run(TempTestSuite1738842962897.groovy:35)
Caused by: com.kms.katalon.core.exception.StepFailedException: Unable to open browser with url: &amp;apos;&amp;apos;
	at com.kms.katalon.core.webui.keyword.internal.WebUIKeywordMain.stepFailed(WebUIKeywordMain.groovy:64)
	at com.kms.katalon.core.webui.keyword.internal.WebUIKeywordMain.runKeyword(WebUIKeywordMain.groovy:26)
	at com.kms.katalon.core.webui.keyword.builtin.OpenBrowserKeyword.openBrowser(OpenBrowserKeyword.groovy:81)
	at com.kms.katalon.core.webui.keyword.builtin.OpenBrowserKeyword.execute(OpenBrowserKeyword.groovy:67)
	at com.kms.katalon.core.keyword.internal.KeywordExecutor.executeKeywordForPlatform(KeywordExecutor.groovy:74)
	at com.kms.katalon.core.webui.keyword.WebUiBuiltInKeywords.openBrowser(WebUiBuiltInKeywords.groovy:64)
	at com.kms.katalon.core.webui.keyword.WebUiBuiltInKeywords$openBrowser.call(Unknown Source)
	at Principal-Home.run(Principal-Home:20)
	at com.kms.katalon.core.main.ScriptEngine.run(ScriptEngine.java:194)
	at com.kms.katalon.core.main.ScriptEngine.runScriptAsRawText(ScriptEngine.java:119)
	at com.kms.katalon.core.main.TestCaseExecutor.runScript(TestCaseExecutor.java:448)
	at com.kms.katalon.core.main.TestCaseExecutor.doExecute(TestCaseExecutor.java:439)
	at com.kms.katalon.core.main.TestCaseExecutor.processExecutionPhase(TestCaseExecutor.java:418)
	at com.kms.katalon.core.main.TestCaseExecutor.accessMainPhase(TestCaseExecutor.java:410)
	at com.kms.katalon.core.main.TestCaseExecutor.execute(TestCaseExecutor.java:285)
	at com.kms.katalon.core.main.TestCaseMain.runTestCase(TestCaseMain.java:144)
	at com.kms.katalon.core.keyword.builtin.CallTestCaseKeyword$_callTestCase_closure1.doCall(CallTestCaseKeyword.groovy:59)
	... 20 more
Caused by: org.openqa.selenium.SessionNotCreatedException: session not created: This version of Microsoft Edge WebDriver only supports Microsoft Edge version 130
Current browser version is 132.0.2957.140 with binary path C:\Program Files (x86)\Microsoft\Edge\Application\msedge.exe
Build info: version: &amp;apos;3.141.59&amp;apos;, revision: &amp;apos;e82be7d358&amp;apos;, time: &amp;apos;2018-11-14T08:25:53&amp;apos;
System info: host: &amp;apos;DL0097&amp;apos;, ip: &amp;apos;10.136.10.15&amp;apos;, os.name: &amp;apos;Windows 10&amp;apos;, os.arch: &amp;apos;amd64&amp;apos;, os.version: &amp;apos;10.0&amp;apos;, java.version: &amp;apos;1.8.0_282&amp;apos;
Driver info: driver.version: CEdgeDriver
remote stacktrace: 	GetHandleVerifier [0x00BDA2F3+37491]
	Microsoft::Applications::Events::time_ticks_t::time_ticks_t [0x00A7CB76+734246]
	Microsoft::Applications::Events::ILogConfiguration::operator* [0x0085471A+3482]
	Microsoft::Applications::Events::GUID_t::GUID_t [0x0087DBFA+65914]
	Microsoft::Applications::Events::GUID_t::GUID_t [0x0087D194+63252]
	Microsoft::Applications::Events::GUID_t::GUID_t [0x0087A37B+51451]
	Microsoft::Applications::Events::GUID_t::GUID_t [0x008760C8+34376]
	Microsoft::Applications::Events::GUID_t::GUID_t [0x008A79F7+237431]
	Microsoft::Applications::Events::GUID_t::GUID_t [0x008A722C+235436]
	Microsoft::Applications::Events::GUID_t::GUID_t [0x0089E0C6+198214]
	Microsoft::Applications::Events::GUID_t::GUID_t [0x00880B2F+77999]
	Microsoft::Applications::Events::GUID_t::GUID_t [0x0087FB99+74009]
	Microsoft::Applications::Events::GUID_t::GUID_t [0x0088057D+76541]
	GetHandleVerifier [0x00C5203C+528316]
	Microsoft::Applications::Events::FromJSON [0x00DA5B8C+660764]
	Microsoft::Applications::Events::FromJSON [0x00DA5498+658984]
	Microsoft::Applications::Events::FromJSON [0x00D96354+597220]
	Microsoft::Applications::Events::FromJSON [0x00DA6307+662679]
	Microsoft::Applications::Events::time_ticks_t::time_ticks_t [0x00A92A0D+823997]
	Microsoft::Applications::Events::time_ticks_t::time_ticks_t [0x00A85C78+771368]
	Microsoft::Applications::Events::time_ticks_t::time_ticks_t [0x00A85E5A+771850]
	Microsoft::Applications::Events::time_ticks_t::time_ticks_t [0x00A6E885+676149]
	BaseThreadInitThunk [0x76987BA9+25]
	RtlInitializeExceptionChain [0x7768C0CB+107]
	RtlClearBits [0x7768C04F+191]

	at org.openqa.selenium.remote.W3CHandshakeResponse.lambda$errorHandler$0(W3CHandshakeResponse.java:62)
	at org.openqa.selenium.remote.HandshakeResponse.lambda$getResponseFunction$0(HandshakeResponse.java:30)
	at org.openqa.selenium.remote.ProtocolHandshake.lambda$createSession$0(ProtocolHandshake.java:126)
	at org.openqa.selenium.remote.ProtocolHandshake.createSession(ProtocolHandshake.java:128)
	at org.openqa.selenium.remote.ProtocolHandshake.createSession(ProtocolHandshake.java:74)
	at org.openqa.selenium.remote.HttpCommandExecutor.execute(HttpCommandExecutor.java:136)
	at org.openqa.selenium.remote.service.DriverCommandExecutor.execute(DriverCommandExecutor.java:83)
	at org.openqa.selenium.remote.RemoteWebDriver.execute(RemoteWebDriver.java:552)
	at com.kms.katalon.selenium.driver.CEdgeDriver.execute(CEdgeDriver.java:20)
	at org.openqa.selenium.remote.RemoteWebDriver.startSession(RemoteWebDriver.java:213)
	at org.openqa.selenium.remote.RemoteWebDriver.&amp;lt;init&amp;gt;(RemoteWebDriver.java:131)
	at org.openqa.selenium.edge.EdgeDriver.&amp;lt;init&amp;gt;(EdgeDriver.java:154)
	at com.kms.katalon.selenium.driver.CEdgeDriver.&amp;lt;init&amp;gt;(CEdgeDriver.java:14)
	at com.kms.katalon.core.webui.driver.DriverFactory.createNewEdgeChromiumDriver(DriverFactory.java:674)
	at com.kms.katalon.core.webui.driver.DriverFactory.startNewBrowser(DriverFactory.java:389)
	at com.kms.katalon.core.webui.driver.DriverFactory.openWebDriver(DriverFactory.java:263)
	at com.kms.katalon.core.webui.keyword.builtin.OpenBrowserKeyword$_openBrowser_closure1.doCall(OpenBrowserKeyword.groovy:74)
	at com.kms.katalon.core.webui.keyword.builtin.OpenBrowserKeyword$_openBrowser_closure1.call(OpenBrowserKeyword.groovy)
	at com.kms.katalon.core.webui.keyword.internal.WebUIKeywordMain.runKeyword(WebUIKeywordMain.groovy:20)
	... 35 more
</message>
  <exception>
    <message>com.kms.katalon.core.exception.StepFailedException: Call Test Case 'Test Cases/Registro_Envíos/1.Inicio/1.Principal/Principal-Home' failed</message>
    <frame>
      <class>com.kms.katalon.core.keyword.builtin.CallTestCaseKeyword$_callTestCase_closure1</class>
      <method>doCall</method>
      <line>63</line>
    </frame>
    <frame>
      <class>com.kms.katalon.core.keyword.builtin.CallTestCaseKeyword$_callTestCase_closure1</class>
      <method>call</method>
    </frame>
    <frame>
      <class>com.kms.katalon.core.keyword.internal.KeywordMain</class>
      <method>runKeyword</method>
      <line>75</line>
    </frame>
    <frame>
      <class>com.kms.katalon.core.keyword.builtin.CallTestCaseKeyword</class>
      <method>callTestCase</method>
      <line>81</line>
    </frame>
    <frame>
      <class>com.kms.katalon.core.keyword.builtin.CallTestCaseKeyword</class>
      <method>execute</method>
      <line>44</line>
    </frame>
    <frame>
      <class>com.kms.katalon.core.keyword.internal.KeywordExecutor</class>
      <method>executeKeywordForPlatform</method>
      <line>74</line>
    </frame>
    <frame>
      <class>com.kms.katalon.core.keyword.BuiltinKeywords</class>
      <method>callTestCase</method>
      <line>310</line>
    </frame>
    <frame>
      <class>4. Dirección nueva</class>
      <method>run</method>
      <line>20</line>
    </frame>
    <frame>
      <class>com.kms.katalon.core.main.ScriptEngine</class>
      <method>run</method>
      <line>194</line>
    </frame>
    <frame>
      <class>com.kms.katalon.core.main.ScriptEngine</class>
      <method>runScriptAsRawText</method>
      <line>119</line>
    </frame>
    <frame>
      <class>com.kms.katalon.core.main.TestCaseExecutor</class>
      <method>runScript</method>
      <line>448</line>
    </frame>
    <frame>
      <class>com.kms.katalon.core.main.TestCaseExecutor</class>
      <method>doExecute</method>
      <line>439</line>
    </frame>
    <frame>
      <class>com.kms.katalon.core.main.TestCaseExecutor</class>
      <method>processExecutionPhase</method>
      <line>418</line>
    </frame>
    <frame>
      <class>com.kms.katalon.core.main.TestCaseExecutor</class>
      <method>accessMainPhase</method>
      <line>410</line>
    </frame>
    <frame>
      <class>com.kms.katalon.core.main.TestCaseExecutor</class>
      <method>execute</method>
      <line>285</line>
    </frame>
    <frame>
      <class>com.kms.katalon.core.common.CommonExecutor</class>
      <method>accessTestCaseMainPhase</method>
      <line>65</line>
    </frame>
    <frame>
      <class>com.kms.katalon.core.main.TestSuiteExecutor</class>
      <method>accessTestSuiteMainPhase</method>
      <line>148</line>
    </frame>
    <frame>
      <class>com.kms.katalon.core.main.TestSuiteExecutor</class>
      <method>execute</method>
      <line>106</line>
    </frame>
    <frame>
      <class>com.kms.katalon.core.main.TestCaseMain</class>
      <method>startTestSuite</method>
      <line>187</line>
    </frame>
    <frame>
      <class>com.kms.katalon.core.main.TestCaseMain$startTestSuite$0</class>
      <method>call</method>
    </frame>
    <frame>
      <class>TempTestSuite1738842962897</class>
      <method>run</method>
      <line>35</line>
    </frame>
  </exception>
  <nestedLevel>0</nestedLevel>
  <escapedJava>false</escapedJava>
  <property name="failed.exception.stacktrace">org.openqa.selenium.SessionNotCreatedException: session not created: This version of Microsoft Edge WebDriver only supports Microsoft Edge version 130
Current browser version is 132.0.2957.140 with binary path C:\Program Files (x86)\Microsoft\Edge\Application\msedge.exe
Build info: version: &apos;3.141.59&apos;, revision: &apos;e82be7d358&apos;, time: &apos;2018-11-14T08:25:53&apos;
System info: host: &apos;DL0097&apos;, ip: &apos;10.136.10.15&apos;, os.name: &apos;Windows 10&apos;, os.arch: &apos;amd64&apos;, os.version: &apos;10.0&apos;, java.version: &apos;1.8.0_282&apos;
Driver info: driver.version: CEdgeDriver
remote stacktrace: 	GetHandleVerifier [0x00BDA2F3+37491]
	Microsoft::Applications::Events::time_ticks_t::time_ticks_t [0x00A7CB76+734246]
	Microsoft::Applications::Events::ILogConfiguration::operator* [0x0085471A+3482]
	Microsoft::Applications::Events::GUID_t::GUID_t [0x0087DBFA+65914]
	Microsoft::Applications::Events::GUID_t::GUID_t [0x0087D194+63252]
	Microsoft::Applications::Events::GUID_t::GUID_t [0x0087A37B+51451]
	Microsoft::Applications::Events::GUID_t::GUID_t [0x008760C8+34376]
	Microsoft::Applications::Events::GUID_t::GUID_t [0x008A79F7+237431]
	Microsoft::Applications::Events::GUID_t::GUID_t [0x008A722C+235436]
	Microsoft::Applications::Events::GUID_t::GUID_t [0x0089E0C6+198214]
	Microsoft::Applications::Events::GUID_t::GUID_t [0x00880B2F+77999]
	Microsoft::Applications::Events::GUID_t::GUID_t [0x0087FB99+74009]
	Microsoft::Applications::Events::GUID_t::GUID_t [0x0088057D+76541]
	GetHandleVerifier [0x00C5203C+528316]
	Microsoft::Applications::Events::FromJSON [0x00DA5B8C+660764]
	Microsoft::Applications::Events::FromJSON [0x00DA5498+658984]
	Microsoft::Applications::Events::FromJSON [0x00D96354+597220]
	Microsoft::Applications::Events::FromJSON [0x00DA6307+662679]
	Microsoft::Applications::Events::time_ticks_t::time_ticks_t [0x00A92A0D+823997]
	Microsoft::Applications::Events::time_ticks_t::time_ticks_t [0x00A85C78+771368]
	Microsoft::Applications::Events::time_ticks_t::time_ticks_t [0x00A85E5A+771850]
	Microsoft::Applications::Events::time_ticks_t::time_ticks_t [0x00A6E885+676149]
	BaseThreadInitThunk [0x76987BA9+25]
	RtlInitializeExceptionChain [0x7768C0CB+107]
	RtlClearBits [0x7768C04F+191]

	at org.openqa.selenium.remote.W3CHandshakeResponse.lambda$errorHandler$0(W3CHandshakeResponse.java:62)
	at org.openqa.selenium.remote.HandshakeResponse.lambda$getResponseFunction$0(HandshakeResponse.java:30)
	at org.openqa.selenium.remote.ProtocolHandshake.lambda$createSession$0(ProtocolHandshake.java:126)
	at org.openqa.selenium.remote.ProtocolHandshake.createSession(ProtocolHandshake.java:128)
	at org.openqa.selenium.remote.ProtocolHandshake.createSession(ProtocolHandshake.java:74)
	at org.openqa.selenium.remote.HttpCommandExecutor.execute(HttpCommandExecutor.java:136)
	at org.openqa.selenium.remote.service.DriverCommandExecutor.execute(DriverCommandExecutor.java:83)
	at org.openqa.selenium.remote.RemoteWebDriver.execute(RemoteWebDriver.java:552)
	at com.kms.katalon.selenium.driver.CEdgeDriver.execute(CEdgeDriver.java:20)
	at org.openqa.selenium.remote.RemoteWebDriver.startSession(RemoteWebDriver.java:213)
	at org.openqa.selenium.remote.RemoteWebDriver.&lt;init&gt;(RemoteWebDriver.java:131)
	at org.openqa.selenium.edge.EdgeDriver.&lt;init&gt;(EdgeDriver.java:154)
	at com.kms.katalon.selenium.driver.CEdgeDriver.&lt;init&gt;(CEdgeDriver.java:14)
	at com.kms.katalon.core.webui.driver.DriverFactory.createNewEdgeChromiumDriver(DriverFactory.java:674)
	at com.kms.katalon.core.webui.driver.DriverFactory.startNewBrowser(DriverFactory.java:389)
	at com.kms.katalon.core.webui.driver.DriverFactory.openWebDriver(DriverFactory.java:263)
	at com.kms.katalon.core.webui.keyword.builtin.OpenBrowserKeyword$_openBrowser_closure1.doCall(OpenBrowserKeyword.groovy:74)
	at com.kms.katalon.core.webui.keyword.builtin.OpenBrowserKeyword$_openBrowser_closure1.call(OpenBrowserKeyword.groovy)
	at com.kms.katalon.core.webui.keyword.internal.WebUIKeywordMain.runKeyword(WebUIKeywordMain.groovy:20)
	at com.kms.katalon.core.webui.keyword.builtin.OpenBrowserKeyword.openBrowser(OpenBrowserKeyword.groovy:81)
	at com.kms.katalon.core.webui.keyword.builtin.OpenBrowserKeyword.execute(OpenBrowserKeyword.groovy:67)
	at com.kms.katalon.core.keyword.internal.KeywordExecutor.executeKeywordForPlatform(KeywordExecutor.groovy:74)
	at com.kms.katalon.core.webui.keyword.WebUiBuiltInKeywords.openBrowser(WebUiBuiltInKeywords.groovy:64)
	at com.kms.katalon.core.webui.keyword.WebUiBuiltInKeywords$openBrowser.call(Unknown Source)
	at Principal-Home.run(Principal-Home:20)
	at com.kms.katalon.core.main.ScriptEngine.run(ScriptEngine.java:194)
	at com.kms.katalon.core.main.ScriptEngine.runScriptAsRawText(ScriptEngine.java:119)
	at com.kms.katalon.core.main.TestCaseExecutor.runScript(TestCaseExecutor.java:448)
	at com.kms.katalon.core.main.TestCaseExecutor.doExecute(TestCaseExecutor.java:439)
	at com.kms.katalon.core.main.TestCaseExecutor.processExecutionPhase(TestCaseExecutor.java:418)
	at com.kms.katalon.core.main.TestCaseExecutor.accessMainPhase(TestCaseExecutor.java:410)
	at com.kms.katalon.core.main.TestCaseExecutor.execute(TestCaseExecutor.java:285)
	at com.kms.katalon.core.main.TestCaseMain.runTestCase(TestCaseMain.java:144)
	at com.kms.katalon.core.keyword.builtin.CallTestCaseKeyword$_callTestCase_closure1.doCall(CallTestCaseKeyword.groovy:59)
	at com.kms.katalon.core.keyword.builtin.CallTestCaseKeyword$_callTestCase_closure1.call(CallTestCaseKeyword.groovy)
	at com.kms.katalon.core.keyword.internal.KeywordMain.runKeyword(KeywordMain.groovy:75)
	at com.kms.katalon.core.keyword.builtin.CallTestCaseKeyword.callTestCase(CallTestCaseKeyword.groovy:81)
	at com.kms.katalon.core.keyword.builtin.CallTestCaseKeyword.execute(CallTestCaseKeyword.groovy:44)
	at com.kms.katalon.core.keyword.internal.KeywordExecutor.executeKeywordForPlatform(KeywordExecutor.groovy:74)
	at com.kms.katalon.core.keyword.BuiltinKeywords.callTestCase(BuiltinKeywords.groovy:310)
	at 4. Dirección nueva.run(4. Dirección nueva:20)
	at com.kms.katalon.core.main.ScriptEngine.run(ScriptEngine.java:194)
	at com.kms.katalon.core.main.ScriptEngine.runScriptAsRawText(ScriptEngine.java:119)
	at com.kms.katalon.core.main.TestCaseExecutor.runScript(TestCaseExecutor.java:448)
	at com.kms.katalon.core.main.TestCaseExecutor.doExecute(TestCaseExecutor.java:439)
	at com.kms.katalon.core.main.TestCaseExecutor.processExecutionPhase(TestCaseExecutor.java:418)
	at com.kms.katalon.core.main.TestCaseExecutor.accessMainPhase(TestCaseExecutor.java:410)
	at com.kms.katalon.core.main.TestCaseExecutor.execute(TestCaseExecutor.java:285)
	at com.kms.katalon.core.common.CommonExecutor.accessTestCaseMainPhase(CommonExecutor.java:65)
	at com.kms.katalon.core.main.TestSuiteExecutor.accessTestSuiteMainPhase(TestSuiteExecutor.java:148)
	at com.kms.katalon.core.main.TestSuiteExecutor.execute(TestSuiteExecutor.java:106)
	at com.kms.katalon.core.main.TestCaseMain.startTestSuite(TestCaseMain.java:187)
	at com.kms.katalon.core.main.TestCaseMain$startTestSuite$0.call(Unknown Source)
	at TempTestSuite1738842962897.run(TempTestSuite1738842962897.groovy:35)
</property>
  <property name="failed.exception.class">org.openqa.selenium.SessionNotCreatedException</property>
  <property name="failed.exception.message">session not created: This version of Microsoft Edge WebDriver only supports Microsoft Edge version 130
Current browser version is 132.0.2957.140 with binary path C:\Program Files (x86)\Microsoft\Edge\Application\msedge.exe
Build info: version: &apos;3.141.59&apos;, revision: &apos;e82be7d358&apos;, time: &apos;2018-11-14T08:25:53&apos;
System info: host: &apos;DL0097&apos;, ip: &apos;10.136.10.15&apos;, os.name: &apos;Windows 10&apos;, os.arch: &apos;amd64&apos;, os.version: &apos;10.0&apos;, java.version: &apos;1.8.0_282&apos;
Driver info: driver.version: CEdgeDriver
remote stacktrace: 	GetHandleVerifier [0x00BDA2F3+37491]
	Microsoft::Applications::Events::time_ticks_t::time_ticks_t [0x00A7CB76+734246]
	Microsoft::Applications::Events::ILogConfiguration::operator* [0x0085471A+3482]
	Microsoft::Applications::Events::GUID_t::GUID_t [0x0087DBFA+65914]
	Microsoft::Applications::Events::GUID_t::GUID_t [0x0087D194+63252]
	Microsoft::Applications::Events::GUID_t::GUID_t [0x0087A37B+51451]
	Microsoft::Applications::Events::GUID_t::GUID_t [0x008760C8+34376]
	Microsoft::Applications::Events::GUID_t::GUID_t [0x008A79F7+237431]
	Microsoft::Applications::Events::GUID_t::GUID_t [0x008A722C+235436]
	Microsoft::Applications::Events::GUID_t::GUID_t [0x0089E0C6+198214]
	Microsoft::Applications::Events::GUID_t::GUID_t [0x00880B2F+77999]
	Microsoft::Applications::Events::GUID_t::GUID_t [0x0087FB99+74009]
	Microsoft::Applications::Events::GUID_t::GUID_t [0x0088057D+76541]
	GetHandleVerifier [0x00C5203C+528316]
	Microsoft::Applications::Events::FromJSON [0x00DA5B8C+660764]
	Microsoft::Applications::Events::FromJSON [0x00DA5498+658984]
	Microsoft::Applications::Events::FromJSON [0x00D96354+597220]
	Microsoft::Applications::Events::FromJSON [0x00DA6307+662679]
	Microsoft::Applications::Events::time_ticks_t::time_ticks_t [0x00A92A0D+823997]
	Microsoft::Applications::Events::time_ticks_t::time_ticks_t [0x00A85C78+771368]
	Microsoft::Applications::Events::time_ticks_t::time_ticks_t [0x00A85E5A+771850]
	Microsoft::Applications::Events::time_ticks_t::time_ticks_t [0x00A6E885+676149]
	BaseThreadInitThunk [0x76987BA9+25]
	RtlInitializeExceptionChain [0x7768C0CB+107]
	RtlClearBits [0x7768C04F+191]
</property>
</record>
<record>
  <date>2025-02-06T06:56:14</date>
  <millis>1738842974835</millis>
  <sequence>121</sequence>
  <level>END</level>
  <class>com.kms.katalon.core.logging.XmlKeywordLogger</class>
  <method>endTest</method>
  <thread>1</thread>
  <message>End Test Case : Test Cases/Registro_Envíos/3. Positivas/1. Paquetes/Origen Lima/2.Girley/Geo sin seleccionar/4. Dirección nueva</message>
  <nestedLevel>0</nestedLevel>
  <escapedJava>false</escapedJava>
  <property name="executionBindingVariables">[]</property>
  <property name="applitools">false</property>
  <property name="keywordsUsage">{
  &quot;web_ui&quot;: true,
  &quot;web_service&quot;: false,
  &quot;cucumber&quot;: false,
  &quot;builtin&quot;: true,
  &quot;mobile&quot;: false,
  &quot;windows&quot;: false,
  &quot;testng&quot;: false
}</property>
</record>
<record>
  <date>2025-02-06T06:56:14</date>
  <millis>1738842974841</millis>
  <sequence>122</sequence>
  <level>START</level>
  <class>com.kms.katalon.core.logging.XmlKeywordLogger</class>
  <method>startTest</method>
  <thread>1</thread>
  <message>Start Test Case : Test Cases/Registro_Envíos/3. Positivas/1. Paquetes/Origen Lima/2.Girley/Geo sin seleccionar/3. Cambio por dirección a tienda</message>
  <nestedLevel>1</nestedLevel>
  <escapedJava>false</escapedJava>
  <property name="name">Test Cases/Registro_Envíos/3. Positivas/1. Paquetes/Origen Lima/2.Girley/Geo sin seleccionar/3. Cambio por dirección a tienda</property>
  <property name="description"></property>
  <property name="iteration"></property>
  <property name="id">Test Cases/Registro_Envíos/3. Positivas/1. Paquetes/Origen Lima/2.Girley/Geo sin seleccionar/3. Cambio por dirección a tienda</property>
  <property name="source">F:\Git\RegistroEnvios\Test Cases\Registro_Envíos\3. Positivas\1. Paquetes\Origen Lima\2.Girley\Geo sin seleccionar\3. Cambio por dirección a tienda.tc</property>
  <property name="tag"></property>
  <property name="isOptional">false</property>
</record>
<record>
  <date>2025-02-06T06:56:15</date>
  <millis>1738842975013</millis>
  <sequence>124</sequence>
  <level>START</level>
  <class>com.kms.katalon.core.logging.XmlKeywordLogger</class>
  <method>startKeyword</method>
  <thread>1</thread>
  <message>Start action : callTestCase(findTestCase(&amp;quot;Registro_Envíos/1.Inicio/1.Principal/Principal-Home&amp;quot;), [:], STOP_ON_FAILURE)</message>
  <nestedLevel>1</nestedLevel>
  <escapedJava>false</escapedJava>
  <property name="startLine">20</property>
  <property name="stepIndex">1</property>
</record>
<record>
  <date>2025-02-06T06:56:15</date>
  <millis>1738842975072</millis>
  <sequence>127</sequence>
  <level>START</level>
  <class>com.kms.katalon.core.logging.XmlKeywordLogger</class>
  <method>startTest</method>
  <thread>1</thread>
  <message>Start Test Case : Test Cases/Registro_Envíos/1.Inicio/1.Principal/Principal-Home</message>
  <nestedLevel>2</nestedLevel>
  <escapedJava>false</escapedJava>
  <property name="name">Test Cases/Registro_Envíos/1.Inicio/1.Principal/Principal-Home</property>
  <property name="description"></property>
  <property name="iteration"></property>
  <property name="id">Test Cases/Registro_Envíos/1.Inicio/1.Principal/Principal-Home</property>
  <property name="source">F:\Git\RegistroEnvios\Test Cases\Registro_Envíos\1.Inicio\1.Principal\Principal-Home.tc</property>
  <property name="tag"></property>
  <property name="isOptional">false</property>
</record>
<record>
  <date>2025-02-06T06:56:15</date>
  <millis>1738842975072</millis>
  <sequence>129</sequence>
  <level>START</level>
  <class>com.kms.katalon.core.logging.XmlKeywordLogger</class>
  <method>startKeyword</method>
  <thread>1</thread>
  <message>Start action : openBrowser(&amp;quot;&amp;quot;)</message>
  <nestedLevel>1</nestedLevel>
  <escapedJava>false</escapedJava>
  <property name="startLine">20</property>
  <property name="stepIndex">1</property>
</record>
<record>
  <date>2025-02-06T06:56:15</date>
  <millis>1738842975079</millis>
  <sequence>131</sequence>
  <level>INFO</level>
  <class>com.kms.katalon.core.logging.XmlKeywordLogger</class>
  <method>logMessage</method>
  <thread>1</thread>
  <message>Starting &amp;apos;Edge Chromium&amp;apos; driver</message>
  <nestedLevel>2</nestedLevel>
  <escapedJava>false</escapedJava>
</record>
<record>
  <date>2025-02-06T06:56:15</date>
  <millis>1738842975082</millis>
  <sequence>133</sequence>
  <level>INFO</level>
  <class>com.kms.katalon.core.logging.XmlKeywordLogger</class>
  <method>logMessage</method>
  <thread>1</thread>
  <message>Action delay is set to 0 milliseconds</message>
  <nestedLevel>2</nestedLevel>
  <escapedJava>false</escapedJava>
</record>
<record>
  <date>2025-02-06T06:56:15</date>
  <millis>1738842975823</millis>
  <sequence>137</sequence>
  <level>FAILED</level>
  <class>com.kms.katalon.core.logging.XmlKeywordLogger</class>
  <method>logMessage</method>
  <thread>1</thread>
  <message>Unable to open browser with url: &amp;apos;&amp;apos; (Root cause: com.kms.katalon.core.exception.StepFailedException: Unable to open browser with url: &amp;apos;&amp;apos;
	at com.kms.katalon.core.webui.keyword.internal.WebUIKeywordMain.stepFailed(WebUIKeywordMain.groovy:64)
	at com.kms.katalon.core.webui.keyword.internal.WebUIKeywordMain.runKeyword(WebUIKeywordMain.groovy:26)
	at com.kms.katalon.core.webui.keyword.builtin.OpenBrowserKeyword.openBrowser(OpenBrowserKeyword.groovy:81)
	at com.kms.katalon.core.webui.keyword.builtin.OpenBrowserKeyword.execute(OpenBrowserKeyword.groovy:67)
	at com.kms.katalon.core.keyword.internal.KeywordExecutor.executeKeywordForPlatform(KeywordExecutor.groovy:74)
	at com.kms.katalon.core.webui.keyword.WebUiBuiltInKeywords.openBrowser(WebUiBuiltInKeywords.groovy:64)
	at com.kms.katalon.core.webui.keyword.WebUiBuiltInKeywords$openBrowser.call(Unknown Source)
	at Principal-Home.run(Principal-Home:20)
	at com.kms.katalon.core.main.ScriptEngine.run(ScriptEngine.java:194)
	at com.kms.katalon.core.main.ScriptEngine.runScriptAsRawText(ScriptEngine.java:119)
	at com.kms.katalon.core.main.TestCaseExecutor.runScript(TestCaseExecutor.java:448)
	at com.kms.katalon.core.main.TestCaseExecutor.doExecute(TestCaseExecutor.java:439)
	at com.kms.katalon.core.main.TestCaseExecutor.processExecutionPhase(TestCaseExecutor.java:418)
	at com.kms.katalon.core.main.TestCaseExecutor.accessMainPhase(TestCaseExecutor.java:410)
	at com.kms.katalon.core.main.TestCaseExecutor.execute(TestCaseExecutor.java:285)
	at com.kms.katalon.core.main.TestCaseMain.runTestCase(TestCaseMain.java:144)
	at com.kms.katalon.core.keyword.builtin.CallTestCaseKeyword$_callTestCase_closure1.doCall(CallTestCaseKeyword.groovy:59)
	at com.kms.katalon.core.keyword.builtin.CallTestCaseKeyword$_callTestCase_closure1.call(CallTestCaseKeyword.groovy)
	at com.kms.katalon.core.keyword.internal.KeywordMain.runKeyword(KeywordMain.groovy:75)
	at com.kms.katalon.core.keyword.builtin.CallTestCaseKeyword.callTestCase(CallTestCaseKeyword.groovy:81)
	at com.kms.katalon.core.keyword.builtin.CallTestCaseKeyword.execute(CallTestCaseKeyword.groovy:44)
	at com.kms.katalon.core.keyword.internal.KeywordExecutor.executeKeywordForPlatform(KeywordExecutor.groovy:74)
	at com.kms.katalon.core.keyword.BuiltinKeywords.callTestCase(BuiltinKeywords.groovy:310)
	at 3. Cambio por dirección a tienda.run(3. Cambio por dirección a tienda:20)
	at com.kms.katalon.core.main.ScriptEngine.run(ScriptEngine.java:194)
	at com.kms.katalon.core.main.ScriptEngine.runScriptAsRawText(ScriptEngine.java:119)
	at com.kms.katalon.core.main.TestCaseExecutor.runScript(TestCaseExecutor.java:448)
	at com.kms.katalon.core.main.TestCaseExecutor.doExecute(TestCaseExecutor.java:439)
	at com.kms.katalon.core.main.TestCaseExecutor.processExecutionPhase(TestCaseExecutor.java:418)
	at com.kms.katalon.core.main.TestCaseExecutor.accessMainPhase(TestCaseExecutor.java:410)
	at com.kms.katalon.core.main.TestCaseExecutor.execute(TestCaseExecutor.java:285)
	at com.kms.katalon.core.common.CommonExecutor.accessTestCaseMainPhase(CommonExecutor.java:65)
	at com.kms.katalon.core.main.TestSuiteExecutor.accessTestSuiteMainPhase(TestSuiteExecutor.java:148)
	at com.kms.katalon.core.main.TestSuiteExecutor.execute(TestSuiteExecutor.java:106)
	at com.kms.katalon.core.main.TestCaseMain.startTestSuite(TestCaseMain.java:187)
	at com.kms.katalon.core.main.TestCaseMain$startTestSuite$0.call(Unknown Source)
	at TempTestSuite1738842962897.run(TempTestSuite1738842962897.groovy:35)
Caused by: org.openqa.selenium.SessionNotCreatedException: session not created: This version of Microsoft Edge WebDriver only supports Microsoft Edge version 130
Current browser version is 132.0.2957.140 with binary path C:\Program Files (x86)\Microsoft\Edge\Application\msedge.exe
Build info: version: &amp;apos;3.141.59&amp;apos;, revision: &amp;apos;e82be7d358&amp;apos;, time: &amp;apos;2018-11-14T08:25:53&amp;apos;
System info: host: &amp;apos;DL0097&amp;apos;, ip: &amp;apos;10.136.10.15&amp;apos;, os.name: &amp;apos;Windows 10&amp;apos;, os.arch: &amp;apos;amd64&amp;apos;, os.version: &amp;apos;10.0&amp;apos;, java.version: &amp;apos;1.8.0_282&amp;apos;
Driver info: driver.version: CEdgeDriver
remote stacktrace: 	GetHandleVerifier [0x00BDA2F3+37491]
	Microsoft::Applications::Events::time_ticks_t::time_ticks_t [0x00A7CB76+734246]
	Microsoft::Applications::Events::ILogConfiguration::operator* [0x0085471A+3482]
	Microsoft::Applications::Events::GUID_t::GUID_t [0x0087DBFA+65914]
	Microsoft::Applications::Events::GUID_t::GUID_t [0x0087D194+63252]
	Microsoft::Applications::Events::GUID_t::GUID_t [0x0087A37B+51451]
	Microsoft::Applications::Events::GUID_t::GUID_t [0x008760C8+34376]
	Microsoft::Applications::Events::GUID_t::GUID_t [0x008A79F7+237431]
	Microsoft::Applications::Events::GUID_t::GUID_t [0x008A722C+235436]
	Microsoft::Applications::Events::GUID_t::GUID_t [0x0089E0C6+198214]
	Microsoft::Applications::Events::GUID_t::GUID_t [0x00880B2F+77999]
	Microsoft::Applications::Events::GUID_t::GUID_t [0x0087FB99+74009]
	Microsoft::Applications::Events::GUID_t::GUID_t [0x0088057D+76541]
	GetHandleVerifier [0x00C5203C+528316]
	Microsoft::Applications::Events::FromJSON [0x00DA5B8C+660764]
	Microsoft::Applications::Events::FromJSON [0x00DA5498+658984]
	Microsoft::Applications::Events::FromJSON [0x00D96354+597220]
	Microsoft::Applications::Events::FromJSON [0x00DA6307+662679]
	Microsoft::Applications::Events::time_ticks_t::time_ticks_t [0x00A92A0D+823997]
	Microsoft::Applications::Events::time_ticks_t::time_ticks_t [0x00A85C78+771368]
	Microsoft::Applications::Events::time_ticks_t::time_ticks_t [0x00A85E5A+771850]
	Microsoft::Applications::Events::time_ticks_t::time_ticks_t [0x00A6E885+676149]
	BaseThreadInitThunk [0x76987BA9+25]
	RtlInitializeExceptionChain [0x7768C0CB+107]
	RtlClearBits [0x7768C04F+191]

	at org.openqa.selenium.remote.W3CHandshakeResponse.lambda$errorHandler$0(W3CHandshakeResponse.java:62)
	at org.openqa.selenium.remote.HandshakeResponse.lambda$getResponseFunction$0(HandshakeResponse.java:30)
	at org.openqa.selenium.remote.ProtocolHandshake.lambda$createSession$0(ProtocolHandshake.java:126)
	at org.openqa.selenium.remote.ProtocolHandshake.createSession(ProtocolHandshake.java:128)
	at org.openqa.selenium.remote.ProtocolHandshake.createSession(ProtocolHandshake.java:74)
	at org.openqa.selenium.remote.HttpCommandExecutor.execute(HttpCommandExecutor.java:136)
	at org.openqa.selenium.remote.service.DriverCommandExecutor.execute(DriverCommandExecutor.java:83)
	at org.openqa.selenium.remote.RemoteWebDriver.execute(RemoteWebDriver.java:552)
	at com.kms.katalon.selenium.driver.CEdgeDriver.execute(CEdgeDriver.java:20)
	at org.openqa.selenium.remote.RemoteWebDriver.startSession(RemoteWebDriver.java:213)
	at org.openqa.selenium.remote.RemoteWebDriver.&amp;lt;init&amp;gt;(RemoteWebDriver.java:131)
	at org.openqa.selenium.edge.EdgeDriver.&amp;lt;init&amp;gt;(EdgeDriver.java:154)
	at com.kms.katalon.selenium.driver.CEdgeDriver.&amp;lt;init&amp;gt;(CEdgeDriver.java:14)
	at com.kms.katalon.core.webui.driver.DriverFactory.createNewEdgeChromiumDriver(DriverFactory.java:674)
	at com.kms.katalon.core.webui.driver.DriverFactory.startNewBrowser(DriverFactory.java:389)
	at com.kms.katalon.core.webui.driver.DriverFactory.openWebDriver(DriverFactory.java:263)
	at com.kms.katalon.core.webui.keyword.builtin.OpenBrowserKeyword$_openBrowser_closure1.doCall(OpenBrowserKeyword.groovy:74)
	at com.kms.katalon.core.webui.keyword.builtin.OpenBrowserKeyword$_openBrowser_closure1.call(OpenBrowserKeyword.groovy)
	at com.kms.katalon.core.webui.keyword.internal.WebUIKeywordMain.runKeyword(WebUIKeywordMain.groovy:20)
	at com.kms.katalon.core.webui.keyword.builtin.OpenBrowserKeyword.openBrowser(OpenBrowserKeyword.groovy:81)
	at com.kms.katalon.core.webui.keyword.builtin.OpenBrowserKeyword.execute(OpenBrowserKeyword.groovy:67)
	at com.kms.katalon.core.keyword.internal.KeywordExecutor.executeKeywordForPlatform(KeywordExecutor.groovy:74)
	at com.kms.katalon.core.webui.keyword.WebUiBuiltInKeywords.openBrowser(WebUiBuiltInKeywords.groovy:64)
	at com.kms.katalon.core.webui.keyword.WebUiBuiltInKeywords$openBrowser.call(Unknown Source)
	at Script1726224982168.run(Script1726224982168.groovy:20)
	at com.kms.katalon.core.main.ScriptEngine.run(ScriptEngine.java:194)
	at com.kms.katalon.core.main.ScriptEngine.runScriptAsRawText(ScriptEngine.java:119)
	at com.kms.katalon.core.main.TestCaseExecutor.runScript(TestCaseExecutor.java:448)
	at com.kms.katalon.core.main.TestCaseExecutor.doExecute(TestCaseExecutor.java:439)
	at com.kms.katalon.core.main.TestCaseExecutor.processExecutionPhase(TestCaseExecutor.java:418)
	at com.kms.katalon.core.main.TestCaseExecutor.accessMainPhase(TestCaseExecutor.java:410)
	at com.kms.katalon.core.main.TestCaseExecutor.execute(TestCaseExecutor.java:285)
	at com.kms.katalon.core.main.TestCaseMain.runTestCase(TestCaseMain.java:144)
	at com.kms.katalon.core.keyword.builtin.CallTestCaseKeyword$_callTestCase_closure1.doCall(CallTestCaseKeyword.groovy:59)
	at com.kms.katalon.core.keyword.builtin.CallTestCaseKeyword$_callTestCase_closure1.call(CallTestCaseKeyword.groovy)
	at com.kms.katalon.core.keyword.internal.KeywordMain.runKeyword(KeywordMain.groovy:75)
	at com.kms.katalon.core.keyword.builtin.CallTestCaseKeyword.callTestCase(CallTestCaseKeyword.groovy:81)
	at com.kms.katalon.core.keyword.builtin.CallTestCaseKeyword.execute(CallTestCaseKeyword.groovy:44)
	at com.kms.katalon.core.keyword.internal.KeywordExecutor.executeKeywordForPlatform(KeywordExecutor.groovy:74)
	at com.kms.katalon.core.keyword.BuiltinKeywords.callTestCase(BuiltinKeywords.groovy:310)
	at Script1726232808483.run(Script1726232808483.groovy:20)
	... 13 more
)</message>
  <nestedLevel>2</nestedLevel>
  <escapedJava>false</escapedJava>
  <property name="failed.exception.class">org.openqa.selenium.SessionNotCreatedException</property>
  <property name="failed.exception.stacktrace">org.openqa.selenium.SessionNotCreatedException: session not created: This version of Microsoft Edge WebDriver only supports Microsoft Edge version 130
Current browser version is 132.0.2957.140 with binary path C:\Program Files (x86)\Microsoft\Edge\Application\msedge.exe
Build info: version: &apos;3.141.59&apos;, revision: &apos;e82be7d358&apos;, time: &apos;2018-11-14T08:25:53&apos;
System info: host: &apos;DL0097&apos;, ip: &apos;10.136.10.15&apos;, os.name: &apos;Windows 10&apos;, os.arch: &apos;amd64&apos;, os.version: &apos;10.0&apos;, java.version: &apos;1.8.0_282&apos;
Driver info: driver.version: CEdgeDriver
remote stacktrace: 	GetHandleVerifier [0x00BDA2F3+37491]
	Microsoft::Applications::Events::time_ticks_t::time_ticks_t [0x00A7CB76+734246]
	Microsoft::Applications::Events::ILogConfiguration::operator* [0x0085471A+3482]
	Microsoft::Applications::Events::GUID_t::GUID_t [0x0087DBFA+65914]
	Microsoft::Applications::Events::GUID_t::GUID_t [0x0087D194+63252]
	Microsoft::Applications::Events::GUID_t::GUID_t [0x0087A37B+51451]
	Microsoft::Applications::Events::GUID_t::GUID_t [0x008760C8+34376]
	Microsoft::Applications::Events::GUID_t::GUID_t [0x008A79F7+237431]
	Microsoft::Applications::Events::GUID_t::GUID_t [0x008A722C+235436]
	Microsoft::Applications::Events::GUID_t::GUID_t [0x0089E0C6+198214]
	Microsoft::Applications::Events::GUID_t::GUID_t [0x00880B2F+77999]
	Microsoft::Applications::Events::GUID_t::GUID_t [0x0087FB99+74009]
	Microsoft::Applications::Events::GUID_t::GUID_t [0x0088057D+76541]
	GetHandleVerifier [0x00C5203C+528316]
	Microsoft::Applications::Events::FromJSON [0x00DA5B8C+660764]
	Microsoft::Applications::Events::FromJSON [0x00DA5498+658984]
	Microsoft::Applications::Events::FromJSON [0x00D96354+597220]
	Microsoft::Applications::Events::FromJSON [0x00DA6307+662679]
	Microsoft::Applications::Events::time_ticks_t::time_ticks_t [0x00A92A0D+823997]
	Microsoft::Applications::Events::time_ticks_t::time_ticks_t [0x00A85C78+771368]
	Microsoft::Applications::Events::time_ticks_t::time_ticks_t [0x00A85E5A+771850]
	Microsoft::Applications::Events::time_ticks_t::time_ticks_t [0x00A6E885+676149]
	BaseThreadInitThunk [0x76987BA9+25]
	RtlInitializeExceptionChain [0x7768C0CB+107]
	RtlClearBits [0x7768C04F+191]

	at org.openqa.selenium.remote.W3CHandshakeResponse.lambda$errorHandler$0(W3CHandshakeResponse.java:62)
	at org.openqa.selenium.remote.HandshakeResponse.lambda$getResponseFunction$0(HandshakeResponse.java:30)
	at org.openqa.selenium.remote.ProtocolHandshake.lambda$createSession$0(ProtocolHandshake.java:126)
	at org.openqa.selenium.remote.ProtocolHandshake.createSession(ProtocolHandshake.java:128)
	at org.openqa.selenium.remote.ProtocolHandshake.createSession(ProtocolHandshake.java:74)
	at org.openqa.selenium.remote.HttpCommandExecutor.execute(HttpCommandExecutor.java:136)
	at org.openqa.selenium.remote.service.DriverCommandExecutor.execute(DriverCommandExecutor.java:83)
	at org.openqa.selenium.remote.RemoteWebDriver.execute(RemoteWebDriver.java:552)
	at com.kms.katalon.selenium.driver.CEdgeDriver.execute(CEdgeDriver.java:20)
	at org.openqa.selenium.remote.RemoteWebDriver.startSession(RemoteWebDriver.java:213)
	at org.openqa.selenium.remote.RemoteWebDriver.&lt;init&gt;(RemoteWebDriver.java:131)
	at org.openqa.selenium.edge.EdgeDriver.&lt;init&gt;(EdgeDriver.java:154)
	at com.kms.katalon.selenium.driver.CEdgeDriver.&lt;init&gt;(CEdgeDriver.java:14)
	at com.kms.katalon.core.webui.driver.DriverFactory.createNewEdgeChromiumDriver(DriverFactory.java:674)
	at com.kms.katalon.core.webui.driver.DriverFactory.startNewBrowser(DriverFactory.java:389)
	at com.kms.katalon.core.webui.driver.DriverFactory.openWebDriver(DriverFactory.java:263)
	at com.kms.katalon.core.webui.keyword.builtin.OpenBrowserKeyword$_openBrowser_closure1.doCall(OpenBrowserKeyword.groovy:74)
	at com.kms.katalon.core.webui.keyword.builtin.OpenBrowserKeyword$_openBrowser_closure1.call(OpenBrowserKeyword.groovy)
	at com.kms.katalon.core.webui.keyword.internal.WebUIKeywordMain.runKeyword(WebUIKeywordMain.groovy:20)
	at com.kms.katalon.core.webui.keyword.builtin.OpenBrowserKeyword.openBrowser(OpenBrowserKeyword.groovy:81)
	at com.kms.katalon.core.webui.keyword.builtin.OpenBrowserKeyword.execute(OpenBrowserKeyword.groovy:67)
	at com.kms.katalon.core.keyword.internal.KeywordExecutor.executeKeywordForPlatform(KeywordExecutor.groovy:74)
	at com.kms.katalon.core.webui.keyword.WebUiBuiltInKeywords.openBrowser(WebUiBuiltInKeywords.groovy:64)
	at com.kms.katalon.core.webui.keyword.WebUiBuiltInKeywords$openBrowser.call(Unknown Source)
	at Principal-Home.run(Principal-Home:20)
	at com.kms.katalon.core.main.ScriptEngine.run(ScriptEngine.java:194)
	at com.kms.katalon.core.main.ScriptEngine.runScriptAsRawText(ScriptEngine.java:119)
	at com.kms.katalon.core.main.TestCaseExecutor.runScript(TestCaseExecutor.java:448)
	at com.kms.katalon.core.main.TestCaseExecutor.doExecute(TestCaseExecutor.java:439)
	at com.kms.katalon.core.main.TestCaseExecutor.processExecutionPhase(TestCaseExecutor.java:418)
	at com.kms.katalon.core.main.TestCaseExecutor.accessMainPhase(TestCaseExecutor.java:410)
	at com.kms.katalon.core.main.TestCaseExecutor.execute(TestCaseExecutor.java:285)
	at com.kms.katalon.core.main.TestCaseMain.runTestCase(TestCaseMain.java:144)
	at com.kms.katalon.core.keyword.builtin.CallTestCaseKeyword$_callTestCase_closure1.doCall(CallTestCaseKeyword.groovy:59)
	at com.kms.katalon.core.keyword.builtin.CallTestCaseKeyword$_callTestCase_closure1.call(CallTestCaseKeyword.groovy)
	at com.kms.katalon.core.keyword.internal.KeywordMain.runKeyword(KeywordMain.groovy:75)
	at com.kms.katalon.core.keyword.builtin.CallTestCaseKeyword.callTestCase(CallTestCaseKeyword.groovy:81)
	at com.kms.katalon.core.keyword.builtin.CallTestCaseKeyword.execute(CallTestCaseKeyword.groovy:44)
	at com.kms.katalon.core.keyword.internal.KeywordExecutor.executeKeywordForPlatform(KeywordExecutor.groovy:74)
	at com.kms.katalon.core.keyword.BuiltinKeywords.callTestCase(BuiltinKeywords.groovy:310)
	at 3. Cambio por dirección a tienda.run(3. Cambio por dirección a tienda:20)
	at com.kms.katalon.core.main.ScriptEngine.run(ScriptEngine.java:194)
	at com.kms.katalon.core.main.ScriptEngine.runScriptAsRawText(ScriptEngine.java:119)
	at com.kms.katalon.core.main.TestCaseExecutor.runScript(TestCaseExecutor.java:448)
	at com.kms.katalon.core.main.TestCaseExecutor.doExecute(TestCaseExecutor.java:439)
	at com.kms.katalon.core.main.TestCaseExecutor.processExecutionPhase(TestCaseExecutor.java:418)
	at com.kms.katalon.core.main.TestCaseExecutor.accessMainPhase(TestCaseExecutor.java:410)
	at com.kms.katalon.core.main.TestCaseExecutor.execute(TestCaseExecutor.java:285)
	at com.kms.katalon.core.common.CommonExecutor.accessTestCaseMainPhase(CommonExecutor.java:65)
	at com.kms.katalon.core.main.TestSuiteExecutor.accessTestSuiteMainPhase(TestSuiteExecutor.java:148)
	at com.kms.katalon.core.main.TestSuiteExecutor.execute(TestSuiteExecutor.java:106)
	at com.kms.katalon.core.main.TestCaseMain.startTestSuite(TestCaseMain.java:187)
	at com.kms.katalon.core.main.TestCaseMain$startTestSuite$0.call(Unknown Source)
	at TempTestSuite1738842962897.run(TempTestSuite1738842962897.groovy:35)
</property>
  <property name="failed.exception.message">session not created: This version of Microsoft Edge WebDriver only supports Microsoft Edge version 130
Current browser version is 132.0.2957.140 with binary path C:\Program Files (x86)\Microsoft\Edge\Application\msedge.exe
Build info: version: &apos;3.141.59&apos;, revision: &apos;e82be7d358&apos;, time: &apos;2018-11-14T08:25:53&apos;
System info: host: &apos;DL0097&apos;, ip: &apos;10.136.10.15&apos;, os.name: &apos;Windows 10&apos;, os.arch: &apos;amd64&apos;, os.version: &apos;10.0&apos;, java.version: &apos;1.8.0_282&apos;
Driver info: driver.version: CEdgeDriver
remote stacktrace: 	GetHandleVerifier [0x00BDA2F3+37491]
	Microsoft::Applications::Events::time_ticks_t::time_ticks_t [0x00A7CB76+734246]
	Microsoft::Applications::Events::ILogConfiguration::operator* [0x0085471A+3482]
	Microsoft::Applications::Events::GUID_t::GUID_t [0x0087DBFA+65914]
	Microsoft::Applications::Events::GUID_t::GUID_t [0x0087D194+63252]
	Microsoft::Applications::Events::GUID_t::GUID_t [0x0087A37B+51451]
	Microsoft::Applications::Events::GUID_t::GUID_t [0x008760C8+34376]
	Microsoft::Applications::Events::GUID_t::GUID_t [0x008A79F7+237431]
	Microsoft::Applications::Events::GUID_t::GUID_t [0x008A722C+235436]
	Microsoft::Applications::Events::GUID_t::GUID_t [0x0089E0C6+198214]
	Microsoft::Applications::Events::GUID_t::GUID_t [0x00880B2F+77999]
	Microsoft::Applications::Events::GUID_t::GUID_t [0x0087FB99+74009]
	Microsoft::Applications::Events::GUID_t::GUID_t [0x0088057D+76541]
	GetHandleVerifier [0x00C5203C+528316]
	Microsoft::Applications::Events::FromJSON [0x00DA5B8C+660764]
	Microsoft::Applications::Events::FromJSON [0x00DA5498+658984]
	Microsoft::Applications::Events::FromJSON [0x00D96354+597220]
	Microsoft::Applications::Events::FromJSON [0x00DA6307+662679]
	Microsoft::Applications::Events::time_ticks_t::time_ticks_t [0x00A92A0D+823997]
	Microsoft::Applications::Events::time_ticks_t::time_ticks_t [0x00A85C78+771368]
	Microsoft::Applications::Events::time_ticks_t::time_ticks_t [0x00A85E5A+771850]
	Microsoft::Applications::Events::time_ticks_t::time_ticks_t [0x00A6E885+676149]
	BaseThreadInitThunk [0x76987BA9+25]
	RtlInitializeExceptionChain [0x7768C0CB+107]
	RtlClearBits [0x7768C04F+191]
</property>
</record>
<record>
  <date>2025-02-06T06:56:15</date>
  <millis>1738842975824</millis>
  <sequence>140</sequence>
  <level>END</level>
  <class>com.kms.katalon.core.logging.XmlKeywordLogger</class>
  <method>endKeyword</method>
  <thread>1</thread>
  <message>End action : openBrowser(&amp;quot;&amp;quot;)</message>
  <nestedLevel>1</nestedLevel>
  <escapedJava>false</escapedJava>
</record>
<record>
  <date>2025-02-06T06:56:15</date>
  <millis>1738842975824</millis>
  <sequence>143</sequence>
  <level>FAILED</level>
  <class>com.kms.katalon.core.logging.XmlKeywordLogger</class>
  <method>logMessage</method>
  <thread>1</thread>
  <message>Test Cases/Registro_Envíos/1.Inicio/1.Principal/Principal-Home FAILED.
Reason:
com.kms.katalon.core.exception.StepFailedException: Unable to open browser with url: &amp;apos;&amp;apos;
	at com.kms.katalon.core.webui.keyword.internal.WebUIKeywordMain.stepFailed(WebUIKeywordMain.groovy:64)
	at com.kms.katalon.core.webui.keyword.internal.WebUIKeywordMain.runKeyword(WebUIKeywordMain.groovy:26)
	at com.kms.katalon.core.webui.keyword.builtin.OpenBrowserKeyword.openBrowser(OpenBrowserKeyword.groovy:81)
	at com.kms.katalon.core.webui.keyword.builtin.OpenBrowserKeyword.execute(OpenBrowserKeyword.groovy:67)
	at com.kms.katalon.core.keyword.internal.KeywordExecutor.executeKeywordForPlatform(KeywordExecutor.groovy:74)
	at com.kms.katalon.core.webui.keyword.WebUiBuiltInKeywords.openBrowser(WebUiBuiltInKeywords.groovy:64)
	at com.kms.katalon.core.webui.keyword.WebUiBuiltInKeywords$openBrowser.call(Unknown Source)
	at Principal-Home.run(Principal-Home:20)
	at com.kms.katalon.core.main.ScriptEngine.run(ScriptEngine.java:194)
	at com.kms.katalon.core.main.ScriptEngine.runScriptAsRawText(ScriptEngine.java:119)
	at com.kms.katalon.core.main.TestCaseExecutor.runScript(TestCaseExecutor.java:448)
	at com.kms.katalon.core.main.TestCaseExecutor.doExecute(TestCaseExecutor.java:439)
	at com.kms.katalon.core.main.TestCaseExecutor.processExecutionPhase(TestCaseExecutor.java:418)
	at com.kms.katalon.core.main.TestCaseExecutor.accessMainPhase(TestCaseExecutor.java:410)
	at com.kms.katalon.core.main.TestCaseExecutor.execute(TestCaseExecutor.java:285)
	at com.kms.katalon.core.main.TestCaseMain.runTestCase(TestCaseMain.java:144)
	at com.kms.katalon.core.keyword.builtin.CallTestCaseKeyword$_callTestCase_closure1.doCall(CallTestCaseKeyword.groovy:59)
	at com.kms.katalon.core.keyword.builtin.CallTestCaseKeyword$_callTestCase_closure1.call(CallTestCaseKeyword.groovy)
	at com.kms.katalon.core.keyword.internal.KeywordMain.runKeyword(KeywordMain.groovy:75)
	at com.kms.katalon.core.keyword.builtin.CallTestCaseKeyword.callTestCase(CallTestCaseKeyword.groovy:81)
	at com.kms.katalon.core.keyword.builtin.CallTestCaseKeyword.execute(CallTestCaseKeyword.groovy:44)
	at com.kms.katalon.core.keyword.internal.KeywordExecutor.executeKeywordForPlatform(KeywordExecutor.groovy:74)
	at com.kms.katalon.core.keyword.BuiltinKeywords.callTestCase(BuiltinKeywords.groovy:310)
	at 3. Cambio por dirección a tienda.run(3. Cambio por dirección a tienda:20)
	at com.kms.katalon.core.main.ScriptEngine.run(ScriptEngine.java:194)
	at com.kms.katalon.core.main.ScriptEngine.runScriptAsRawText(ScriptEngine.java:119)
	at com.kms.katalon.core.main.TestCaseExecutor.runScript(TestCaseExecutor.java:448)
	at com.kms.katalon.core.main.TestCaseExecutor.doExecute(TestCaseExecutor.java:439)
	at com.kms.katalon.core.main.TestCaseExecutor.processExecutionPhase(TestCaseExecutor.java:418)
	at com.kms.katalon.core.main.TestCaseExecutor.accessMainPhase(TestCaseExecutor.java:410)
	at com.kms.katalon.core.main.TestCaseExecutor.execute(TestCaseExecutor.java:285)
	at com.kms.katalon.core.common.CommonExecutor.accessTestCaseMainPhase(CommonExecutor.java:65)
	at com.kms.katalon.core.main.TestSuiteExecutor.accessTestSuiteMainPhase(TestSuiteExecutor.java:148)
	at com.kms.katalon.core.main.TestSuiteExecutor.execute(TestSuiteExecutor.java:106)
	at com.kms.katalon.core.main.TestCaseMain.startTestSuite(TestCaseMain.java:187)
	at com.kms.katalon.core.main.TestCaseMain$startTestSuite$0.call(Unknown Source)
	at TempTestSuite1738842962897.run(TempTestSuite1738842962897.groovy:35)
Caused by: org.openqa.selenium.SessionNotCreatedException: session not created: This version of Microsoft Edge WebDriver only supports Microsoft Edge version 130
Current browser version is 132.0.2957.140 with binary path C:\Program Files (x86)\Microsoft\Edge\Application\msedge.exe
Build info: version: &amp;apos;3.141.59&amp;apos;, revision: &amp;apos;e82be7d358&amp;apos;, time: &amp;apos;2018-11-14T08:25:53&amp;apos;
System info: host: &amp;apos;DL0097&amp;apos;, ip: &amp;apos;10.136.10.15&amp;apos;, os.name: &amp;apos;Windows 10&amp;apos;, os.arch: &amp;apos;amd64&amp;apos;, os.version: &amp;apos;10.0&amp;apos;, java.version: &amp;apos;1.8.0_282&amp;apos;
Driver info: driver.version: CEdgeDriver
remote stacktrace: 	GetHandleVerifier [0x00BDA2F3+37491]
	Microsoft::Applications::Events::time_ticks_t::time_ticks_t [0x00A7CB76+734246]
	Microsoft::Applications::Events::ILogConfiguration::operator* [0x0085471A+3482]
	Microsoft::Applications::Events::GUID_t::GUID_t [0x0087DBFA+65914]
	Microsoft::Applications::Events::GUID_t::GUID_t [0x0087D194+63252]
	Microsoft::Applications::Events::GUID_t::GUID_t [0x0087A37B+51451]
	Microsoft::Applications::Events::GUID_t::GUID_t [0x008760C8+34376]
	Microsoft::Applications::Events::GUID_t::GUID_t [0x008A79F7+237431]
	Microsoft::Applications::Events::GUID_t::GUID_t [0x008A722C+235436]
	Microsoft::Applications::Events::GUID_t::GUID_t [0x0089E0C6+198214]
	Microsoft::Applications::Events::GUID_t::GUID_t [0x00880B2F+77999]
	Microsoft::Applications::Events::GUID_t::GUID_t [0x0087FB99+74009]
	Microsoft::Applications::Events::GUID_t::GUID_t [0x0088057D+76541]
	GetHandleVerifier [0x00C5203C+528316]
	Microsoft::Applications::Events::FromJSON [0x00DA5B8C+660764]
	Microsoft::Applications::Events::FromJSON [0x00DA5498+658984]
	Microsoft::Applications::Events::FromJSON [0x00D96354+597220]
	Microsoft::Applications::Events::FromJSON [0x00DA6307+662679]
	Microsoft::Applications::Events::time_ticks_t::time_ticks_t [0x00A92A0D+823997]
	Microsoft::Applications::Events::time_ticks_t::time_ticks_t [0x00A85C78+771368]
	Microsoft::Applications::Events::time_ticks_t::time_ticks_t [0x00A85E5A+771850]
	Microsoft::Applications::Events::time_ticks_t::time_ticks_t [0x00A6E885+676149]
	BaseThreadInitThunk [0x76987BA9+25]
	RtlInitializeExceptionChain [0x7768C0CB+107]
	RtlClearBits [0x7768C04F+191]

	at org.openqa.selenium.remote.W3CHandshakeResponse.lambda$errorHandler$0(W3CHandshakeResponse.java:62)
	at org.openqa.selenium.remote.HandshakeResponse.lambda$getResponseFunction$0(HandshakeResponse.java:30)
	at org.openqa.selenium.remote.ProtocolHandshake.lambda$createSession$0(ProtocolHandshake.java:126)
	at org.openqa.selenium.remote.ProtocolHandshake.createSession(ProtocolHandshake.java:128)
	at org.openqa.selenium.remote.ProtocolHandshake.createSession(ProtocolHandshake.java:74)
	at org.openqa.selenium.remote.HttpCommandExecutor.execute(HttpCommandExecutor.java:136)
	at org.openqa.selenium.remote.service.DriverCommandExecutor.execute(DriverCommandExecutor.java:83)
	at org.openqa.selenium.remote.RemoteWebDriver.execute(RemoteWebDriver.java:552)
	at com.kms.katalon.selenium.driver.CEdgeDriver.execute(CEdgeDriver.java:20)
	at org.openqa.selenium.remote.RemoteWebDriver.startSession(RemoteWebDriver.java:213)
	at org.openqa.selenium.remote.RemoteWebDriver.&amp;lt;init&amp;gt;(RemoteWebDriver.java:131)
	at org.openqa.selenium.edge.EdgeDriver.&amp;lt;init&amp;gt;(EdgeDriver.java:154)
	at com.kms.katalon.selenium.driver.CEdgeDriver.&amp;lt;init&amp;gt;(CEdgeDriver.java:14)
	at com.kms.katalon.core.webui.driver.DriverFactory.createNewEdgeChromiumDriver(DriverFactory.java:674)
	at com.kms.katalon.core.webui.driver.DriverFactory.startNewBrowser(DriverFactory.java:389)
	at com.kms.katalon.core.webui.driver.DriverFactory.openWebDriver(DriverFactory.java:263)
	at com.kms.katalon.core.webui.keyword.builtin.OpenBrowserKeyword$_openBrowser_closure1.doCall(OpenBrowserKeyword.groovy:74)
	at com.kms.katalon.core.webui.keyword.builtin.OpenBrowserKeyword$_openBrowser_closure1.call(OpenBrowserKeyword.groovy)
	at com.kms.katalon.core.webui.keyword.internal.WebUIKeywordMain.runKeyword(WebUIKeywordMain.groovy:20)
	... 35 more
</message>
  <exception>
    <message>com.kms.katalon.core.exception.StepFailedException: Unable to open browser with url: ''</message>
    <frame>
      <class>com.kms.katalon.core.webui.keyword.internal.WebUIKeywordMain</class>
      <method>stepFailed</method>
      <line>64</line>
    </frame>
    <frame>
      <class>com.kms.katalon.core.webui.keyword.internal.WebUIKeywordMain</class>
      <method>runKeyword</method>
      <line>26</line>
    </frame>
    <frame>
      <class>com.kms.katalon.core.webui.keyword.builtin.OpenBrowserKeyword</class>
      <method>openBrowser</method>
      <line>81</line>
    </frame>
    <frame>
      <class>com.kms.katalon.core.webui.keyword.builtin.OpenBrowserKeyword</class>
      <method>execute</method>
      <line>67</line>
    </frame>
    <frame>
      <class>com.kms.katalon.core.keyword.internal.KeywordExecutor</class>
      <method>executeKeywordForPlatform</method>
      <line>74</line>
    </frame>
    <frame>
      <class>com.kms.katalon.core.webui.keyword.WebUiBuiltInKeywords</class>
      <method>openBrowser</method>
      <line>64</line>
    </frame>
    <frame>
      <class>com.kms.katalon.core.webui.keyword.WebUiBuiltInKeywords$openBrowser</class>
      <method>call</method>
    </frame>
    <frame>
      <class>Principal-Home</class>
      <method>run</method>
      <line>20</line>
    </frame>
    <frame>
      <class>com.kms.katalon.core.main.ScriptEngine</class>
      <method>run</method>
      <line>194</line>
    </frame>
    <frame>
      <class>com.kms.katalon.core.main.ScriptEngine</class>
      <method>runScriptAsRawText</method>
      <line>119</line>
    </frame>
    <frame>
      <class>com.kms.katalon.core.main.TestCaseExecutor</class>
      <method>runScript</method>
      <line>448</line>
    </frame>
    <frame>
      <class>com.kms.katalon.core.main.TestCaseExecutor</class>
      <method>doExecute</method>
      <line>439</line>
    </frame>
    <frame>
      <class>com.kms.katalon.core.main.TestCaseExecutor</class>
      <method>processExecutionPhase</method>
      <line>418</line>
    </frame>
    <frame>
      <class>com.kms.katalon.core.main.TestCaseExecutor</class>
      <method>accessMainPhase</method>
      <line>410</line>
    </frame>
    <frame>
      <class>com.kms.katalon.core.main.TestCaseExecutor</class>
      <method>execute</method>
      <line>285</line>
    </frame>
    <frame>
      <class>com.kms.katalon.core.main.TestCaseMain</class>
      <method>runTestCase</method>
      <line>144</line>
    </frame>
    <frame>
      <class>com.kms.katalon.core.keyword.builtin.CallTestCaseKeyword$_callTestCase_closure1</class>
      <method>doCall</method>
      <line>59</line>
    </frame>
    <frame>
      <class>com.kms.katalon.core.keyword.builtin.CallTestCaseKeyword$_callTestCase_closure1</class>
      <method>call</method>
    </frame>
    <frame>
      <class>com.kms.katalon.core.keyword.internal.KeywordMain</class>
      <method>runKeyword</method>
      <line>75</line>
    </frame>
    <frame>
      <class>com.kms.katalon.core.keyword.builtin.CallTestCaseKeyword</class>
      <method>callTestCase</method>
      <line>81</line>
    </frame>
    <frame>
      <class>com.kms.katalon.core.keyword.builtin.CallTestCaseKeyword</class>
      <method>execute</method>
      <line>44</line>
    </frame>
    <frame>
      <class>com.kms.katalon.core.keyword.internal.KeywordExecutor</class>
      <method>executeKeywordForPlatform</method>
      <line>74</line>
    </frame>
    <frame>
      <class>com.kms.katalon.core.keyword.BuiltinKeywords</class>
      <method>callTestCase</method>
      <line>310</line>
    </frame>
    <frame>
      <class>3. Cambio por dirección a tienda</class>
      <method>run</method>
      <line>20</line>
    </frame>
    <frame>
      <class>com.kms.katalon.core.main.ScriptEngine</class>
      <method>run</method>
      <line>194</line>
    </frame>
    <frame>
      <class>com.kms.katalon.core.main.ScriptEngine</class>
      <method>runScriptAsRawText</method>
      <line>119</line>
    </frame>
    <frame>
      <class>com.kms.katalon.core.main.TestCaseExecutor</class>
      <method>runScript</method>
      <line>448</line>
    </frame>
    <frame>
      <class>com.kms.katalon.core.main.TestCaseExecutor</class>
      <method>doExecute</method>
      <line>439</line>
    </frame>
    <frame>
      <class>com.kms.katalon.core.main.TestCaseExecutor</class>
      <method>processExecutionPhase</method>
      <line>418</line>
    </frame>
    <frame>
      <class>com.kms.katalon.core.main.TestCaseExecutor</class>
      <method>accessMainPhase</method>
      <line>410</line>
    </frame>
    <frame>
      <class>com.kms.katalon.core.main.TestCaseExecutor</class>
      <method>execute</method>
      <line>285</line>
    </frame>
    <frame>
      <class>com.kms.katalon.core.common.CommonExecutor</class>
      <method>accessTestCaseMainPhase</method>
      <line>65</line>
    </frame>
    <frame>
      <class>com.kms.katalon.core.main.TestSuiteExecutor</class>
      <method>accessTestSuiteMainPhase</method>
      <line>148</line>
    </frame>
    <frame>
      <class>com.kms.katalon.core.main.TestSuiteExecutor</class>
      <method>execute</method>
      <line>106</line>
    </frame>
    <frame>
      <class>com.kms.katalon.core.main.TestCaseMain</class>
      <method>startTestSuite</method>
      <line>187</line>
    </frame>
    <frame>
      <class>com.kms.katalon.core.main.TestCaseMain$startTestSuite$0</class>
      <method>call</method>
    </frame>
    <frame>
      <class>TempTestSuite1738842962897</class>
      <method>run</method>
      <line>35</line>
    </frame>
  </exception>
  <nestedLevel>0</nestedLevel>
  <escapedJava>false</escapedJava>
  <property name="failed.exception.stacktrace">org.openqa.selenium.SessionNotCreatedException: session not created: This version of Microsoft Edge WebDriver only supports Microsoft Edge version 130
Current browser version is 132.0.2957.140 with binary path C:\Program Files (x86)\Microsoft\Edge\Application\msedge.exe
Build info: version: &apos;3.141.59&apos;, revision: &apos;e82be7d358&apos;, time: &apos;2018-11-14T08:25:53&apos;
System info: host: &apos;DL0097&apos;, ip: &apos;10.136.10.15&apos;, os.name: &apos;Windows 10&apos;, os.arch: &apos;amd64&apos;, os.version: &apos;10.0&apos;, java.version: &apos;1.8.0_282&apos;
Driver info: driver.version: CEdgeDriver
remote stacktrace: 	GetHandleVerifier [0x00BDA2F3+37491]
	Microsoft::Applications::Events::time_ticks_t::time_ticks_t [0x00A7CB76+734246]
	Microsoft::Applications::Events::ILogConfiguration::operator* [0x0085471A+3482]
	Microsoft::Applications::Events::GUID_t::GUID_t [0x0087DBFA+65914]
	Microsoft::Applications::Events::GUID_t::GUID_t [0x0087D194+63252]
	Microsoft::Applications::Events::GUID_t::GUID_t [0x0087A37B+51451]
	Microsoft::Applications::Events::GUID_t::GUID_t [0x008760C8+34376]
	Microsoft::Applications::Events::GUID_t::GUID_t [0x008A79F7+237431]
	Microsoft::Applications::Events::GUID_t::GUID_t [0x008A722C+235436]
	Microsoft::Applications::Events::GUID_t::GUID_t [0x0089E0C6+198214]
	Microsoft::Applications::Events::GUID_t::GUID_t [0x00880B2F+77999]
	Microsoft::Applications::Events::GUID_t::GUID_t [0x0087FB99+74009]
	Microsoft::Applications::Events::GUID_t::GUID_t [0x0088057D+76541]
	GetHandleVerifier [0x00C5203C+528316]
	Microsoft::Applications::Events::FromJSON [0x00DA5B8C+660764]
	Microsoft::Applications::Events::FromJSON [0x00DA5498+658984]
	Microsoft::Applications::Events::FromJSON [0x00D96354+597220]
	Microsoft::Applications::Events::FromJSON [0x00DA6307+662679]
	Microsoft::Applications::Events::time_ticks_t::time_ticks_t [0x00A92A0D+823997]
	Microsoft::Applications::Events::time_ticks_t::time_ticks_t [0x00A85C78+771368]
	Microsoft::Applications::Events::time_ticks_t::time_ticks_t [0x00A85E5A+771850]
	Microsoft::Applications::Events::time_ticks_t::time_ticks_t [0x00A6E885+676149]
	BaseThreadInitThunk [0x76987BA9+25]
	RtlInitializeExceptionChain [0x7768C0CB+107]
	RtlClearBits [0x7768C04F+191]

	at org.openqa.selenium.remote.W3CHandshakeResponse.lambda$errorHandler$0(W3CHandshakeResponse.java:62)
	at org.openqa.selenium.remote.HandshakeResponse.lambda$getResponseFunction$0(HandshakeResponse.java:30)
	at org.openqa.selenium.remote.ProtocolHandshake.lambda$createSession$0(ProtocolHandshake.java:126)
	at org.openqa.selenium.remote.ProtocolHandshake.createSession(ProtocolHandshake.java:128)
	at org.openqa.selenium.remote.ProtocolHandshake.createSession(ProtocolHandshake.java:74)
	at org.openqa.selenium.remote.HttpCommandExecutor.execute(HttpCommandExecutor.java:136)
	at org.openqa.selenium.remote.service.DriverCommandExecutor.execute(DriverCommandExecutor.java:83)
	at org.openqa.selenium.remote.RemoteWebDriver.execute(RemoteWebDriver.java:552)
	at com.kms.katalon.selenium.driver.CEdgeDriver.execute(CEdgeDriver.java:20)
	at org.openqa.selenium.remote.RemoteWebDriver.startSession(RemoteWebDriver.java:213)
	at org.openqa.selenium.remote.RemoteWebDriver.&lt;init&gt;(RemoteWebDriver.java:131)
	at org.openqa.selenium.edge.EdgeDriver.&lt;init&gt;(EdgeDriver.java:154)
	at com.kms.katalon.selenium.driver.CEdgeDriver.&lt;init&gt;(CEdgeDriver.java:14)
	at com.kms.katalon.core.webui.driver.DriverFactory.createNewEdgeChromiumDriver(DriverFactory.java:674)
	at com.kms.katalon.core.webui.driver.DriverFactory.startNewBrowser(DriverFactory.java:389)
	at com.kms.katalon.core.webui.driver.DriverFactory.openWebDriver(DriverFactory.java:263)
	at com.kms.katalon.core.webui.keyword.builtin.OpenBrowserKeyword$_openBrowser_closure1.doCall(OpenBrowserKeyword.groovy:74)
	at com.kms.katalon.core.webui.keyword.builtin.OpenBrowserKeyword$_openBrowser_closure1.call(OpenBrowserKeyword.groovy)
	at com.kms.katalon.core.webui.keyword.internal.WebUIKeywordMain.runKeyword(WebUIKeywordMain.groovy:20)
	at com.kms.katalon.core.webui.keyword.builtin.OpenBrowserKeyword.openBrowser(OpenBrowserKeyword.groovy:81)
	at com.kms.katalon.core.webui.keyword.builtin.OpenBrowserKeyword.execute(OpenBrowserKeyword.groovy:67)
	at com.kms.katalon.core.keyword.internal.KeywordExecutor.executeKeywordForPlatform(KeywordExecutor.groovy:74)
	at com.kms.katalon.core.webui.keyword.WebUiBuiltInKeywords.openBrowser(WebUiBuiltInKeywords.groovy:64)
	at com.kms.katalon.core.webui.keyword.WebUiBuiltInKeywords$openBrowser.call(Unknown Source)
	at Principal-Home.run(Principal-Home:20)
	at com.kms.katalon.core.main.ScriptEngine.run(ScriptEngine.java:194)
	at com.kms.katalon.core.main.ScriptEngine.runScriptAsRawText(ScriptEngine.java:119)
	at com.kms.katalon.core.main.TestCaseExecutor.runScript(TestCaseExecutor.java:448)
	at com.kms.katalon.core.main.TestCaseExecutor.doExecute(TestCaseExecutor.java:439)
	at com.kms.katalon.core.main.TestCaseExecutor.processExecutionPhase(TestCaseExecutor.java:418)
	at com.kms.katalon.core.main.TestCaseExecutor.accessMainPhase(TestCaseExecutor.java:410)
	at com.kms.katalon.core.main.TestCaseExecutor.execute(TestCaseExecutor.java:285)
	at com.kms.katalon.core.main.TestCaseMain.runTestCase(TestCaseMain.java:144)
	at com.kms.katalon.core.keyword.builtin.CallTestCaseKeyword$_callTestCase_closure1.doCall(CallTestCaseKeyword.groovy:59)
	at com.kms.katalon.core.keyword.builtin.CallTestCaseKeyword$_callTestCase_closure1.call(CallTestCaseKeyword.groovy)
	at com.kms.katalon.core.keyword.internal.KeywordMain.runKeyword(KeywordMain.groovy:75)
	at com.kms.katalon.core.keyword.builtin.CallTestCaseKeyword.callTestCase(CallTestCaseKeyword.groovy:81)
	at com.kms.katalon.core.keyword.builtin.CallTestCaseKeyword.execute(CallTestCaseKeyword.groovy:44)
	at com.kms.katalon.core.keyword.internal.KeywordExecutor.executeKeywordForPlatform(KeywordExecutor.groovy:74)
	at com.kms.katalon.core.keyword.BuiltinKeywords.callTestCase(BuiltinKeywords.groovy:310)
	at 3. Cambio por dirección a tienda.run(3. Cambio por dirección a tienda:20)
	at com.kms.katalon.core.main.ScriptEngine.run(ScriptEngine.java:194)
	at com.kms.katalon.core.main.ScriptEngine.runScriptAsRawText(ScriptEngine.java:119)
	at com.kms.katalon.core.main.TestCaseExecutor.runScript(TestCaseExecutor.java:448)
	at com.kms.katalon.core.main.TestCaseExecutor.doExecute(TestCaseExecutor.java:439)
	at com.kms.katalon.core.main.TestCaseExecutor.processExecutionPhase(TestCaseExecutor.java:418)
	at com.kms.katalon.core.main.TestCaseExecutor.accessMainPhase(TestCaseExecutor.java:410)
	at com.kms.katalon.core.main.TestCaseExecutor.execute(TestCaseExecutor.java:285)
	at com.kms.katalon.core.common.CommonExecutor.accessTestCaseMainPhase(CommonExecutor.java:65)
	at com.kms.katalon.core.main.TestSuiteExecutor.accessTestSuiteMainPhase(TestSuiteExecutor.java:148)
	at com.kms.katalon.core.main.TestSuiteExecutor.execute(TestSuiteExecutor.java:106)
	at com.kms.katalon.core.main.TestCaseMain.startTestSuite(TestCaseMain.java:187)
	at com.kms.katalon.core.main.TestCaseMain$startTestSuite$0.call(Unknown Source)
	at TempTestSuite1738842962897.run(TempTestSuite1738842962897.groovy:35)
</property>
  <property name="failed.exception.class">org.openqa.selenium.SessionNotCreatedException</property>
  <property name="failed.exception.message">session not created: This version of Microsoft Edge WebDriver only supports Microsoft Edge version 130
Current browser version is 132.0.2957.140 with binary path C:\Program Files (x86)\Microsoft\Edge\Application\msedge.exe
Build info: version: &apos;3.141.59&apos;, revision: &apos;e82be7d358&apos;, time: &apos;2018-11-14T08:25:53&apos;
System info: host: &apos;DL0097&apos;, ip: &apos;10.136.10.15&apos;, os.name: &apos;Windows 10&apos;, os.arch: &apos;amd64&apos;, os.version: &apos;10.0&apos;, java.version: &apos;1.8.0_282&apos;
Driver info: driver.version: CEdgeDriver
remote stacktrace: 	GetHandleVerifier [0x00BDA2F3+37491]
	Microsoft::Applications::Events::time_ticks_t::time_ticks_t [0x00A7CB76+734246]
	Microsoft::Applications::Events::ILogConfiguration::operator* [0x0085471A+3482]
	Microsoft::Applications::Events::GUID_t::GUID_t [0x0087DBFA+65914]
	Microsoft::Applications::Events::GUID_t::GUID_t [0x0087D194+63252]
	Microsoft::Applications::Events::GUID_t::GUID_t [0x0087A37B+51451]
	Microsoft::Applications::Events::GUID_t::GUID_t [0x008760C8+34376]
	Microsoft::Applications::Events::GUID_t::GUID_t [0x008A79F7+237431]
	Microsoft::Applications::Events::GUID_t::GUID_t [0x008A722C+235436]
	Microsoft::Applications::Events::GUID_t::GUID_t [0x0089E0C6+198214]
	Microsoft::Applications::Events::GUID_t::GUID_t [0x00880B2F+77999]
	Microsoft::Applications::Events::GUID_t::GUID_t [0x0087FB99+74009]
	Microsoft::Applications::Events::GUID_t::GUID_t [0x0088057D+76541]
	GetHandleVerifier [0x00C5203C+528316]
	Microsoft::Applications::Events::FromJSON [0x00DA5B8C+660764]
	Microsoft::Applications::Events::FromJSON [0x00DA5498+658984]
	Microsoft::Applications::Events::FromJSON [0x00D96354+597220]
	Microsoft::Applications::Events::FromJSON [0x00DA6307+662679]
	Microsoft::Applications::Events::time_ticks_t::time_ticks_t [0x00A92A0D+823997]
	Microsoft::Applications::Events::time_ticks_t::time_ticks_t [0x00A85C78+771368]
	Microsoft::Applications::Events::time_ticks_t::time_ticks_t [0x00A85E5A+771850]
	Microsoft::Applications::Events::time_ticks_t::time_ticks_t [0x00A6E885+676149]
	BaseThreadInitThunk [0x76987BA9+25]
	RtlInitializeExceptionChain [0x7768C0CB+107]
	RtlClearBits [0x7768C04F+191]
</property>
</record>
<record>
  <date>2025-02-06T06:56:15</date>
  <millis>1738842975824</millis>
  <sequence>145</sequence>
  <level>END</level>
  <class>com.kms.katalon.core.logging.XmlKeywordLogger</class>
  <method>endTest</method>
  <thread>1</thread>
  <message>End Test Case : Test Cases/Registro_Envíos/1.Inicio/1.Principal/Principal-Home</message>
  <nestedLevel>1</nestedLevel>
  <escapedJava>false</escapedJava>
</record>
<record>
  <date>2025-02-06T06:56:15</date>
  <millis>1738842975824</millis>
  <sequence>150</sequence>
  <level>FAILED</level>
  <class>com.kms.katalon.core.logging.XmlKeywordLogger</class>
  <method>logMessage</method>
  <thread>1</thread>
  <message>Unable to call Test Case &amp;apos;Test Cases/Registro_Envíos/1.Inicio/1.Principal/Principal-Home&amp;apos; (Root cause: com.kms.katalon.core.exception.StepFailedException: Call Test Case &amp;apos;Test Cases/Registro_Envíos/1.Inicio/1.Principal/Principal-Home&amp;apos; failed
	at com.kms.katalon.core.keyword.builtin.CallTestCaseKeyword$_callTestCase_closure1.doCall(CallTestCaseKeyword.groovy:63)
	at com.kms.katalon.core.keyword.builtin.CallTestCaseKeyword$_callTestCase_closure1.call(CallTestCaseKeyword.groovy)
	at com.kms.katalon.core.keyword.internal.KeywordMain.runKeyword(KeywordMain.groovy:75)
	at com.kms.katalon.core.keyword.builtin.CallTestCaseKeyword.callTestCase(CallTestCaseKeyword.groovy:81)
	at com.kms.katalon.core.keyword.builtin.CallTestCaseKeyword.execute(CallTestCaseKeyword.groovy:44)
	at com.kms.katalon.core.keyword.internal.KeywordExecutor.executeKeywordForPlatform(KeywordExecutor.groovy:74)
	at com.kms.katalon.core.keyword.BuiltinKeywords.callTestCase(BuiltinKeywords.groovy:310)
	at 3. Cambio por dirección a tienda.run(3. Cambio por dirección a tienda:20)
	at com.kms.katalon.core.main.ScriptEngine.run(ScriptEngine.java:194)
	at com.kms.katalon.core.main.ScriptEngine.runScriptAsRawText(ScriptEngine.java:119)
	at com.kms.katalon.core.main.TestCaseExecutor.runScript(TestCaseExecutor.java:448)
	at com.kms.katalon.core.main.TestCaseExecutor.doExecute(TestCaseExecutor.java:439)
	at com.kms.katalon.core.main.TestCaseExecutor.processExecutionPhase(TestCaseExecutor.java:418)
	at com.kms.katalon.core.main.TestCaseExecutor.accessMainPhase(TestCaseExecutor.java:410)
	at com.kms.katalon.core.main.TestCaseExecutor.execute(TestCaseExecutor.java:285)
	at com.kms.katalon.core.common.CommonExecutor.accessTestCaseMainPhase(CommonExecutor.java:65)
	at com.kms.katalon.core.main.TestSuiteExecutor.accessTestSuiteMainPhase(TestSuiteExecutor.java:148)
	at com.kms.katalon.core.main.TestSuiteExecutor.execute(TestSuiteExecutor.java:106)
	at com.kms.katalon.core.main.TestCaseMain.startTestSuite(TestCaseMain.java:187)
	at com.kms.katalon.core.main.TestCaseMain$startTestSuite$0.call(Unknown Source)
	at TempTestSuite1738842962897.run(TempTestSuite1738842962897.groovy:35)
Caused by: com.kms.katalon.core.exception.StepFailedException: Unable to open browser with url: &amp;apos;&amp;apos;
	at com.kms.katalon.core.webui.keyword.internal.WebUIKeywordMain.stepFailed(WebUIKeywordMain.groovy:64)
	at com.kms.katalon.core.webui.keyword.internal.WebUIKeywordMain.runKeyword(WebUIKeywordMain.groovy:26)
	at com.kms.katalon.core.webui.keyword.builtin.OpenBrowserKeyword.openBrowser(OpenBrowserKeyword.groovy:81)
	at com.kms.katalon.core.webui.keyword.builtin.OpenBrowserKeyword.execute(OpenBrowserKeyword.groovy:67)
	at com.kms.katalon.core.keyword.internal.KeywordExecutor.executeKeywordForPlatform(KeywordExecutor.groovy:74)
	at com.kms.katalon.core.webui.keyword.WebUiBuiltInKeywords.openBrowser(WebUiBuiltInKeywords.groovy:64)
	at com.kms.katalon.core.webui.keyword.WebUiBuiltInKeywords$openBrowser.call(Unknown Source)
	at Principal-Home.run(Principal-Home:20)
	at com.kms.katalon.core.main.ScriptEngine.run(ScriptEngine.java:194)
	at com.kms.katalon.core.main.ScriptEngine.runScriptAsRawText(ScriptEngine.java:119)
	at com.kms.katalon.core.main.TestCaseExecutor.runScript(TestCaseExecutor.java:448)
	at com.kms.katalon.core.main.TestCaseExecutor.doExecute(TestCaseExecutor.java:439)
	at com.kms.katalon.core.main.TestCaseExecutor.processExecutionPhase(TestCaseExecutor.java:418)
	at com.kms.katalon.core.main.TestCaseExecutor.accessMainPhase(TestCaseExecutor.java:410)
	at com.kms.katalon.core.main.TestCaseExecutor.execute(TestCaseExecutor.java:285)
	at com.kms.katalon.core.main.TestCaseMain.runTestCase(TestCaseMain.java:144)
	at com.kms.katalon.core.keyword.builtin.CallTestCaseKeyword$_callTestCase_closure1.doCall(CallTestCaseKeyword.groovy:59)
	... 20 more
Caused by: org.openqa.selenium.SessionNotCreatedException: session not created: This version of Microsoft Edge WebDriver only supports Microsoft Edge version 130
Current browser version is 132.0.2957.140 with binary path C:\Program Files (x86)\Microsoft\Edge\Application\msedge.exe
Build info: version: &amp;apos;3.141.59&amp;apos;, revision: &amp;apos;e82be7d358&amp;apos;, time: &amp;apos;2018-11-14T08:25:53&amp;apos;
System info: host: &amp;apos;DL0097&amp;apos;, ip: &amp;apos;10.136.10.15&amp;apos;, os.name: &amp;apos;Windows 10&amp;apos;, os.arch: &amp;apos;amd64&amp;apos;, os.version: &amp;apos;10.0&amp;apos;, java.version: &amp;apos;1.8.0_282&amp;apos;
Driver info: driver.version: CEdgeDriver
remote stacktrace: 	GetHandleVerifier [0x00BDA2F3+37491]
	Microsoft::Applications::Events::time_ticks_t::time_ticks_t [0x00A7CB76+734246]
	Microsoft::Applications::Events::ILogConfiguration::operator* [0x0085471A+3482]
	Microsoft::Applications::Events::GUID_t::GUID_t [0x0087DBFA+65914]
	Microsoft::Applications::Events::GUID_t::GUID_t [0x0087D194+63252]
	Microsoft::Applications::Events::GUID_t::GUID_t [0x0087A37B+51451]
	Microsoft::Applications::Events::GUID_t::GUID_t [0x008760C8+34376]
	Microsoft::Applications::Events::GUID_t::GUID_t [0x008A79F7+237431]
	Microsoft::Applications::Events::GUID_t::GUID_t [0x008A722C+235436]
	Microsoft::Applications::Events::GUID_t::GUID_t [0x0089E0C6+198214]
	Microsoft::Applications::Events::GUID_t::GUID_t [0x00880B2F+77999]
	Microsoft::Applications::Events::GUID_t::GUID_t [0x0087FB99+74009]
	Microsoft::Applications::Events::GUID_t::GUID_t [0x0088057D+76541]
	GetHandleVerifier [0x00C5203C+528316]
	Microsoft::Applications::Events::FromJSON [0x00DA5B8C+660764]
	Microsoft::Applications::Events::FromJSON [0x00DA5498+658984]
	Microsoft::Applications::Events::FromJSON [0x00D96354+597220]
	Microsoft::Applications::Events::FromJSON [0x00DA6307+662679]
	Microsoft::Applications::Events::time_ticks_t::time_ticks_t [0x00A92A0D+823997]
	Microsoft::Applications::Events::time_ticks_t::time_ticks_t [0x00A85C78+771368]
	Microsoft::Applications::Events::time_ticks_t::time_ticks_t [0x00A85E5A+771850]
	Microsoft::Applications::Events::time_ticks_t::time_ticks_t [0x00A6E885+676149]
	BaseThreadInitThunk [0x76987BA9+25]
	RtlInitializeExceptionChain [0x7768C0CB+107]
	RtlClearBits [0x7768C04F+191]

	at org.openqa.selenium.remote.W3CHandshakeResponse.lambda$errorHandler$0(W3CHandshakeResponse.java:62)
	at org.openqa.selenium.remote.HandshakeResponse.lambda$getResponseFunction$0(HandshakeResponse.java:30)
	at org.openqa.selenium.remote.ProtocolHandshake.lambda$createSession$0(ProtocolHandshake.java:126)
	at org.openqa.selenium.remote.ProtocolHandshake.createSession(ProtocolHandshake.java:128)
	at org.openqa.selenium.remote.ProtocolHandshake.createSession(ProtocolHandshake.java:74)
	at org.openqa.selenium.remote.HttpCommandExecutor.execute(HttpCommandExecutor.java:136)
	at org.openqa.selenium.remote.service.DriverCommandExecutor.execute(DriverCommandExecutor.java:83)
	at org.openqa.selenium.remote.RemoteWebDriver.execute(RemoteWebDriver.java:552)
	at com.kms.katalon.selenium.driver.CEdgeDriver.execute(CEdgeDriver.java:20)
	at org.openqa.selenium.remote.RemoteWebDriver.startSession(RemoteWebDriver.java:213)
	at org.openqa.selenium.remote.RemoteWebDriver.&amp;lt;init&amp;gt;(RemoteWebDriver.java:131)
	at org.openqa.selenium.edge.EdgeDriver.&amp;lt;init&amp;gt;(EdgeDriver.java:154)
	at com.kms.katalon.selenium.driver.CEdgeDriver.&amp;lt;init&amp;gt;(CEdgeDriver.java:14)
	at com.kms.katalon.core.webui.driver.DriverFactory.createNewEdgeChromiumDriver(DriverFactory.java:674)
	at com.kms.katalon.core.webui.driver.DriverFactory.startNewBrowser(DriverFactory.java:389)
	at com.kms.katalon.core.webui.driver.DriverFactory.openWebDriver(DriverFactory.java:263)
	at com.kms.katalon.core.webui.keyword.builtin.OpenBrowserKeyword$_openBrowser_closure1.doCall(OpenBrowserKeyword.groovy:74)
	at com.kms.katalon.core.webui.keyword.builtin.OpenBrowserKeyword$_openBrowser_closure1.call(OpenBrowserKeyword.groovy)
	at com.kms.katalon.core.webui.keyword.internal.WebUIKeywordMain.runKeyword(WebUIKeywordMain.groovy:20)
	... 35 more
)</message>
  <nestedLevel>1</nestedLevel>
  <escapedJava>false</escapedJava>
  <property name="failed.exception.class">org.openqa.selenium.SessionNotCreatedException</property>
  <property name="failed.exception.stacktrace">org.openqa.selenium.SessionNotCreatedException: session not created: This version of Microsoft Edge WebDriver only supports Microsoft Edge version 130
Current browser version is 132.0.2957.140 with binary path C:\Program Files (x86)\Microsoft\Edge\Application\msedge.exe
Build info: version: &apos;3.141.59&apos;, revision: &apos;e82be7d358&apos;, time: &apos;2018-11-14T08:25:53&apos;
System info: host: &apos;DL0097&apos;, ip: &apos;10.136.10.15&apos;, os.name: &apos;Windows 10&apos;, os.arch: &apos;amd64&apos;, os.version: &apos;10.0&apos;, java.version: &apos;1.8.0_282&apos;
Driver info: driver.version: CEdgeDriver
remote stacktrace: 	GetHandleVerifier [0x00BDA2F3+37491]
	Microsoft::Applications::Events::time_ticks_t::time_ticks_t [0x00A7CB76+734246]
	Microsoft::Applications::Events::ILogConfiguration::operator* [0x0085471A+3482]
	Microsoft::Applications::Events::GUID_t::GUID_t [0x0087DBFA+65914]
	Microsoft::Applications::Events::GUID_t::GUID_t [0x0087D194+63252]
	Microsoft::Applications::Events::GUID_t::GUID_t [0x0087A37B+51451]
	Microsoft::Applications::Events::GUID_t::GUID_t [0x008760C8+34376]
	Microsoft::Applications::Events::GUID_t::GUID_t [0x008A79F7+237431]
	Microsoft::Applications::Events::GUID_t::GUID_t [0x008A722C+235436]
	Microsoft::Applications::Events::GUID_t::GUID_t [0x0089E0C6+198214]
	Microsoft::Applications::Events::GUID_t::GUID_t [0x00880B2F+77999]
	Microsoft::Applications::Events::GUID_t::GUID_t [0x0087FB99+74009]
	Microsoft::Applications::Events::GUID_t::GUID_t [0x0088057D+76541]
	GetHandleVerifier [0x00C5203C+528316]
	Microsoft::Applications::Events::FromJSON [0x00DA5B8C+660764]
	Microsoft::Applications::Events::FromJSON [0x00DA5498+658984]
	Microsoft::Applications::Events::FromJSON [0x00D96354+597220]
	Microsoft::Applications::Events::FromJSON [0x00DA6307+662679]
	Microsoft::Applications::Events::time_ticks_t::time_ticks_t [0x00A92A0D+823997]
	Microsoft::Applications::Events::time_ticks_t::time_ticks_t [0x00A85C78+771368]
	Microsoft::Applications::Events::time_ticks_t::time_ticks_t [0x00A85E5A+771850]
	Microsoft::Applications::Events::time_ticks_t::time_ticks_t [0x00A6E885+676149]
	BaseThreadInitThunk [0x76987BA9+25]
	RtlInitializeExceptionChain [0x7768C0CB+107]
	RtlClearBits [0x7768C04F+191]

	at org.openqa.selenium.remote.W3CHandshakeResponse.lambda$errorHandler$0(W3CHandshakeResponse.java:62)
	at org.openqa.selenium.remote.HandshakeResponse.lambda$getResponseFunction$0(HandshakeResponse.java:30)
	at org.openqa.selenium.remote.ProtocolHandshake.lambda$createSession$0(ProtocolHandshake.java:126)
	at org.openqa.selenium.remote.ProtocolHandshake.createSession(ProtocolHandshake.java:128)
	at org.openqa.selenium.remote.ProtocolHandshake.createSession(ProtocolHandshake.java:74)
	at org.openqa.selenium.remote.HttpCommandExecutor.execute(HttpCommandExecutor.java:136)
	at org.openqa.selenium.remote.service.DriverCommandExecutor.execute(DriverCommandExecutor.java:83)
	at org.openqa.selenium.remote.RemoteWebDriver.execute(RemoteWebDriver.java:552)
	at com.kms.katalon.selenium.driver.CEdgeDriver.execute(CEdgeDriver.java:20)
	at org.openqa.selenium.remote.RemoteWebDriver.startSession(RemoteWebDriver.java:213)
	at org.openqa.selenium.remote.RemoteWebDriver.&lt;init&gt;(RemoteWebDriver.java:131)
	at org.openqa.selenium.edge.EdgeDriver.&lt;init&gt;(EdgeDriver.java:154)
	at com.kms.katalon.selenium.driver.CEdgeDriver.&lt;init&gt;(CEdgeDriver.java:14)
	at com.kms.katalon.core.webui.driver.DriverFactory.createNewEdgeChromiumDriver(DriverFactory.java:674)
	at com.kms.katalon.core.webui.driver.DriverFactory.startNewBrowser(DriverFactory.java:389)
	at com.kms.katalon.core.webui.driver.DriverFactory.openWebDriver(DriverFactory.java:263)
	at com.kms.katalon.core.webui.keyword.builtin.OpenBrowserKeyword$_openBrowser_closure1.doCall(OpenBrowserKeyword.groovy:74)
	at com.kms.katalon.core.webui.keyword.builtin.OpenBrowserKeyword$_openBrowser_closure1.call(OpenBrowserKeyword.groovy)
	at com.kms.katalon.core.webui.keyword.internal.WebUIKeywordMain.runKeyword(WebUIKeywordMain.groovy:20)
	at com.kms.katalon.core.webui.keyword.builtin.OpenBrowserKeyword.openBrowser(OpenBrowserKeyword.groovy:81)
	at com.kms.katalon.core.webui.keyword.builtin.OpenBrowserKeyword.execute(OpenBrowserKeyword.groovy:67)
	at com.kms.katalon.core.keyword.internal.KeywordExecutor.executeKeywordForPlatform(KeywordExecutor.groovy:74)
	at com.kms.katalon.core.webui.keyword.WebUiBuiltInKeywords.openBrowser(WebUiBuiltInKeywords.groovy:64)
	at com.kms.katalon.core.webui.keyword.WebUiBuiltInKeywords$openBrowser.call(Unknown Source)
	at Principal-Home.run(Principal-Home:20)
	at com.kms.katalon.core.main.ScriptEngine.run(ScriptEngine.java:194)
	at com.kms.katalon.core.main.ScriptEngine.runScriptAsRawText(ScriptEngine.java:119)
	at com.kms.katalon.core.main.TestCaseExecutor.runScript(TestCaseExecutor.java:448)
	at com.kms.katalon.core.main.TestCaseExecutor.doExecute(TestCaseExecutor.java:439)
	at com.kms.katalon.core.main.TestCaseExecutor.processExecutionPhase(TestCaseExecutor.java:418)
	at com.kms.katalon.core.main.TestCaseExecutor.accessMainPhase(TestCaseExecutor.java:410)
	at com.kms.katalon.core.main.TestCaseExecutor.execute(TestCaseExecutor.java:285)
	at com.kms.katalon.core.main.TestCaseMain.runTestCase(TestCaseMain.java:144)
	at com.kms.katalon.core.keyword.builtin.CallTestCaseKeyword$_callTestCase_closure1.doCall(CallTestCaseKeyword.groovy:59)
	at com.kms.katalon.core.keyword.builtin.CallTestCaseKeyword$_callTestCase_closure1.call(CallTestCaseKeyword.groovy)
	at com.kms.katalon.core.keyword.internal.KeywordMain.runKeyword(KeywordMain.groovy:75)
	at com.kms.katalon.core.keyword.builtin.CallTestCaseKeyword.callTestCase(CallTestCaseKeyword.groovy:81)
	at com.kms.katalon.core.keyword.builtin.CallTestCaseKeyword.execute(CallTestCaseKeyword.groovy:44)
	at com.kms.katalon.core.keyword.internal.KeywordExecutor.executeKeywordForPlatform(KeywordExecutor.groovy:74)
	at com.kms.katalon.core.keyword.BuiltinKeywords.callTestCase(BuiltinKeywords.groovy:310)
	at 3. Cambio por dirección a tienda.run(3. Cambio por dirección a tienda:20)
	at com.kms.katalon.core.main.ScriptEngine.run(ScriptEngine.java:194)
	at com.kms.katalon.core.main.ScriptEngine.runScriptAsRawText(ScriptEngine.java:119)
	at com.kms.katalon.core.main.TestCaseExecutor.runScript(TestCaseExecutor.java:448)
	at com.kms.katalon.core.main.TestCaseExecutor.doExecute(TestCaseExecutor.java:439)
	at com.kms.katalon.core.main.TestCaseExecutor.processExecutionPhase(TestCaseExecutor.java:418)
	at com.kms.katalon.core.main.TestCaseExecutor.accessMainPhase(TestCaseExecutor.java:410)
	at com.kms.katalon.core.main.TestCaseExecutor.execute(TestCaseExecutor.java:285)
	at com.kms.katalon.core.common.CommonExecutor.accessTestCaseMainPhase(CommonExecutor.java:65)
	at com.kms.katalon.core.main.TestSuiteExecutor.accessTestSuiteMainPhase(TestSuiteExecutor.java:148)
	at com.kms.katalon.core.main.TestSuiteExecutor.execute(TestSuiteExecutor.java:106)
	at com.kms.katalon.core.main.TestCaseMain.startTestSuite(TestCaseMain.java:187)
	at com.kms.katalon.core.main.TestCaseMain$startTestSuite$0.call(Unknown Source)
	at TempTestSuite1738842962897.run(TempTestSuite1738842962897.groovy:35)
</property>
  <property name="failed.exception.message">session not created: This version of Microsoft Edge WebDriver only supports Microsoft Edge version 130
Current browser version is 132.0.2957.140 with binary path C:\Program Files (x86)\Microsoft\Edge\Application\msedge.exe
Build info: version: &apos;3.141.59&apos;, revision: &apos;e82be7d358&apos;, time: &apos;2018-11-14T08:25:53&apos;
System info: host: &apos;DL0097&apos;, ip: &apos;10.136.10.15&apos;, os.name: &apos;Windows 10&apos;, os.arch: &apos;amd64&apos;, os.version: &apos;10.0&apos;, java.version: &apos;1.8.0_282&apos;
Driver info: driver.version: CEdgeDriver
remote stacktrace: 	GetHandleVerifier [0x00BDA2F3+37491]
	Microsoft::Applications::Events::time_ticks_t::time_ticks_t [0x00A7CB76+734246]
	Microsoft::Applications::Events::ILogConfiguration::operator* [0x0085471A+3482]
	Microsoft::Applications::Events::GUID_t::GUID_t [0x0087DBFA+65914]
	Microsoft::Applications::Events::GUID_t::GUID_t [0x0087D194+63252]
	Microsoft::Applications::Events::GUID_t::GUID_t [0x0087A37B+51451]
	Microsoft::Applications::Events::GUID_t::GUID_t [0x008760C8+34376]
	Microsoft::Applications::Events::GUID_t::GUID_t [0x008A79F7+237431]
	Microsoft::Applications::Events::GUID_t::GUID_t [0x008A722C+235436]
	Microsoft::Applications::Events::GUID_t::GUID_t [0x0089E0C6+198214]
	Microsoft::Applications::Events::GUID_t::GUID_t [0x00880B2F+77999]
	Microsoft::Applications::Events::GUID_t::GUID_t [0x0087FB99+74009]
	Microsoft::Applications::Events::GUID_t::GUID_t [0x0088057D+76541]
	GetHandleVerifier [0x00C5203C+528316]
	Microsoft::Applications::Events::FromJSON [0x00DA5B8C+660764]
	Microsoft::Applications::Events::FromJSON [0x00DA5498+658984]
	Microsoft::Applications::Events::FromJSON [0x00D96354+597220]
	Microsoft::Applications::Events::FromJSON [0x00DA6307+662679]
	Microsoft::Applications::Events::time_ticks_t::time_ticks_t [0x00A92A0D+823997]
	Microsoft::Applications::Events::time_ticks_t::time_ticks_t [0x00A85C78+771368]
	Microsoft::Applications::Events::time_ticks_t::time_ticks_t [0x00A85E5A+771850]
	Microsoft::Applications::Events::time_ticks_t::time_ticks_t [0x00A6E885+676149]
	BaseThreadInitThunk [0x76987BA9+25]
	RtlInitializeExceptionChain [0x7768C0CB+107]
	RtlClearBits [0x7768C04F+191]
</property>
</record>
<record>
  <date>2025-02-06T06:56:15</date>
  <millis>1738842975824</millis>
  <sequence>154</sequence>
  <level>END</level>
  <class>com.kms.katalon.core.logging.XmlKeywordLogger</class>
  <method>endKeyword</method>
  <thread>1</thread>
  <message>End action : callTestCase(findTestCase(&amp;quot;Registro_Envíos/1.Inicio/1.Principal/Principal-Home&amp;quot;), [:], STOP_ON_FAILURE)</message>
  <nestedLevel>1</nestedLevel>
  <escapedJava>false</escapedJava>
</record>
<record>
  <date>2025-02-06T06:56:15</date>
  <millis>1738842975824</millis>
  <sequence>158</sequence>
  <level>FAILED</level>
  <class>com.kms.katalon.core.logging.XmlKeywordLogger</class>
  <method>logMessage</method>
  <thread>1</thread>
  <message>Test Cases/Registro_Envíos/3. Positivas/1. Paquetes/Origen Lima/2.Girley/Geo sin seleccionar/3. Cambio por dirección a tienda FAILED.
Reason:
com.kms.katalon.core.exception.StepFailedException: Call Test Case &amp;apos;Test Cases/Registro_Envíos/1.Inicio/1.Principal/Principal-Home&amp;apos; failed
	at com.kms.katalon.core.keyword.builtin.CallTestCaseKeyword$_callTestCase_closure1.doCall(CallTestCaseKeyword.groovy:63)
	at com.kms.katalon.core.keyword.builtin.CallTestCaseKeyword$_callTestCase_closure1.call(CallTestCaseKeyword.groovy)
	at com.kms.katalon.core.keyword.internal.KeywordMain.runKeyword(KeywordMain.groovy:75)
	at com.kms.katalon.core.keyword.builtin.CallTestCaseKeyword.callTestCase(CallTestCaseKeyword.groovy:81)
	at com.kms.katalon.core.keyword.builtin.CallTestCaseKeyword.execute(CallTestCaseKeyword.groovy:44)
	at com.kms.katalon.core.keyword.internal.KeywordExecutor.executeKeywordForPlatform(KeywordExecutor.groovy:74)
	at com.kms.katalon.core.keyword.BuiltinKeywords.callTestCase(BuiltinKeywords.groovy:310)
	at 3. Cambio por dirección a tienda.run(3. Cambio por dirección a tienda:20)
	at com.kms.katalon.core.main.ScriptEngine.run(ScriptEngine.java:194)
	at com.kms.katalon.core.main.ScriptEngine.runScriptAsRawText(ScriptEngine.java:119)
	at com.kms.katalon.core.main.TestCaseExecutor.runScript(TestCaseExecutor.java:448)
	at com.kms.katalon.core.main.TestCaseExecutor.doExecute(TestCaseExecutor.java:439)
	at com.kms.katalon.core.main.TestCaseExecutor.processExecutionPhase(TestCaseExecutor.java:418)
	at com.kms.katalon.core.main.TestCaseExecutor.accessMainPhase(TestCaseExecutor.java:410)
	at com.kms.katalon.core.main.TestCaseExecutor.execute(TestCaseExecutor.java:285)
	at com.kms.katalon.core.common.CommonExecutor.accessTestCaseMainPhase(CommonExecutor.java:65)
	at com.kms.katalon.core.main.TestSuiteExecutor.accessTestSuiteMainPhase(TestSuiteExecutor.java:148)
	at com.kms.katalon.core.main.TestSuiteExecutor.execute(TestSuiteExecutor.java:106)
	at com.kms.katalon.core.main.TestCaseMain.startTestSuite(TestCaseMain.java:187)
	at com.kms.katalon.core.main.TestCaseMain$startTestSuite$0.call(Unknown Source)
	at TempTestSuite1738842962897.run(TempTestSuite1738842962897.groovy:35)
Caused by: com.kms.katalon.core.exception.StepFailedException: Unable to open browser with url: &amp;apos;&amp;apos;
	at com.kms.katalon.core.webui.keyword.internal.WebUIKeywordMain.stepFailed(WebUIKeywordMain.groovy:64)
	at com.kms.katalon.core.webui.keyword.internal.WebUIKeywordMain.runKeyword(WebUIKeywordMain.groovy:26)
	at com.kms.katalon.core.webui.keyword.builtin.OpenBrowserKeyword.openBrowser(OpenBrowserKeyword.groovy:81)
	at com.kms.katalon.core.webui.keyword.builtin.OpenBrowserKeyword.execute(OpenBrowserKeyword.groovy:67)
	at com.kms.katalon.core.keyword.internal.KeywordExecutor.executeKeywordForPlatform(KeywordExecutor.groovy:74)
	at com.kms.katalon.core.webui.keyword.WebUiBuiltInKeywords.openBrowser(WebUiBuiltInKeywords.groovy:64)
	at com.kms.katalon.core.webui.keyword.WebUiBuiltInKeywords$openBrowser.call(Unknown Source)
	at Principal-Home.run(Principal-Home:20)
	at com.kms.katalon.core.main.ScriptEngine.run(ScriptEngine.java:194)
	at com.kms.katalon.core.main.ScriptEngine.runScriptAsRawText(ScriptEngine.java:119)
	at com.kms.katalon.core.main.TestCaseExecutor.runScript(TestCaseExecutor.java:448)
	at com.kms.katalon.core.main.TestCaseExecutor.doExecute(TestCaseExecutor.java:439)
	at com.kms.katalon.core.main.TestCaseExecutor.processExecutionPhase(TestCaseExecutor.java:418)
	at com.kms.katalon.core.main.TestCaseExecutor.accessMainPhase(TestCaseExecutor.java:410)
	at com.kms.katalon.core.main.TestCaseExecutor.execute(TestCaseExecutor.java:285)
	at com.kms.katalon.core.main.TestCaseMain.runTestCase(TestCaseMain.java:144)
	at com.kms.katalon.core.keyword.builtin.CallTestCaseKeyword$_callTestCase_closure1.doCall(CallTestCaseKeyword.groovy:59)
	... 20 more
Caused by: org.openqa.selenium.SessionNotCreatedException: session not created: This version of Microsoft Edge WebDriver only supports Microsoft Edge version 130
Current browser version is 132.0.2957.140 with binary path C:\Program Files (x86)\Microsoft\Edge\Application\msedge.exe
Build info: version: &amp;apos;3.141.59&amp;apos;, revision: &amp;apos;e82be7d358&amp;apos;, time: &amp;apos;2018-11-14T08:25:53&amp;apos;
System info: host: &amp;apos;DL0097&amp;apos;, ip: &amp;apos;10.136.10.15&amp;apos;, os.name: &amp;apos;Windows 10&amp;apos;, os.arch: &amp;apos;amd64&amp;apos;, os.version: &amp;apos;10.0&amp;apos;, java.version: &amp;apos;1.8.0_282&amp;apos;
Driver info: driver.version: CEdgeDriver
remote stacktrace: 	GetHandleVerifier [0x00BDA2F3+37491]
	Microsoft::Applications::Events::time_ticks_t::time_ticks_t [0x00A7CB76+734246]
	Microsoft::Applications::Events::ILogConfiguration::operator* [0x0085471A+3482]
	Microsoft::Applications::Events::GUID_t::GUID_t [0x0087DBFA+65914]
	Microsoft::Applications::Events::GUID_t::GUID_t [0x0087D194+63252]
	Microsoft::Applications::Events::GUID_t::GUID_t [0x0087A37B+51451]
	Microsoft::Applications::Events::GUID_t::GUID_t [0x008760C8+34376]
	Microsoft::Applications::Events::GUID_t::GUID_t [0x008A79F7+237431]
	Microsoft::Applications::Events::GUID_t::GUID_t [0x008A722C+235436]
	Microsoft::Applications::Events::GUID_t::GUID_t [0x0089E0C6+198214]
	Microsoft::Applications::Events::GUID_t::GUID_t [0x00880B2F+77999]
	Microsoft::Applications::Events::GUID_t::GUID_t [0x0087FB99+74009]
	Microsoft::Applications::Events::GUID_t::GUID_t [0x0088057D+76541]
	GetHandleVerifier [0x00C5203C+528316]
	Microsoft::Applications::Events::FromJSON [0x00DA5B8C+660764]
	Microsoft::Applications::Events::FromJSON [0x00DA5498+658984]
	Microsoft::Applications::Events::FromJSON [0x00D96354+597220]
	Microsoft::Applications::Events::FromJSON [0x00DA6307+662679]
	Microsoft::Applications::Events::time_ticks_t::time_ticks_t [0x00A92A0D+823997]
	Microsoft::Applications::Events::time_ticks_t::time_ticks_t [0x00A85C78+771368]
	Microsoft::Applications::Events::time_ticks_t::time_ticks_t [0x00A85E5A+771850]
	Microsoft::Applications::Events::time_ticks_t::time_ticks_t [0x00A6E885+676149]
	BaseThreadInitThunk [0x76987BA9+25]
	RtlInitializeExceptionChain [0x7768C0CB+107]
	RtlClearBits [0x7768C04F+191]

	at org.openqa.selenium.remote.W3CHandshakeResponse.lambda$errorHandler$0(W3CHandshakeResponse.java:62)
	at org.openqa.selenium.remote.HandshakeResponse.lambda$getResponseFunction$0(HandshakeResponse.java:30)
	at org.openqa.selenium.remote.ProtocolHandshake.lambda$createSession$0(ProtocolHandshake.java:126)
	at org.openqa.selenium.remote.ProtocolHandshake.createSession(ProtocolHandshake.java:128)
	at org.openqa.selenium.remote.ProtocolHandshake.createSession(ProtocolHandshake.java:74)
	at org.openqa.selenium.remote.HttpCommandExecutor.execute(HttpCommandExecutor.java:136)
	at org.openqa.selenium.remote.service.DriverCommandExecutor.execute(DriverCommandExecutor.java:83)
	at org.openqa.selenium.remote.RemoteWebDriver.execute(RemoteWebDriver.java:552)
	at com.kms.katalon.selenium.driver.CEdgeDriver.execute(CEdgeDriver.java:20)
	at org.openqa.selenium.remote.RemoteWebDriver.startSession(RemoteWebDriver.java:213)
	at org.openqa.selenium.remote.RemoteWebDriver.&amp;lt;init&amp;gt;(RemoteWebDriver.java:131)
	at org.openqa.selenium.edge.EdgeDriver.&amp;lt;init&amp;gt;(EdgeDriver.java:154)
	at com.kms.katalon.selenium.driver.CEdgeDriver.&amp;lt;init&amp;gt;(CEdgeDriver.java:14)
	at com.kms.katalon.core.webui.driver.DriverFactory.createNewEdgeChromiumDriver(DriverFactory.java:674)
	at com.kms.katalon.core.webui.driver.DriverFactory.startNewBrowser(DriverFactory.java:389)
	at com.kms.katalon.core.webui.driver.DriverFactory.openWebDriver(DriverFactory.java:263)
	at com.kms.katalon.core.webui.keyword.builtin.OpenBrowserKeyword$_openBrowser_closure1.doCall(OpenBrowserKeyword.groovy:74)
	at com.kms.katalon.core.webui.keyword.builtin.OpenBrowserKeyword$_openBrowser_closure1.call(OpenBrowserKeyword.groovy)
	at com.kms.katalon.core.webui.keyword.internal.WebUIKeywordMain.runKeyword(WebUIKeywordMain.groovy:20)
	... 35 more
</message>
  <exception>
    <message>com.kms.katalon.core.exception.StepFailedException: Call Test Case 'Test Cases/Registro_Envíos/1.Inicio/1.Principal/Principal-Home' failed</message>
    <frame>
      <class>com.kms.katalon.core.keyword.builtin.CallTestCaseKeyword$_callTestCase_closure1</class>
      <method>doCall</method>
      <line>63</line>
    </frame>
    <frame>
      <class>com.kms.katalon.core.keyword.builtin.CallTestCaseKeyword$_callTestCase_closure1</class>
      <method>call</method>
    </frame>
    <frame>
      <class>com.kms.katalon.core.keyword.internal.KeywordMain</class>
      <method>runKeyword</method>
      <line>75</line>
    </frame>
    <frame>
      <class>com.kms.katalon.core.keyword.builtin.CallTestCaseKeyword</class>
      <method>callTestCase</method>
      <line>81</line>
    </frame>
    <frame>
      <class>com.kms.katalon.core.keyword.builtin.CallTestCaseKeyword</class>
      <method>execute</method>
      <line>44</line>
    </frame>
    <frame>
      <class>com.kms.katalon.core.keyword.internal.KeywordExecutor</class>
      <method>executeKeywordForPlatform</method>
      <line>74</line>
    </frame>
    <frame>
      <class>com.kms.katalon.core.keyword.BuiltinKeywords</class>
      <method>callTestCase</method>
      <line>310</line>
    </frame>
    <frame>
      <class>3. Cambio por dirección a tienda</class>
      <method>run</method>
      <line>20</line>
    </frame>
    <frame>
      <class>com.kms.katalon.core.main.ScriptEngine</class>
      <method>run</method>
      <line>194</line>
    </frame>
    <frame>
      <class>com.kms.katalon.core.main.ScriptEngine</class>
      <method>runScriptAsRawText</method>
      <line>119</line>
    </frame>
    <frame>
      <class>com.kms.katalon.core.main.TestCaseExecutor</class>
      <method>runScript</method>
      <line>448</line>
    </frame>
    <frame>
      <class>com.kms.katalon.core.main.TestCaseExecutor</class>
      <method>doExecute</method>
      <line>439</line>
    </frame>
    <frame>
      <class>com.kms.katalon.core.main.TestCaseExecutor</class>
      <method>processExecutionPhase</method>
      <line>418</line>
    </frame>
    <frame>
      <class>com.kms.katalon.core.main.TestCaseExecutor</class>
      <method>accessMainPhase</method>
      <line>410</line>
    </frame>
    <frame>
      <class>com.kms.katalon.core.main.TestCaseExecutor</class>
      <method>execute</method>
      <line>285</line>
    </frame>
    <frame>
      <class>com.kms.katalon.core.common.CommonExecutor</class>
      <method>accessTestCaseMainPhase</method>
      <line>65</line>
    </frame>
    <frame>
      <class>com.kms.katalon.core.main.TestSuiteExecutor</class>
      <method>accessTestSuiteMainPhase</method>
      <line>148</line>
    </frame>
    <frame>
      <class>com.kms.katalon.core.main.TestSuiteExecutor</class>
      <method>execute</method>
      <line>106</line>
    </frame>
    <frame>
      <class>com.kms.katalon.core.main.TestCaseMain</class>
      <method>startTestSuite</method>
      <line>187</line>
    </frame>
    <frame>
      <class>com.kms.katalon.core.main.TestCaseMain$startTestSuite$0</class>
      <method>call</method>
    </frame>
    <frame>
      <class>TempTestSuite1738842962897</class>
      <method>run</method>
      <line>35</line>
    </frame>
  </exception>
  <nestedLevel>0</nestedLevel>
  <escapedJava>false</escapedJava>
  <property name="failed.exception.stacktrace">org.openqa.selenium.SessionNotCreatedException: session not created: This version of Microsoft Edge WebDriver only supports Microsoft Edge version 130
Current browser version is 132.0.2957.140 with binary path C:\Program Files (x86)\Microsoft\Edge\Application\msedge.exe
Build info: version: &apos;3.141.59&apos;, revision: &apos;e82be7d358&apos;, time: &apos;2018-11-14T08:25:53&apos;
System info: host: &apos;DL0097&apos;, ip: &apos;10.136.10.15&apos;, os.name: &apos;Windows 10&apos;, os.arch: &apos;amd64&apos;, os.version: &apos;10.0&apos;, java.version: &apos;1.8.0_282&apos;
Driver info: driver.version: CEdgeDriver
remote stacktrace: 	GetHandleVerifier [0x00BDA2F3+37491]
	Microsoft::Applications::Events::time_ticks_t::time_ticks_t [0x00A7CB76+734246]
	Microsoft::Applications::Events::ILogConfiguration::operator* [0x0085471A+3482]
	Microsoft::Applications::Events::GUID_t::GUID_t [0x0087DBFA+65914]
	Microsoft::Applications::Events::GUID_t::GUID_t [0x0087D194+63252]
	Microsoft::Applications::Events::GUID_t::GUID_t [0x0087A37B+51451]
	Microsoft::Applications::Events::GUID_t::GUID_t [0x008760C8+34376]
	Microsoft::Applications::Events::GUID_t::GUID_t [0x008A79F7+237431]
	Microsoft::Applications::Events::GUID_t::GUID_t [0x008A722C+235436]
	Microsoft::Applications::Events::GUID_t::GUID_t [0x0089E0C6+198214]
	Microsoft::Applications::Events::GUID_t::GUID_t [0x00880B2F+77999]
	Microsoft::Applications::Events::GUID_t::GUID_t [0x0087FB99+74009]
	Microsoft::Applications::Events::GUID_t::GUID_t [0x0088057D+76541]
	GetHandleVerifier [0x00C5203C+528316]
	Microsoft::Applications::Events::FromJSON [0x00DA5B8C+660764]
	Microsoft::Applications::Events::FromJSON [0x00DA5498+658984]
	Microsoft::Applications::Events::FromJSON [0x00D96354+597220]
	Microsoft::Applications::Events::FromJSON [0x00DA6307+662679]
	Microsoft::Applications::Events::time_ticks_t::time_ticks_t [0x00A92A0D+823997]
	Microsoft::Applications::Events::time_ticks_t::time_ticks_t [0x00A85C78+771368]
	Microsoft::Applications::Events::time_ticks_t::time_ticks_t [0x00A85E5A+771850]
	Microsoft::Applications::Events::time_ticks_t::time_ticks_t [0x00A6E885+676149]
	BaseThreadInitThunk [0x76987BA9+25]
	RtlInitializeExceptionChain [0x7768C0CB+107]
	RtlClearBits [0x7768C04F+191]

	at org.openqa.selenium.remote.W3CHandshakeResponse.lambda$errorHandler$0(W3CHandshakeResponse.java:62)
	at org.openqa.selenium.remote.HandshakeResponse.lambda$getResponseFunction$0(HandshakeResponse.java:30)
	at org.openqa.selenium.remote.ProtocolHandshake.lambda$createSession$0(ProtocolHandshake.java:126)
	at org.openqa.selenium.remote.ProtocolHandshake.createSession(ProtocolHandshake.java:128)
	at org.openqa.selenium.remote.ProtocolHandshake.createSession(ProtocolHandshake.java:74)
	at org.openqa.selenium.remote.HttpCommandExecutor.execute(HttpCommandExecutor.java:136)
	at org.openqa.selenium.remote.service.DriverCommandExecutor.execute(DriverCommandExecutor.java:83)
	at org.openqa.selenium.remote.RemoteWebDriver.execute(RemoteWebDriver.java:552)
	at com.kms.katalon.selenium.driver.CEdgeDriver.execute(CEdgeDriver.java:20)
	at org.openqa.selenium.remote.RemoteWebDriver.startSession(RemoteWebDriver.java:213)
	at org.openqa.selenium.remote.RemoteWebDriver.&lt;init&gt;(RemoteWebDriver.java:131)
	at org.openqa.selenium.edge.EdgeDriver.&lt;init&gt;(EdgeDriver.java:154)
	at com.kms.katalon.selenium.driver.CEdgeDriver.&lt;init&gt;(CEdgeDriver.java:14)
	at com.kms.katalon.core.webui.driver.DriverFactory.createNewEdgeChromiumDriver(DriverFactory.java:674)
	at com.kms.katalon.core.webui.driver.DriverFactory.startNewBrowser(DriverFactory.java:389)
	at com.kms.katalon.core.webui.driver.DriverFactory.openWebDriver(DriverFactory.java:263)
	at com.kms.katalon.core.webui.keyword.builtin.OpenBrowserKeyword$_openBrowser_closure1.doCall(OpenBrowserKeyword.groovy:74)
	at com.kms.katalon.core.webui.keyword.builtin.OpenBrowserKeyword$_openBrowser_closure1.call(OpenBrowserKeyword.groovy)
	at com.kms.katalon.core.webui.keyword.internal.WebUIKeywordMain.runKeyword(WebUIKeywordMain.groovy:20)
	at com.kms.katalon.core.webui.keyword.builtin.OpenBrowserKeyword.openBrowser(OpenBrowserKeyword.groovy:81)
	at com.kms.katalon.core.webui.keyword.builtin.OpenBrowserKeyword.execute(OpenBrowserKeyword.groovy:67)
	at com.kms.katalon.core.keyword.internal.KeywordExecutor.executeKeywordForPlatform(KeywordExecutor.groovy:74)
	at com.kms.katalon.core.webui.keyword.WebUiBuiltInKeywords.openBrowser(WebUiBuiltInKeywords.groovy:64)
	at com.kms.katalon.core.webui.keyword.WebUiBuiltInKeywords$openBrowser.call(Unknown Source)
	at Principal-Home.run(Principal-Home:20)
	at com.kms.katalon.core.main.ScriptEngine.run(ScriptEngine.java:194)
	at com.kms.katalon.core.main.ScriptEngine.runScriptAsRawText(ScriptEngine.java:119)
	at com.kms.katalon.core.main.TestCaseExecutor.runScript(TestCaseExecutor.java:448)
	at com.kms.katalon.core.main.TestCaseExecutor.doExecute(TestCaseExecutor.java:439)
	at com.kms.katalon.core.main.TestCaseExecutor.processExecutionPhase(TestCaseExecutor.java:418)
	at com.kms.katalon.core.main.TestCaseExecutor.accessMainPhase(TestCaseExecutor.java:410)
	at com.kms.katalon.core.main.TestCaseExecutor.execute(TestCaseExecutor.java:285)
	at com.kms.katalon.core.main.TestCaseMain.runTestCase(TestCaseMain.java:144)
	at com.kms.katalon.core.keyword.builtin.CallTestCaseKeyword$_callTestCase_closure1.doCall(CallTestCaseKeyword.groovy:59)
	at com.kms.katalon.core.keyword.builtin.CallTestCaseKeyword$_callTestCase_closure1.call(CallTestCaseKeyword.groovy)
	at com.kms.katalon.core.keyword.internal.KeywordMain.runKeyword(KeywordMain.groovy:75)
	at com.kms.katalon.core.keyword.builtin.CallTestCaseKeyword.callTestCase(CallTestCaseKeyword.groovy:81)
	at com.kms.katalon.core.keyword.builtin.CallTestCaseKeyword.execute(CallTestCaseKeyword.groovy:44)
	at com.kms.katalon.core.keyword.internal.KeywordExecutor.executeKeywordForPlatform(KeywordExecutor.groovy:74)
	at com.kms.katalon.core.keyword.BuiltinKeywords.callTestCase(BuiltinKeywords.groovy:310)
	at 3. Cambio por dirección a tienda.run(3. Cambio por dirección a tienda:20)
	at com.kms.katalon.core.main.ScriptEngine.run(ScriptEngine.java:194)
	at com.kms.katalon.core.main.ScriptEngine.runScriptAsRawText(ScriptEngine.java:119)
	at com.kms.katalon.core.main.TestCaseExecutor.runScript(TestCaseExecutor.java:448)
	at com.kms.katalon.core.main.TestCaseExecutor.doExecute(TestCaseExecutor.java:439)
	at com.kms.katalon.core.main.TestCaseExecutor.processExecutionPhase(TestCaseExecutor.java:418)
	at com.kms.katalon.core.main.TestCaseExecutor.accessMainPhase(TestCaseExecutor.java:410)
	at com.kms.katalon.core.main.TestCaseExecutor.execute(TestCaseExecutor.java:285)
	at com.kms.katalon.core.common.CommonExecutor.accessTestCaseMainPhase(CommonExecutor.java:65)
	at com.kms.katalon.core.main.TestSuiteExecutor.accessTestSuiteMainPhase(TestSuiteExecutor.java:148)
	at com.kms.katalon.core.main.TestSuiteExecutor.execute(TestSuiteExecutor.java:106)
	at com.kms.katalon.core.main.TestCaseMain.startTestSuite(TestCaseMain.java:187)
	at com.kms.katalon.core.main.TestCaseMain$startTestSuite$0.call(Unknown Source)
	at TempTestSuite1738842962897.run(TempTestSuite1738842962897.groovy:35)
</property>
  <property name="failed.exception.class">org.openqa.selenium.SessionNotCreatedException</property>
  <property name="failed.exception.message">session not created: This version of Microsoft Edge WebDriver only supports Microsoft Edge version 130
Current browser version is 132.0.2957.140 with binary path C:\Program Files (x86)\Microsoft\Edge\Application\msedge.exe
Build info: version: &apos;3.141.59&apos;, revision: &apos;e82be7d358&apos;, time: &apos;2018-11-14T08:25:53&apos;
System info: host: &apos;DL0097&apos;, ip: &apos;10.136.10.15&apos;, os.name: &apos;Windows 10&apos;, os.arch: &apos;amd64&apos;, os.version: &apos;10.0&apos;, java.version: &apos;1.8.0_282&apos;
Driver info: driver.version: CEdgeDriver
remote stacktrace: 	GetHandleVerifier [0x00BDA2F3+37491]
	Microsoft::Applications::Events::time_ticks_t::time_ticks_t [0x00A7CB76+734246]
	Microsoft::Applications::Events::ILogConfiguration::operator* [0x0085471A+3482]
	Microsoft::Applications::Events::GUID_t::GUID_t [0x0087DBFA+65914]
	Microsoft::Applications::Events::GUID_t::GUID_t [0x0087D194+63252]
	Microsoft::Applications::Events::GUID_t::GUID_t [0x0087A37B+51451]
	Microsoft::Applications::Events::GUID_t::GUID_t [0x008760C8+34376]
	Microsoft::Applications::Events::GUID_t::GUID_t [0x008A79F7+237431]
	Microsoft::Applications::Events::GUID_t::GUID_t [0x008A722C+235436]
	Microsoft::Applications::Events::GUID_t::GUID_t [0x0089E0C6+198214]
	Microsoft::Applications::Events::GUID_t::GUID_t [0x00880B2F+77999]
	Microsoft::Applications::Events::GUID_t::GUID_t [0x0087FB99+74009]
	Microsoft::Applications::Events::GUID_t::GUID_t [0x0088057D+76541]
	GetHandleVerifier [0x00C5203C+528316]
	Microsoft::Applications::Events::FromJSON [0x00DA5B8C+660764]
	Microsoft::Applications::Events::FromJSON [0x00DA5498+658984]
	Microsoft::Applications::Events::FromJSON [0x00D96354+597220]
	Microsoft::Applications::Events::FromJSON [0x00DA6307+662679]
	Microsoft::Applications::Events::time_ticks_t::time_ticks_t [0x00A92A0D+823997]
	Microsoft::Applications::Events::time_ticks_t::time_ticks_t [0x00A85C78+771368]
	Microsoft::Applications::Events::time_ticks_t::time_ticks_t [0x00A85E5A+771850]
	Microsoft::Applications::Events::time_ticks_t::time_ticks_t [0x00A6E885+676149]
	BaseThreadInitThunk [0x76987BA9+25]
	RtlInitializeExceptionChain [0x7768C0CB+107]
	RtlClearBits [0x7768C04F+191]
</property>
</record>
<record>
  <date>2025-02-06T06:56:15</date>
  <millis>1738842975832</millis>
  <sequence>160</sequence>
  <level>END</level>
  <class>com.kms.katalon.core.logging.XmlKeywordLogger</class>
  <method>endTest</method>
  <thread>1</thread>
  <message>End Test Case : Test Cases/Registro_Envíos/3. Positivas/1. Paquetes/Origen Lima/2.Girley/Geo sin seleccionar/3. Cambio por dirección a tienda</message>
  <nestedLevel>0</nestedLevel>
  <escapedJava>false</escapedJava>
  <property name="executionBindingVariables">[]</property>
  <property name="applitools">false</property>
  <property name="keywordsUsage">{
  &quot;web_ui&quot;: true,
  &quot;web_service&quot;: false,
  &quot;cucumber&quot;: false,
  &quot;builtin&quot;: true,
  &quot;mobile&quot;: false,
  &quot;windows&quot;: false,
  &quot;testng&quot;: false
}</property>
</record>
<record>
  <date>2025-02-06T06:56:15</date>
  <millis>1738842975833</millis>
  <sequence>161</sequence>
  <level>START</level>
  <class>com.kms.katalon.core.logging.XmlKeywordLogger</class>
  <method>startTest</method>
  <thread>1</thread>
  <message>Start Test Case : Test Cases/Registro_Envíos/3. Positivas/1. Paquetes/Origen Lima/2.Girley/Geo sin seleccionar/2. Dirección callao</message>
  <nestedLevel>1</nestedLevel>
  <escapedJava>false</escapedJava>
  <property name="name">Test Cases/Registro_Envíos/3. Positivas/1. Paquetes/Origen Lima/2.Girley/Geo sin seleccionar/2. Dirección callao</property>
  <property name="description"></property>
  <property name="iteration"></property>
  <property name="id">Test Cases/Registro_Envíos/3. Positivas/1. Paquetes/Origen Lima/2.Girley/Geo sin seleccionar/2. Dirección callao</property>
  <property name="source">F:\Git\RegistroEnvios\Test Cases\Registro_Envíos\3. Positivas\1. Paquetes\Origen Lima\2.Girley\Geo sin seleccionar\2. Dirección callao.tc</property>
  <property name="tag"></property>
  <property name="isOptional">false</property>
</record>
<record>
  <date>2025-02-06T06:56:15</date>
  <millis>1738842975986</millis>
  <sequence>163</sequence>
  <level>START</level>
  <class>com.kms.katalon.core.logging.XmlKeywordLogger</class>
  <method>startKeyword</method>
  <thread>1</thread>
  <message>Start action : callTestCase(findTestCase(&amp;quot;Registro_Envíos/1.Inicio/1.Principal/Principal-Home&amp;quot;), [:], STOP_ON_FAILURE)</message>
  <nestedLevel>1</nestedLevel>
  <escapedJava>false</escapedJava>
  <property name="startLine">20</property>
  <property name="stepIndex">1</property>
</record>
<record>
  <date>2025-02-06T06:56:16</date>
  <millis>1738842976052</millis>
  <sequence>166</sequence>
  <level>START</level>
  <class>com.kms.katalon.core.logging.XmlKeywordLogger</class>
  <method>startTest</method>
  <thread>1</thread>
  <message>Start Test Case : Test Cases/Registro_Envíos/1.Inicio/1.Principal/Principal-Home</message>
  <nestedLevel>2</nestedLevel>
  <escapedJava>false</escapedJava>
  <property name="name">Test Cases/Registro_Envíos/1.Inicio/1.Principal/Principal-Home</property>
  <property name="description"></property>
  <property name="iteration"></property>
  <property name="id">Test Cases/Registro_Envíos/1.Inicio/1.Principal/Principal-Home</property>
  <property name="source">F:\Git\RegistroEnvios\Test Cases\Registro_Envíos\1.Inicio\1.Principal\Principal-Home.tc</property>
  <property name="tag"></property>
  <property name="isOptional">false</property>
</record>
<record>
  <date>2025-02-06T06:56:16</date>
  <millis>1738842976053</millis>
  <sequence>168</sequence>
  <level>START</level>
  <class>com.kms.katalon.core.logging.XmlKeywordLogger</class>
  <method>startKeyword</method>
  <thread>1</thread>
  <message>Start action : openBrowser(&amp;quot;&amp;quot;)</message>
  <nestedLevel>1</nestedLevel>
  <escapedJava>false</escapedJava>
  <property name="startLine">20</property>
  <property name="stepIndex">1</property>
</record>
<record>
  <date>2025-02-06T06:56:16</date>
  <millis>1738842976062</millis>
  <sequence>170</sequence>
  <level>INFO</level>
  <class>com.kms.katalon.core.logging.XmlKeywordLogger</class>
  <method>logMessage</method>
  <thread>1</thread>
  <message>Starting &amp;apos;Edge Chromium&amp;apos; driver</message>
  <nestedLevel>2</nestedLevel>
  <escapedJava>false</escapedJava>
</record>
<record>
  <date>2025-02-06T06:56:16</date>
  <millis>1738842976062</millis>
  <sequence>172</sequence>
  <level>INFO</level>
  <class>com.kms.katalon.core.logging.XmlKeywordLogger</class>
  <method>logMessage</method>
  <thread>1</thread>
  <message>Action delay is set to 0 milliseconds</message>
  <nestedLevel>2</nestedLevel>
  <escapedJava>false</escapedJava>
</record>
<record>
  <date>2025-02-06T06:56:16</date>
  <millis>1738842976746</millis>
  <sequence>176</sequence>
  <level>FAILED</level>
  <class>com.kms.katalon.core.logging.XmlKeywordLogger</class>
  <method>logMessage</method>
  <thread>1</thread>
  <message>Unable to open browser with url: &amp;apos;&amp;apos; (Root cause: com.kms.katalon.core.exception.StepFailedException: Unable to open browser with url: &amp;apos;&amp;apos;
	at com.kms.katalon.core.webui.keyword.internal.WebUIKeywordMain.stepFailed(WebUIKeywordMain.groovy:64)
	at com.kms.katalon.core.webui.keyword.internal.WebUIKeywordMain.runKeyword(WebUIKeywordMain.groovy:26)
	at com.kms.katalon.core.webui.keyword.builtin.OpenBrowserKeyword.openBrowser(OpenBrowserKeyword.groovy:81)
	at com.kms.katalon.core.webui.keyword.builtin.OpenBrowserKeyword.execute(OpenBrowserKeyword.groovy:67)
	at com.kms.katalon.core.keyword.internal.KeywordExecutor.executeKeywordForPlatform(KeywordExecutor.groovy:74)
	at com.kms.katalon.core.webui.keyword.WebUiBuiltInKeywords.openBrowser(WebUiBuiltInKeywords.groovy:64)
	at com.kms.katalon.core.webui.keyword.WebUiBuiltInKeywords$openBrowser.call(Unknown Source)
	at Principal-Home.run(Principal-Home:20)
	at com.kms.katalon.core.main.ScriptEngine.run(ScriptEngine.java:194)
	at com.kms.katalon.core.main.ScriptEngine.runScriptAsRawText(ScriptEngine.java:119)
	at com.kms.katalon.core.main.TestCaseExecutor.runScript(TestCaseExecutor.java:448)
	at com.kms.katalon.core.main.TestCaseExecutor.doExecute(TestCaseExecutor.java:439)
	at com.kms.katalon.core.main.TestCaseExecutor.processExecutionPhase(TestCaseExecutor.java:418)
	at com.kms.katalon.core.main.TestCaseExecutor.accessMainPhase(TestCaseExecutor.java:410)
	at com.kms.katalon.core.main.TestCaseExecutor.execute(TestCaseExecutor.java:285)
	at com.kms.katalon.core.main.TestCaseMain.runTestCase(TestCaseMain.java:144)
	at com.kms.katalon.core.keyword.builtin.CallTestCaseKeyword$_callTestCase_closure1.doCall(CallTestCaseKeyword.groovy:59)
	at com.kms.katalon.core.keyword.builtin.CallTestCaseKeyword$_callTestCase_closure1.call(CallTestCaseKeyword.groovy)
	at com.kms.katalon.core.keyword.internal.KeywordMain.runKeyword(KeywordMain.groovy:75)
	at com.kms.katalon.core.keyword.builtin.CallTestCaseKeyword.callTestCase(CallTestCaseKeyword.groovy:81)
	at com.kms.katalon.core.keyword.builtin.CallTestCaseKeyword.execute(CallTestCaseKeyword.groovy:44)
	at com.kms.katalon.core.keyword.internal.KeywordExecutor.executeKeywordForPlatform(KeywordExecutor.groovy:74)
	at com.kms.katalon.core.keyword.BuiltinKeywords.callTestCase(BuiltinKeywords.groovy:310)
	at 2. Dirección callao.run(2. Dirección callao:20)
	at com.kms.katalon.core.main.ScriptEngine.run(ScriptEngine.java:194)
	at com.kms.katalon.core.main.ScriptEngine.runScriptAsRawText(ScriptEngine.java:119)
	at com.kms.katalon.core.main.TestCaseExecutor.runScript(TestCaseExecutor.java:448)
	at com.kms.katalon.core.main.TestCaseExecutor.doExecute(TestCaseExecutor.java:439)
	at com.kms.katalon.core.main.TestCaseExecutor.processExecutionPhase(TestCaseExecutor.java:418)
	at com.kms.katalon.core.main.TestCaseExecutor.accessMainPhase(TestCaseExecutor.java:410)
	at com.kms.katalon.core.main.TestCaseExecutor.execute(TestCaseExecutor.java:285)
	at com.kms.katalon.core.common.CommonExecutor.accessTestCaseMainPhase(CommonExecutor.java:65)
	at com.kms.katalon.core.main.TestSuiteExecutor.accessTestSuiteMainPhase(TestSuiteExecutor.java:148)
	at com.kms.katalon.core.main.TestSuiteExecutor.execute(TestSuiteExecutor.java:106)
	at com.kms.katalon.core.main.TestCaseMain.startTestSuite(TestCaseMain.java:187)
	at com.kms.katalon.core.main.TestCaseMain$startTestSuite$0.call(Unknown Source)
	at TempTestSuite1738842962897.run(TempTestSuite1738842962897.groovy:35)
Caused by: org.openqa.selenium.SessionNotCreatedException: session not created: This version of Microsoft Edge WebDriver only supports Microsoft Edge version 130
Current browser version is 132.0.2957.140 with binary path C:\Program Files (x86)\Microsoft\Edge\Application\msedge.exe
Build info: version: &amp;apos;3.141.59&amp;apos;, revision: &amp;apos;e82be7d358&amp;apos;, time: &amp;apos;2018-11-14T08:25:53&amp;apos;
System info: host: &amp;apos;DL0097&amp;apos;, ip: &amp;apos;10.136.10.15&amp;apos;, os.name: &amp;apos;Windows 10&amp;apos;, os.arch: &amp;apos;amd64&amp;apos;, os.version: &amp;apos;10.0&amp;apos;, java.version: &amp;apos;1.8.0_282&amp;apos;
Driver info: driver.version: CEdgeDriver
remote stacktrace: 	GetHandleVerifier [0x00BDA2F3+37491]
	Microsoft::Applications::Events::time_ticks_t::time_ticks_t [0x00A7CB76+734246]
	Microsoft::Applications::Events::ILogConfiguration::operator* [0x0085471A+3482]
	Microsoft::Applications::Events::GUID_t::GUID_t [0x0087DBFA+65914]
	Microsoft::Applications::Events::GUID_t::GUID_t [0x0087D194+63252]
	Microsoft::Applications::Events::GUID_t::GUID_t [0x0087A37B+51451]
	Microsoft::Applications::Events::GUID_t::GUID_t [0x008760C8+34376]
	Microsoft::Applications::Events::GUID_t::GUID_t [0x008A79F7+237431]
	Microsoft::Applications::Events::GUID_t::GUID_t [0x008A722C+235436]
	Microsoft::Applications::Events::GUID_t::GUID_t [0x0089E0C6+198214]
	Microsoft::Applications::Events::GUID_t::GUID_t [0x00880B2F+77999]
	Microsoft::Applications::Events::GUID_t::GUID_t [0x0087FB99+74009]
	Microsoft::Applications::Events::GUID_t::GUID_t [0x0088057D+76541]
	GetHandleVerifier [0x00C5203C+528316]
	Microsoft::Applications::Events::FromJSON [0x00DA5B8C+660764]
	Microsoft::Applications::Events::FromJSON [0x00DA5498+658984]
	Microsoft::Applications::Events::FromJSON [0x00D96354+597220]
	Microsoft::Applications::Events::FromJSON [0x00DA6307+662679]
	Microsoft::Applications::Events::time_ticks_t::time_ticks_t [0x00A92A0D+823997]
	Microsoft::Applications::Events::time_ticks_t::time_ticks_t [0x00A85C78+771368]
	Microsoft::Applications::Events::time_ticks_t::time_ticks_t [0x00A85E5A+771850]
	Microsoft::Applications::Events::time_ticks_t::time_ticks_t [0x00A6E885+676149]
	BaseThreadInitThunk [0x76987BA9+25]
	RtlInitializeExceptionChain [0x7768C0CB+107]
	RtlClearBits [0x7768C04F+191]

	at org.openqa.selenium.remote.W3CHandshakeResponse.lambda$errorHandler$0(W3CHandshakeResponse.java:62)
	at org.openqa.selenium.remote.HandshakeResponse.lambda$getResponseFunction$0(HandshakeResponse.java:30)
	at org.openqa.selenium.remote.ProtocolHandshake.lambda$createSession$0(ProtocolHandshake.java:126)
	at org.openqa.selenium.remote.ProtocolHandshake.createSession(ProtocolHandshake.java:128)
	at org.openqa.selenium.remote.ProtocolHandshake.createSession(ProtocolHandshake.java:74)
	at org.openqa.selenium.remote.HttpCommandExecutor.execute(HttpCommandExecutor.java:136)
	at org.openqa.selenium.remote.service.DriverCommandExecutor.execute(DriverCommandExecutor.java:83)
	at org.openqa.selenium.remote.RemoteWebDriver.execute(RemoteWebDriver.java:552)
	at com.kms.katalon.selenium.driver.CEdgeDriver.execute(CEdgeDriver.java:20)
	at org.openqa.selenium.remote.RemoteWebDriver.startSession(RemoteWebDriver.java:213)
	at org.openqa.selenium.remote.RemoteWebDriver.&amp;lt;init&amp;gt;(RemoteWebDriver.java:131)
	at org.openqa.selenium.edge.EdgeDriver.&amp;lt;init&amp;gt;(EdgeDriver.java:154)
	at com.kms.katalon.selenium.driver.CEdgeDriver.&amp;lt;init&amp;gt;(CEdgeDriver.java:14)
	at com.kms.katalon.core.webui.driver.DriverFactory.createNewEdgeChromiumDriver(DriverFactory.java:674)
	at com.kms.katalon.core.webui.driver.DriverFactory.startNewBrowser(DriverFactory.java:389)
	at com.kms.katalon.core.webui.driver.DriverFactory.openWebDriver(DriverFactory.java:263)
	at com.kms.katalon.core.webui.keyword.builtin.OpenBrowserKeyword$_openBrowser_closure1.doCall(OpenBrowserKeyword.groovy:74)
	at com.kms.katalon.core.webui.keyword.builtin.OpenBrowserKeyword$_openBrowser_closure1.call(OpenBrowserKeyword.groovy)
	at com.kms.katalon.core.webui.keyword.internal.WebUIKeywordMain.runKeyword(WebUIKeywordMain.groovy:20)
	at com.kms.katalon.core.webui.keyword.builtin.OpenBrowserKeyword.openBrowser(OpenBrowserKeyword.groovy:81)
	at com.kms.katalon.core.webui.keyword.builtin.OpenBrowserKeyword.execute(OpenBrowserKeyword.groovy:67)
	at com.kms.katalon.core.keyword.internal.KeywordExecutor.executeKeywordForPlatform(KeywordExecutor.groovy:74)
	at com.kms.katalon.core.webui.keyword.WebUiBuiltInKeywords.openBrowser(WebUiBuiltInKeywords.groovy:64)
	at com.kms.katalon.core.webui.keyword.WebUiBuiltInKeywords$openBrowser.call(Unknown Source)
	at Script1726224982168.run(Script1726224982168.groovy:20)
	at com.kms.katalon.core.main.ScriptEngine.run(ScriptEngine.java:194)
	at com.kms.katalon.core.main.ScriptEngine.runScriptAsRawText(ScriptEngine.java:119)
	at com.kms.katalon.core.main.TestCaseExecutor.runScript(TestCaseExecutor.java:448)
	at com.kms.katalon.core.main.TestCaseExecutor.doExecute(TestCaseExecutor.java:439)
	at com.kms.katalon.core.main.TestCaseExecutor.processExecutionPhase(TestCaseExecutor.java:418)
	at com.kms.katalon.core.main.TestCaseExecutor.accessMainPhase(TestCaseExecutor.java:410)
	at com.kms.katalon.core.main.TestCaseExecutor.execute(TestCaseExecutor.java:285)
	at com.kms.katalon.core.main.TestCaseMain.runTestCase(TestCaseMain.java:144)
	at com.kms.katalon.core.keyword.builtin.CallTestCaseKeyword$_callTestCase_closure1.doCall(CallTestCaseKeyword.groovy:59)
	at com.kms.katalon.core.keyword.builtin.CallTestCaseKeyword$_callTestCase_closure1.call(CallTestCaseKeyword.groovy)
	at com.kms.katalon.core.keyword.internal.KeywordMain.runKeyword(KeywordMain.groovy:75)
	at com.kms.katalon.core.keyword.builtin.CallTestCaseKeyword.callTestCase(CallTestCaseKeyword.groovy:81)
	at com.kms.katalon.core.keyword.builtin.CallTestCaseKeyword.execute(CallTestCaseKeyword.groovy:44)
	at com.kms.katalon.core.keyword.internal.KeywordExecutor.executeKeywordForPlatform(KeywordExecutor.groovy:74)
	at com.kms.katalon.core.keyword.BuiltinKeywords.callTestCase(BuiltinKeywords.groovy:310)
	at Script1726232808306.run(Script1726232808306.groovy:20)
	... 13 more
)</message>
  <nestedLevel>2</nestedLevel>
  <escapedJava>false</escapedJava>
  <property name="failed.exception.class">org.openqa.selenium.SessionNotCreatedException</property>
  <property name="failed.exception.stacktrace">org.openqa.selenium.SessionNotCreatedException: session not created: This version of Microsoft Edge WebDriver only supports Microsoft Edge version 130
Current browser version is 132.0.2957.140 with binary path C:\Program Files (x86)\Microsoft\Edge\Application\msedge.exe
Build info: version: &apos;3.141.59&apos;, revision: &apos;e82be7d358&apos;, time: &apos;2018-11-14T08:25:53&apos;
System info: host: &apos;DL0097&apos;, ip: &apos;10.136.10.15&apos;, os.name: &apos;Windows 10&apos;, os.arch: &apos;amd64&apos;, os.version: &apos;10.0&apos;, java.version: &apos;1.8.0_282&apos;
Driver info: driver.version: CEdgeDriver
remote stacktrace: 	GetHandleVerifier [0x00BDA2F3+37491]
	Microsoft::Applications::Events::time_ticks_t::time_ticks_t [0x00A7CB76+734246]
	Microsoft::Applications::Events::ILogConfiguration::operator* [0x0085471A+3482]
	Microsoft::Applications::Events::GUID_t::GUID_t [0x0087DBFA+65914]
	Microsoft::Applications::Events::GUID_t::GUID_t [0x0087D194+63252]
	Microsoft::Applications::Events::GUID_t::GUID_t [0x0087A37B+51451]
	Microsoft::Applications::Events::GUID_t::GUID_t [0x008760C8+34376]
	Microsoft::Applications::Events::GUID_t::GUID_t [0x008A79F7+237431]
	Microsoft::Applications::Events::GUID_t::GUID_t [0x008A722C+235436]
	Microsoft::Applications::Events::GUID_t::GUID_t [0x0089E0C6+198214]
	Microsoft::Applications::Events::GUID_t::GUID_t [0x00880B2F+77999]
	Microsoft::Applications::Events::GUID_t::GUID_t [0x0087FB99+74009]
	Microsoft::Applications::Events::GUID_t::GUID_t [0x0088057D+76541]
	GetHandleVerifier [0x00C5203C+528316]
	Microsoft::Applications::Events::FromJSON [0x00DA5B8C+660764]
	Microsoft::Applications::Events::FromJSON [0x00DA5498+658984]
	Microsoft::Applications::Events::FromJSON [0x00D96354+597220]
	Microsoft::Applications::Events::FromJSON [0x00DA6307+662679]
	Microsoft::Applications::Events::time_ticks_t::time_ticks_t [0x00A92A0D+823997]
	Microsoft::Applications::Events::time_ticks_t::time_ticks_t [0x00A85C78+771368]
	Microsoft::Applications::Events::time_ticks_t::time_ticks_t [0x00A85E5A+771850]
	Microsoft::Applications::Events::time_ticks_t::time_ticks_t [0x00A6E885+676149]
	BaseThreadInitThunk [0x76987BA9+25]
	RtlInitializeExceptionChain [0x7768C0CB+107]
	RtlClearBits [0x7768C04F+191]

	at org.openqa.selenium.remote.W3CHandshakeResponse.lambda$errorHandler$0(W3CHandshakeResponse.java:62)
	at org.openqa.selenium.remote.HandshakeResponse.lambda$getResponseFunction$0(HandshakeResponse.java:30)
	at org.openqa.selenium.remote.ProtocolHandshake.lambda$createSession$0(ProtocolHandshake.java:126)
	at org.openqa.selenium.remote.ProtocolHandshake.createSession(ProtocolHandshake.java:128)
	at org.openqa.selenium.remote.ProtocolHandshake.createSession(ProtocolHandshake.java:74)
	at org.openqa.selenium.remote.HttpCommandExecutor.execute(HttpCommandExecutor.java:136)
	at org.openqa.selenium.remote.service.DriverCommandExecutor.execute(DriverCommandExecutor.java:83)
	at org.openqa.selenium.remote.RemoteWebDriver.execute(RemoteWebDriver.java:552)
	at com.kms.katalon.selenium.driver.CEdgeDriver.execute(CEdgeDriver.java:20)
	at org.openqa.selenium.remote.RemoteWebDriver.startSession(RemoteWebDriver.java:213)
	at org.openqa.selenium.remote.RemoteWebDriver.&lt;init&gt;(RemoteWebDriver.java:131)
	at org.openqa.selenium.edge.EdgeDriver.&lt;init&gt;(EdgeDriver.java:154)
	at com.kms.katalon.selenium.driver.CEdgeDriver.&lt;init&gt;(CEdgeDriver.java:14)
	at com.kms.katalon.core.webui.driver.DriverFactory.createNewEdgeChromiumDriver(DriverFactory.java:674)
	at com.kms.katalon.core.webui.driver.DriverFactory.startNewBrowser(DriverFactory.java:389)
	at com.kms.katalon.core.webui.driver.DriverFactory.openWebDriver(DriverFactory.java:263)
	at com.kms.katalon.core.webui.keyword.builtin.OpenBrowserKeyword$_openBrowser_closure1.doCall(OpenBrowserKeyword.groovy:74)
	at com.kms.katalon.core.webui.keyword.builtin.OpenBrowserKeyword$_openBrowser_closure1.call(OpenBrowserKeyword.groovy)
	at com.kms.katalon.core.webui.keyword.internal.WebUIKeywordMain.runKeyword(WebUIKeywordMain.groovy:20)
	at com.kms.katalon.core.webui.keyword.builtin.OpenBrowserKeyword.openBrowser(OpenBrowserKeyword.groovy:81)
	at com.kms.katalon.core.webui.keyword.builtin.OpenBrowserKeyword.execute(OpenBrowserKeyword.groovy:67)
	at com.kms.katalon.core.keyword.internal.KeywordExecutor.executeKeywordForPlatform(KeywordExecutor.groovy:74)
	at com.kms.katalon.core.webui.keyword.WebUiBuiltInKeywords.openBrowser(WebUiBuiltInKeywords.groovy:64)
	at com.kms.katalon.core.webui.keyword.WebUiBuiltInKeywords$openBrowser.call(Unknown Source)
	at Principal-Home.run(Principal-Home:20)
	at com.kms.katalon.core.main.ScriptEngine.run(ScriptEngine.java:194)
	at com.kms.katalon.core.main.ScriptEngine.runScriptAsRawText(ScriptEngine.java:119)
	at com.kms.katalon.core.main.TestCaseExecutor.runScript(TestCaseExecutor.java:448)
	at com.kms.katalon.core.main.TestCaseExecutor.doExecute(TestCaseExecutor.java:439)
	at com.kms.katalon.core.main.TestCaseExecutor.processExecutionPhase(TestCaseExecutor.java:418)
	at com.kms.katalon.core.main.TestCaseExecutor.accessMainPhase(TestCaseExecutor.java:410)
	at com.kms.katalon.core.main.TestCaseExecutor.execute(TestCaseExecutor.java:285)
	at com.kms.katalon.core.main.TestCaseMain.runTestCase(TestCaseMain.java:144)
	at com.kms.katalon.core.keyword.builtin.CallTestCaseKeyword$_callTestCase_closure1.doCall(CallTestCaseKeyword.groovy:59)
	at com.kms.katalon.core.keyword.builtin.CallTestCaseKeyword$_callTestCase_closure1.call(CallTestCaseKeyword.groovy)
	at com.kms.katalon.core.keyword.internal.KeywordMain.runKeyword(KeywordMain.groovy:75)
	at com.kms.katalon.core.keyword.builtin.CallTestCaseKeyword.callTestCase(CallTestCaseKeyword.groovy:81)
	at com.kms.katalon.core.keyword.builtin.CallTestCaseKeyword.execute(CallTestCaseKeyword.groovy:44)
	at com.kms.katalon.core.keyword.internal.KeywordExecutor.executeKeywordForPlatform(KeywordExecutor.groovy:74)
	at com.kms.katalon.core.keyword.BuiltinKeywords.callTestCase(BuiltinKeywords.groovy:310)
	at 2. Dirección callao.run(2. Dirección callao:20)
	at com.kms.katalon.core.main.ScriptEngine.run(ScriptEngine.java:194)
	at com.kms.katalon.core.main.ScriptEngine.runScriptAsRawText(ScriptEngine.java:119)
	at com.kms.katalon.core.main.TestCaseExecutor.runScript(TestCaseExecutor.java:448)
	at com.kms.katalon.core.main.TestCaseExecutor.doExecute(TestCaseExecutor.java:439)
	at com.kms.katalon.core.main.TestCaseExecutor.processExecutionPhase(TestCaseExecutor.java:418)
	at com.kms.katalon.core.main.TestCaseExecutor.accessMainPhase(TestCaseExecutor.java:410)
	at com.kms.katalon.core.main.TestCaseExecutor.execute(TestCaseExecutor.java:285)
	at com.kms.katalon.core.common.CommonExecutor.accessTestCaseMainPhase(CommonExecutor.java:65)
	at com.kms.katalon.core.main.TestSuiteExecutor.accessTestSuiteMainPhase(TestSuiteExecutor.java:148)
	at com.kms.katalon.core.main.TestSuiteExecutor.execute(TestSuiteExecutor.java:106)
	at com.kms.katalon.core.main.TestCaseMain.startTestSuite(TestCaseMain.java:187)
	at com.kms.katalon.core.main.TestCaseMain$startTestSuite$0.call(Unknown Source)
	at TempTestSuite1738842962897.run(TempTestSuite1738842962897.groovy:35)
</property>
  <property name="failed.exception.message">session not created: This version of Microsoft Edge WebDriver only supports Microsoft Edge version 130
Current browser version is 132.0.2957.140 with binary path C:\Program Files (x86)\Microsoft\Edge\Application\msedge.exe
Build info: version: &apos;3.141.59&apos;, revision: &apos;e82be7d358&apos;, time: &apos;2018-11-14T08:25:53&apos;
System info: host: &apos;DL0097&apos;, ip: &apos;10.136.10.15&apos;, os.name: &apos;Windows 10&apos;, os.arch: &apos;amd64&apos;, os.version: &apos;10.0&apos;, java.version: &apos;1.8.0_282&apos;
Driver info: driver.version: CEdgeDriver
remote stacktrace: 	GetHandleVerifier [0x00BDA2F3+37491]
	Microsoft::Applications::Events::time_ticks_t::time_ticks_t [0x00A7CB76+734246]
	Microsoft::Applications::Events::ILogConfiguration::operator* [0x0085471A+3482]
	Microsoft::Applications::Events::GUID_t::GUID_t [0x0087DBFA+65914]
	Microsoft::Applications::Events::GUID_t::GUID_t [0x0087D194+63252]
	Microsoft::Applications::Events::GUID_t::GUID_t [0x0087A37B+51451]
	Microsoft::Applications::Events::GUID_t::GUID_t [0x008760C8+34376]
	Microsoft::Applications::Events::GUID_t::GUID_t [0x008A79F7+237431]
	Microsoft::Applications::Events::GUID_t::GUID_t [0x008A722C+235436]
	Microsoft::Applications::Events::GUID_t::GUID_t [0x0089E0C6+198214]
	Microsoft::Applications::Events::GUID_t::GUID_t [0x00880B2F+77999]
	Microsoft::Applications::Events::GUID_t::GUID_t [0x0087FB99+74009]
	Microsoft::Applications::Events::GUID_t::GUID_t [0x0088057D+76541]
	GetHandleVerifier [0x00C5203C+528316]
	Microsoft::Applications::Events::FromJSON [0x00DA5B8C+660764]
	Microsoft::Applications::Events::FromJSON [0x00DA5498+658984]
	Microsoft::Applications::Events::FromJSON [0x00D96354+597220]
	Microsoft::Applications::Events::FromJSON [0x00DA6307+662679]
	Microsoft::Applications::Events::time_ticks_t::time_ticks_t [0x00A92A0D+823997]
	Microsoft::Applications::Events::time_ticks_t::time_ticks_t [0x00A85C78+771368]
	Microsoft::Applications::Events::time_ticks_t::time_ticks_t [0x00A85E5A+771850]
	Microsoft::Applications::Events::time_ticks_t::time_ticks_t [0x00A6E885+676149]
	BaseThreadInitThunk [0x76987BA9+25]
	RtlInitializeExceptionChain [0x7768C0CB+107]
	RtlClearBits [0x7768C04F+191]
</property>
</record>
<record>
  <date>2025-02-06T06:56:16</date>
  <millis>1738842976746</millis>
  <sequence>179</sequence>
  <level>END</level>
  <class>com.kms.katalon.core.logging.XmlKeywordLogger</class>
  <method>endKeyword</method>
  <thread>1</thread>
  <message>End action : openBrowser(&amp;quot;&amp;quot;)</message>
  <nestedLevel>1</nestedLevel>
  <escapedJava>false</escapedJava>
</record>
<record>
  <date>2025-02-06T06:56:16</date>
  <millis>1738842976746</millis>
  <sequence>182</sequence>
  <level>FAILED</level>
  <class>com.kms.katalon.core.logging.XmlKeywordLogger</class>
  <method>logMessage</method>
  <thread>1</thread>
  <message>Test Cases/Registro_Envíos/1.Inicio/1.Principal/Principal-Home FAILED.
Reason:
com.kms.katalon.core.exception.StepFailedException: Unable to open browser with url: &amp;apos;&amp;apos;
	at com.kms.katalon.core.webui.keyword.internal.WebUIKeywordMain.stepFailed(WebUIKeywordMain.groovy:64)
	at com.kms.katalon.core.webui.keyword.internal.WebUIKeywordMain.runKeyword(WebUIKeywordMain.groovy:26)
	at com.kms.katalon.core.webui.keyword.builtin.OpenBrowserKeyword.openBrowser(OpenBrowserKeyword.groovy:81)
	at com.kms.katalon.core.webui.keyword.builtin.OpenBrowserKeyword.execute(OpenBrowserKeyword.groovy:67)
	at com.kms.katalon.core.keyword.internal.KeywordExecutor.executeKeywordForPlatform(KeywordExecutor.groovy:74)
	at com.kms.katalon.core.webui.keyword.WebUiBuiltInKeywords.openBrowser(WebUiBuiltInKeywords.groovy:64)
	at com.kms.katalon.core.webui.keyword.WebUiBuiltInKeywords$openBrowser.call(Unknown Source)
	at Principal-Home.run(Principal-Home:20)
	at com.kms.katalon.core.main.ScriptEngine.run(ScriptEngine.java:194)
	at com.kms.katalon.core.main.ScriptEngine.runScriptAsRawText(ScriptEngine.java:119)
	at com.kms.katalon.core.main.TestCaseExecutor.runScript(TestCaseExecutor.java:448)
	at com.kms.katalon.core.main.TestCaseExecutor.doExecute(TestCaseExecutor.java:439)
	at com.kms.katalon.core.main.TestCaseExecutor.processExecutionPhase(TestCaseExecutor.java:418)
	at com.kms.katalon.core.main.TestCaseExecutor.accessMainPhase(TestCaseExecutor.java:410)
	at com.kms.katalon.core.main.TestCaseExecutor.execute(TestCaseExecutor.java:285)
	at com.kms.katalon.core.main.TestCaseMain.runTestCase(TestCaseMain.java:144)
	at com.kms.katalon.core.keyword.builtin.CallTestCaseKeyword$_callTestCase_closure1.doCall(CallTestCaseKeyword.groovy:59)
	at com.kms.katalon.core.keyword.builtin.CallTestCaseKeyword$_callTestCase_closure1.call(CallTestCaseKeyword.groovy)
	at com.kms.katalon.core.keyword.internal.KeywordMain.runKeyword(KeywordMain.groovy:75)
	at com.kms.katalon.core.keyword.builtin.CallTestCaseKeyword.callTestCase(CallTestCaseKeyword.groovy:81)
	at com.kms.katalon.core.keyword.builtin.CallTestCaseKeyword.execute(CallTestCaseKeyword.groovy:44)
	at com.kms.katalon.core.keyword.internal.KeywordExecutor.executeKeywordForPlatform(KeywordExecutor.groovy:74)
	at com.kms.katalon.core.keyword.BuiltinKeywords.callTestCase(BuiltinKeywords.groovy:310)
	at 2. Dirección callao.run(2. Dirección callao:20)
	at com.kms.katalon.core.main.ScriptEngine.run(ScriptEngine.java:194)
	at com.kms.katalon.core.main.ScriptEngine.runScriptAsRawText(ScriptEngine.java:119)
	at com.kms.katalon.core.main.TestCaseExecutor.runScript(TestCaseExecutor.java:448)
	at com.kms.katalon.core.main.TestCaseExecutor.doExecute(TestCaseExecutor.java:439)
	at com.kms.katalon.core.main.TestCaseExecutor.processExecutionPhase(TestCaseExecutor.java:418)
	at com.kms.katalon.core.main.TestCaseExecutor.accessMainPhase(TestCaseExecutor.java:410)
	at com.kms.katalon.core.main.TestCaseExecutor.execute(TestCaseExecutor.java:285)
	at com.kms.katalon.core.common.CommonExecutor.accessTestCaseMainPhase(CommonExecutor.java:65)
	at com.kms.katalon.core.main.TestSuiteExecutor.accessTestSuiteMainPhase(TestSuiteExecutor.java:148)
	at com.kms.katalon.core.main.TestSuiteExecutor.execute(TestSuiteExecutor.java:106)
	at com.kms.katalon.core.main.TestCaseMain.startTestSuite(TestCaseMain.java:187)
	at com.kms.katalon.core.main.TestCaseMain$startTestSuite$0.call(Unknown Source)
	at TempTestSuite1738842962897.run(TempTestSuite1738842962897.groovy:35)
Caused by: org.openqa.selenium.SessionNotCreatedException: session not created: This version of Microsoft Edge WebDriver only supports Microsoft Edge version 130
Current browser version is 132.0.2957.140 with binary path C:\Program Files (x86)\Microsoft\Edge\Application\msedge.exe
Build info: version: &amp;apos;3.141.59&amp;apos;, revision: &amp;apos;e82be7d358&amp;apos;, time: &amp;apos;2018-11-14T08:25:53&amp;apos;
System info: host: &amp;apos;DL0097&amp;apos;, ip: &amp;apos;10.136.10.15&amp;apos;, os.name: &amp;apos;Windows 10&amp;apos;, os.arch: &amp;apos;amd64&amp;apos;, os.version: &amp;apos;10.0&amp;apos;, java.version: &amp;apos;1.8.0_282&amp;apos;
Driver info: driver.version: CEdgeDriver
remote stacktrace: 	GetHandleVerifier [0x00BDA2F3+37491]
	Microsoft::Applications::Events::time_ticks_t::time_ticks_t [0x00A7CB76+734246]
	Microsoft::Applications::Events::ILogConfiguration::operator* [0x0085471A+3482]
	Microsoft::Applications::Events::GUID_t::GUID_t [0x0087DBFA+65914]
	Microsoft::Applications::Events::GUID_t::GUID_t [0x0087D194+63252]
	Microsoft::Applications::Events::GUID_t::GUID_t [0x0087A37B+51451]
	Microsoft::Applications::Events::GUID_t::GUID_t [0x008760C8+34376]
	Microsoft::Applications::Events::GUID_t::GUID_t [0x008A79F7+237431]
	Microsoft::Applications::Events::GUID_t::GUID_t [0x008A722C+235436]
	Microsoft::Applications::Events::GUID_t::GUID_t [0x0089E0C6+198214]
	Microsoft::Applications::Events::GUID_t::GUID_t [0x00880B2F+77999]
	Microsoft::Applications::Events::GUID_t::GUID_t [0x0087FB99+74009]
	Microsoft::Applications::Events::GUID_t::GUID_t [0x0088057D+76541]
	GetHandleVerifier [0x00C5203C+528316]
	Microsoft::Applications::Events::FromJSON [0x00DA5B8C+660764]
	Microsoft::Applications::Events::FromJSON [0x00DA5498+658984]
	Microsoft::Applications::Events::FromJSON [0x00D96354+597220]
	Microsoft::Applications::Events::FromJSON [0x00DA6307+662679]
	Microsoft::Applications::Events::time_ticks_t::time_ticks_t [0x00A92A0D+823997]
	Microsoft::Applications::Events::time_ticks_t::time_ticks_t [0x00A85C78+771368]
	Microsoft::Applications::Events::time_ticks_t::time_ticks_t [0x00A85E5A+771850]
	Microsoft::Applications::Events::time_ticks_t::time_ticks_t [0x00A6E885+676149]
	BaseThreadInitThunk [0x76987BA9+25]
	RtlInitializeExceptionChain [0x7768C0CB+107]
	RtlClearBits [0x7768C04F+191]

	at org.openqa.selenium.remote.W3CHandshakeResponse.lambda$errorHandler$0(W3CHandshakeResponse.java:62)
	at org.openqa.selenium.remote.HandshakeResponse.lambda$getResponseFunction$0(HandshakeResponse.java:30)
	at org.openqa.selenium.remote.ProtocolHandshake.lambda$createSession$0(ProtocolHandshake.java:126)
	at org.openqa.selenium.remote.ProtocolHandshake.createSession(ProtocolHandshake.java:128)
	at org.openqa.selenium.remote.ProtocolHandshake.createSession(ProtocolHandshake.java:74)
	at org.openqa.selenium.remote.HttpCommandExecutor.execute(HttpCommandExecutor.java:136)
	at org.openqa.selenium.remote.service.DriverCommandExecutor.execute(DriverCommandExecutor.java:83)
	at org.openqa.selenium.remote.RemoteWebDriver.execute(RemoteWebDriver.java:552)
	at com.kms.katalon.selenium.driver.CEdgeDriver.execute(CEdgeDriver.java:20)
	at org.openqa.selenium.remote.RemoteWebDriver.startSession(RemoteWebDriver.java:213)
	at org.openqa.selenium.remote.RemoteWebDriver.&amp;lt;init&amp;gt;(RemoteWebDriver.java:131)
	at org.openqa.selenium.edge.EdgeDriver.&amp;lt;init&amp;gt;(EdgeDriver.java:154)
	at com.kms.katalon.selenium.driver.CEdgeDriver.&amp;lt;init&amp;gt;(CEdgeDriver.java:14)
	at com.kms.katalon.core.webui.driver.DriverFactory.createNewEdgeChromiumDriver(DriverFactory.java:674)
	at com.kms.katalon.core.webui.driver.DriverFactory.startNewBrowser(DriverFactory.java:389)
	at com.kms.katalon.core.webui.driver.DriverFactory.openWebDriver(DriverFactory.java:263)
	at com.kms.katalon.core.webui.keyword.builtin.OpenBrowserKeyword$_openBrowser_closure1.doCall(OpenBrowserKeyword.groovy:74)
	at com.kms.katalon.core.webui.keyword.builtin.OpenBrowserKeyword$_openBrowser_closure1.call(OpenBrowserKeyword.groovy)
	at com.kms.katalon.core.webui.keyword.internal.WebUIKeywordMain.runKeyword(WebUIKeywordMain.groovy:20)
	... 35 more
</message>
  <exception>
    <message>com.kms.katalon.core.exception.StepFailedException: Unable to open browser with url: ''</message>
    <frame>
      <class>com.kms.katalon.core.webui.keyword.internal.WebUIKeywordMain</class>
      <method>stepFailed</method>
      <line>64</line>
    </frame>
    <frame>
      <class>com.kms.katalon.core.webui.keyword.internal.WebUIKeywordMain</class>
      <method>runKeyword</method>
      <line>26</line>
    </frame>
    <frame>
      <class>com.kms.katalon.core.webui.keyword.builtin.OpenBrowserKeyword</class>
      <method>openBrowser</method>
      <line>81</line>
    </frame>
    <frame>
      <class>com.kms.katalon.core.webui.keyword.builtin.OpenBrowserKeyword</class>
      <method>execute</method>
      <line>67</line>
    </frame>
    <frame>
      <class>com.kms.katalon.core.keyword.internal.KeywordExecutor</class>
      <method>executeKeywordForPlatform</method>
      <line>74</line>
    </frame>
    <frame>
      <class>com.kms.katalon.core.webui.keyword.WebUiBuiltInKeywords</class>
      <method>openBrowser</method>
      <line>64</line>
    </frame>
    <frame>
      <class>com.kms.katalon.core.webui.keyword.WebUiBuiltInKeywords$openBrowser</class>
      <method>call</method>
    </frame>
    <frame>
      <class>Principal-Home</class>
      <method>run</method>
      <line>20</line>
    </frame>
    <frame>
      <class>com.kms.katalon.core.main.ScriptEngine</class>
      <method>run</method>
      <line>194</line>
    </frame>
    <frame>
      <class>com.kms.katalon.core.main.ScriptEngine</class>
      <method>runScriptAsRawText</method>
      <line>119</line>
    </frame>
    <frame>
      <class>com.kms.katalon.core.main.TestCaseExecutor</class>
      <method>runScript</method>
      <line>448</line>
    </frame>
    <frame>
      <class>com.kms.katalon.core.main.TestCaseExecutor</class>
      <method>doExecute</method>
      <line>439</line>
    </frame>
    <frame>
      <class>com.kms.katalon.core.main.TestCaseExecutor</class>
      <method>processExecutionPhase</method>
      <line>418</line>
    </frame>
    <frame>
      <class>com.kms.katalon.core.main.TestCaseExecutor</class>
      <method>accessMainPhase</method>
      <line>410</line>
    </frame>
    <frame>
      <class>com.kms.katalon.core.main.TestCaseExecutor</class>
      <method>execute</method>
      <line>285</line>
    </frame>
    <frame>
      <class>com.kms.katalon.core.main.TestCaseMain</class>
      <method>runTestCase</method>
      <line>144</line>
    </frame>
    <frame>
      <class>com.kms.katalon.core.keyword.builtin.CallTestCaseKeyword$_callTestCase_closure1</class>
      <method>doCall</method>
      <line>59</line>
    </frame>
    <frame>
      <class>com.kms.katalon.core.keyword.builtin.CallTestCaseKeyword$_callTestCase_closure1</class>
      <method>call</method>
    </frame>
    <frame>
      <class>com.kms.katalon.core.keyword.internal.KeywordMain</class>
      <method>runKeyword</method>
      <line>75</line>
    </frame>
    <frame>
      <class>com.kms.katalon.core.keyword.builtin.CallTestCaseKeyword</class>
      <method>callTestCase</method>
      <line>81</line>
    </frame>
    <frame>
      <class>com.kms.katalon.core.keyword.builtin.CallTestCaseKeyword</class>
      <method>execute</method>
      <line>44</line>
    </frame>
    <frame>
      <class>com.kms.katalon.core.keyword.internal.KeywordExecutor</class>
      <method>executeKeywordForPlatform</method>
      <line>74</line>
    </frame>
    <frame>
      <class>com.kms.katalon.core.keyword.BuiltinKeywords</class>
      <method>callTestCase</method>
      <line>310</line>
    </frame>
    <frame>
      <class>2. Dirección callao</class>
      <method>run</method>
      <line>20</line>
    </frame>
    <frame>
      <class>com.kms.katalon.core.main.ScriptEngine</class>
      <method>run</method>
      <line>194</line>
    </frame>
    <frame>
      <class>com.kms.katalon.core.main.ScriptEngine</class>
      <method>runScriptAsRawText</method>
      <line>119</line>
    </frame>
    <frame>
      <class>com.kms.katalon.core.main.TestCaseExecutor</class>
      <method>runScript</method>
      <line>448</line>
    </frame>
    <frame>
      <class>com.kms.katalon.core.main.TestCaseExecutor</class>
      <method>doExecute</method>
      <line>439</line>
    </frame>
    <frame>
      <class>com.kms.katalon.core.main.TestCaseExecutor</class>
      <method>processExecutionPhase</method>
      <line>418</line>
    </frame>
    <frame>
      <class>com.kms.katalon.core.main.TestCaseExecutor</class>
      <method>accessMainPhase</method>
      <line>410</line>
    </frame>
    <frame>
      <class>com.kms.katalon.core.main.TestCaseExecutor</class>
      <method>execute</method>
      <line>285</line>
    </frame>
    <frame>
      <class>com.kms.katalon.core.common.CommonExecutor</class>
      <method>accessTestCaseMainPhase</method>
      <line>65</line>
    </frame>
    <frame>
      <class>com.kms.katalon.core.main.TestSuiteExecutor</class>
      <method>accessTestSuiteMainPhase</method>
      <line>148</line>
    </frame>
    <frame>
      <class>com.kms.katalon.core.main.TestSuiteExecutor</class>
      <method>execute</method>
      <line>106</line>
    </frame>
    <frame>
      <class>com.kms.katalon.core.main.TestCaseMain</class>
      <method>startTestSuite</method>
      <line>187</line>
    </frame>
    <frame>
      <class>com.kms.katalon.core.main.TestCaseMain$startTestSuite$0</class>
      <method>call</method>
    </frame>
    <frame>
      <class>TempTestSuite1738842962897</class>
      <method>run</method>
      <line>35</line>
    </frame>
  </exception>
  <nestedLevel>0</nestedLevel>
  <escapedJava>false</escapedJava>
  <property name="failed.exception.stacktrace">org.openqa.selenium.SessionNotCreatedException: session not created: This version of Microsoft Edge WebDriver only supports Microsoft Edge version 130
Current browser version is 132.0.2957.140 with binary path C:\Program Files (x86)\Microsoft\Edge\Application\msedge.exe
Build info: version: &apos;3.141.59&apos;, revision: &apos;e82be7d358&apos;, time: &apos;2018-11-14T08:25:53&apos;
System info: host: &apos;DL0097&apos;, ip: &apos;10.136.10.15&apos;, os.name: &apos;Windows 10&apos;, os.arch: &apos;amd64&apos;, os.version: &apos;10.0&apos;, java.version: &apos;1.8.0_282&apos;
Driver info: driver.version: CEdgeDriver
remote stacktrace: 	GetHandleVerifier [0x00BDA2F3+37491]
	Microsoft::Applications::Events::time_ticks_t::time_ticks_t [0x00A7CB76+734246]
	Microsoft::Applications::Events::ILogConfiguration::operator* [0x0085471A+3482]
	Microsoft::Applications::Events::GUID_t::GUID_t [0x0087DBFA+65914]
	Microsoft::Applications::Events::GUID_t::GUID_t [0x0087D194+63252]
	Microsoft::Applications::Events::GUID_t::GUID_t [0x0087A37B+51451]
	Microsoft::Applications::Events::GUID_t::GUID_t [0x008760C8+34376]
	Microsoft::Applications::Events::GUID_t::GUID_t [0x008A79F7+237431]
	Microsoft::Applications::Events::GUID_t::GUID_t [0x008A722C+235436]
	Microsoft::Applications::Events::GUID_t::GUID_t [0x0089E0C6+198214]
	Microsoft::Applications::Events::GUID_t::GUID_t [0x00880B2F+77999]
	Microsoft::Applications::Events::GUID_t::GUID_t [0x0087FB99+74009]
	Microsoft::Applications::Events::GUID_t::GUID_t [0x0088057D+76541]
	GetHandleVerifier [0x00C5203C+528316]
	Microsoft::Applications::Events::FromJSON [0x00DA5B8C+660764]
	Microsoft::Applications::Events::FromJSON [0x00DA5498+658984]
	Microsoft::Applications::Events::FromJSON [0x00D96354+597220]
	Microsoft::Applications::Events::FromJSON [0x00DA6307+662679]
	Microsoft::Applications::Events::time_ticks_t::time_ticks_t [0x00A92A0D+823997]
	Microsoft::Applications::Events::time_ticks_t::time_ticks_t [0x00A85C78+771368]
	Microsoft::Applications::Events::time_ticks_t::time_ticks_t [0x00A85E5A+771850]
	Microsoft::Applications::Events::time_ticks_t::time_ticks_t [0x00A6E885+676149]
	BaseThreadInitThunk [0x76987BA9+25]
	RtlInitializeExceptionChain [0x7768C0CB+107]
	RtlClearBits [0x7768C04F+191]

	at org.openqa.selenium.remote.W3CHandshakeResponse.lambda$errorHandler$0(W3CHandshakeResponse.java:62)
	at org.openqa.selenium.remote.HandshakeResponse.lambda$getResponseFunction$0(HandshakeResponse.java:30)
	at org.openqa.selenium.remote.ProtocolHandshake.lambda$createSession$0(ProtocolHandshake.java:126)
	at org.openqa.selenium.remote.ProtocolHandshake.createSession(ProtocolHandshake.java:128)
	at org.openqa.selenium.remote.ProtocolHandshake.createSession(ProtocolHandshake.java:74)
	at org.openqa.selenium.remote.HttpCommandExecutor.execute(HttpCommandExecutor.java:136)
	at org.openqa.selenium.remote.service.DriverCommandExecutor.execute(DriverCommandExecutor.java:83)
	at org.openqa.selenium.remote.RemoteWebDriver.execute(RemoteWebDriver.java:552)
	at com.kms.katalon.selenium.driver.CEdgeDriver.execute(CEdgeDriver.java:20)
	at org.openqa.selenium.remote.RemoteWebDriver.startSession(RemoteWebDriver.java:213)
	at org.openqa.selenium.remote.RemoteWebDriver.&lt;init&gt;(RemoteWebDriver.java:131)
	at org.openqa.selenium.edge.EdgeDriver.&lt;init&gt;(EdgeDriver.java:154)
	at com.kms.katalon.selenium.driver.CEdgeDriver.&lt;init&gt;(CEdgeDriver.java:14)
	at com.kms.katalon.core.webui.driver.DriverFactory.createNewEdgeChromiumDriver(DriverFactory.java:674)
	at com.kms.katalon.core.webui.driver.DriverFactory.startNewBrowser(DriverFactory.java:389)
	at com.kms.katalon.core.webui.driver.DriverFactory.openWebDriver(DriverFactory.java:263)
	at com.kms.katalon.core.webui.keyword.builtin.OpenBrowserKeyword$_openBrowser_closure1.doCall(OpenBrowserKeyword.groovy:74)
	at com.kms.katalon.core.webui.keyword.builtin.OpenBrowserKeyword$_openBrowser_closure1.call(OpenBrowserKeyword.groovy)
	at com.kms.katalon.core.webui.keyword.internal.WebUIKeywordMain.runKeyword(WebUIKeywordMain.groovy:20)
	at com.kms.katalon.core.webui.keyword.builtin.OpenBrowserKeyword.openBrowser(OpenBrowserKeyword.groovy:81)
	at com.kms.katalon.core.webui.keyword.builtin.OpenBrowserKeyword.execute(OpenBrowserKeyword.groovy:67)
	at com.kms.katalon.core.keyword.internal.KeywordExecutor.executeKeywordForPlatform(KeywordExecutor.groovy:74)
	at com.kms.katalon.core.webui.keyword.WebUiBuiltInKeywords.openBrowser(WebUiBuiltInKeywords.groovy:64)
	at com.kms.katalon.core.webui.keyword.WebUiBuiltInKeywords$openBrowser.call(Unknown Source)
	at Principal-Home.run(Principal-Home:20)
	at com.kms.katalon.core.main.ScriptEngine.run(ScriptEngine.java:194)
	at com.kms.katalon.core.main.ScriptEngine.runScriptAsRawText(ScriptEngine.java:119)
	at com.kms.katalon.core.main.TestCaseExecutor.runScript(TestCaseExecutor.java:448)
	at com.kms.katalon.core.main.TestCaseExecutor.doExecute(TestCaseExecutor.java:439)
	at com.kms.katalon.core.main.TestCaseExecutor.processExecutionPhase(TestCaseExecutor.java:418)
	at com.kms.katalon.core.main.TestCaseExecutor.accessMainPhase(TestCaseExecutor.java:410)
	at com.kms.katalon.core.main.TestCaseExecutor.execute(TestCaseExecutor.java:285)
	at com.kms.katalon.core.main.TestCaseMain.runTestCase(TestCaseMain.java:144)
	at com.kms.katalon.core.keyword.builtin.CallTestCaseKeyword$_callTestCase_closure1.doCall(CallTestCaseKeyword.groovy:59)
	at com.kms.katalon.core.keyword.builtin.CallTestCaseKeyword$_callTestCase_closure1.call(CallTestCaseKeyword.groovy)
	at com.kms.katalon.core.keyword.internal.KeywordMain.runKeyword(KeywordMain.groovy:75)
	at com.kms.katalon.core.keyword.builtin.CallTestCaseKeyword.callTestCase(CallTestCaseKeyword.groovy:81)
	at com.kms.katalon.core.keyword.builtin.CallTestCaseKeyword.execute(CallTestCaseKeyword.groovy:44)
	at com.kms.katalon.core.keyword.internal.KeywordExecutor.executeKeywordForPlatform(KeywordExecutor.groovy:74)
	at com.kms.katalon.core.keyword.BuiltinKeywords.callTestCase(BuiltinKeywords.groovy:310)
	at 2. Dirección callao.run(2. Dirección callao:20)
	at com.kms.katalon.core.main.ScriptEngine.run(ScriptEngine.java:194)
	at com.kms.katalon.core.main.ScriptEngine.runScriptAsRawText(ScriptEngine.java:119)
	at com.kms.katalon.core.main.TestCaseExecutor.runScript(TestCaseExecutor.java:448)
	at com.kms.katalon.core.main.TestCaseExecutor.doExecute(TestCaseExecutor.java:439)
	at com.kms.katalon.core.main.TestCaseExecutor.processExecutionPhase(TestCaseExecutor.java:418)
	at com.kms.katalon.core.main.TestCaseExecutor.accessMainPhase(TestCaseExecutor.java:410)
	at com.kms.katalon.core.main.TestCaseExecutor.execute(TestCaseExecutor.java:285)
	at com.kms.katalon.core.common.CommonExecutor.accessTestCaseMainPhase(CommonExecutor.java:65)
	at com.kms.katalon.core.main.TestSuiteExecutor.accessTestSuiteMainPhase(TestSuiteExecutor.java:148)
	at com.kms.katalon.core.main.TestSuiteExecutor.execute(TestSuiteExecutor.java:106)
	at com.kms.katalon.core.main.TestCaseMain.startTestSuite(TestCaseMain.java:187)
	at com.kms.katalon.core.main.TestCaseMain$startTestSuite$0.call(Unknown Source)
	at TempTestSuite1738842962897.run(TempTestSuite1738842962897.groovy:35)
</property>
  <property name="failed.exception.class">org.openqa.selenium.SessionNotCreatedException</property>
  <property name="failed.exception.message">session not created: This version of Microsoft Edge WebDriver only supports Microsoft Edge version 130
Current browser version is 132.0.2957.140 with binary path C:\Program Files (x86)\Microsoft\Edge\Application\msedge.exe
Build info: version: &apos;3.141.59&apos;, revision: &apos;e82be7d358&apos;, time: &apos;2018-11-14T08:25:53&apos;
System info: host: &apos;DL0097&apos;, ip: &apos;10.136.10.15&apos;, os.name: &apos;Windows 10&apos;, os.arch: &apos;amd64&apos;, os.version: &apos;10.0&apos;, java.version: &apos;1.8.0_282&apos;
Driver info: driver.version: CEdgeDriver
remote stacktrace: 	GetHandleVerifier [0x00BDA2F3+37491]
	Microsoft::Applications::Events::time_ticks_t::time_ticks_t [0x00A7CB76+734246]
	Microsoft::Applications::Events::ILogConfiguration::operator* [0x0085471A+3482]
	Microsoft::Applications::Events::GUID_t::GUID_t [0x0087DBFA+65914]
	Microsoft::Applications::Events::GUID_t::GUID_t [0x0087D194+63252]
	Microsoft::Applications::Events::GUID_t::GUID_t [0x0087A37B+51451]
	Microsoft::Applications::Events::GUID_t::GUID_t [0x008760C8+34376]
	Microsoft::Applications::Events::GUID_t::GUID_t [0x008A79F7+237431]
	Microsoft::Applications::Events::GUID_t::GUID_t [0x008A722C+235436]
	Microsoft::Applications::Events::GUID_t::GUID_t [0x0089E0C6+198214]
	Microsoft::Applications::Events::GUID_t::GUID_t [0x00880B2F+77999]
	Microsoft::Applications::Events::GUID_t::GUID_t [0x0087FB99+74009]
	Microsoft::Applications::Events::GUID_t::GUID_t [0x0088057D+76541]
	GetHandleVerifier [0x00C5203C+528316]
	Microsoft::Applications::Events::FromJSON [0x00DA5B8C+660764]
	Microsoft::Applications::Events::FromJSON [0x00DA5498+658984]
	Microsoft::Applications::Events::FromJSON [0x00D96354+597220]
	Microsoft::Applications::Events::FromJSON [0x00DA6307+662679]
	Microsoft::Applications::Events::time_ticks_t::time_ticks_t [0x00A92A0D+823997]
	Microsoft::Applications::Events::time_ticks_t::time_ticks_t [0x00A85C78+771368]
	Microsoft::Applications::Events::time_ticks_t::time_ticks_t [0x00A85E5A+771850]
	Microsoft::Applications::Events::time_ticks_t::time_ticks_t [0x00A6E885+676149]
	BaseThreadInitThunk [0x76987BA9+25]
	RtlInitializeExceptionChain [0x7768C0CB+107]
	RtlClearBits [0x7768C04F+191]
</property>
</record>
<record>
  <date>2025-02-06T06:56:16</date>
  <millis>1738842976750</millis>
  <sequence>184</sequence>
  <level>END</level>
  <class>com.kms.katalon.core.logging.XmlKeywordLogger</class>
  <method>endTest</method>
  <thread>1</thread>
  <message>End Test Case : Test Cases/Registro_Envíos/1.Inicio/1.Principal/Principal-Home</message>
  <nestedLevel>1</nestedLevel>
  <escapedJava>false</escapedJava>
</record>
<record>
  <date>2025-02-06T06:56:16</date>
  <millis>1738842976752</millis>
  <sequence>189</sequence>
  <level>FAILED</level>
  <class>com.kms.katalon.core.logging.XmlKeywordLogger</class>
  <method>logMessage</method>
  <thread>1</thread>
  <message>Unable to call Test Case &amp;apos;Test Cases/Registro_Envíos/1.Inicio/1.Principal/Principal-Home&amp;apos; (Root cause: com.kms.katalon.core.exception.StepFailedException: Call Test Case &amp;apos;Test Cases/Registro_Envíos/1.Inicio/1.Principal/Principal-Home&amp;apos; failed
	at com.kms.katalon.core.keyword.builtin.CallTestCaseKeyword$_callTestCase_closure1.doCall(CallTestCaseKeyword.groovy:63)
	at com.kms.katalon.core.keyword.builtin.CallTestCaseKeyword$_callTestCase_closure1.call(CallTestCaseKeyword.groovy)
	at com.kms.katalon.core.keyword.internal.KeywordMain.runKeyword(KeywordMain.groovy:75)
	at com.kms.katalon.core.keyword.builtin.CallTestCaseKeyword.callTestCase(CallTestCaseKeyword.groovy:81)
	at com.kms.katalon.core.keyword.builtin.CallTestCaseKeyword.execute(CallTestCaseKeyword.groovy:44)
	at com.kms.katalon.core.keyword.internal.KeywordExecutor.executeKeywordForPlatform(KeywordExecutor.groovy:74)
	at com.kms.katalon.core.keyword.BuiltinKeywords.callTestCase(BuiltinKeywords.groovy:310)
	at 2. Dirección callao.run(2. Dirección callao:20)
	at com.kms.katalon.core.main.ScriptEngine.run(ScriptEngine.java:194)
	at com.kms.katalon.core.main.ScriptEngine.runScriptAsRawText(ScriptEngine.java:119)
	at com.kms.katalon.core.main.TestCaseExecutor.runScript(TestCaseExecutor.java:448)
	at com.kms.katalon.core.main.TestCaseExecutor.doExecute(TestCaseExecutor.java:439)
	at com.kms.katalon.core.main.TestCaseExecutor.processExecutionPhase(TestCaseExecutor.java:418)
	at com.kms.katalon.core.main.TestCaseExecutor.accessMainPhase(TestCaseExecutor.java:410)
	at com.kms.katalon.core.main.TestCaseExecutor.execute(TestCaseExecutor.java:285)
	at com.kms.katalon.core.common.CommonExecutor.accessTestCaseMainPhase(CommonExecutor.java:65)
	at com.kms.katalon.core.main.TestSuiteExecutor.accessTestSuiteMainPhase(TestSuiteExecutor.java:148)
	at com.kms.katalon.core.main.TestSuiteExecutor.execute(TestSuiteExecutor.java:106)
	at com.kms.katalon.core.main.TestCaseMain.startTestSuite(TestCaseMain.java:187)
	at com.kms.katalon.core.main.TestCaseMain$startTestSuite$0.call(Unknown Source)
	at TempTestSuite1738842962897.run(TempTestSuite1738842962897.groovy:35)
Caused by: com.kms.katalon.core.exception.StepFailedException: Unable to open browser with url: &amp;apos;&amp;apos;
	at com.kms.katalon.core.webui.keyword.internal.WebUIKeywordMain.stepFailed(WebUIKeywordMain.groovy:64)
	at com.kms.katalon.core.webui.keyword.internal.WebUIKeywordMain.runKeyword(WebUIKeywordMain.groovy:26)
	at com.kms.katalon.core.webui.keyword.builtin.OpenBrowserKeyword.openBrowser(OpenBrowserKeyword.groovy:81)
	at com.kms.katalon.core.webui.keyword.builtin.OpenBrowserKeyword.execute(OpenBrowserKeyword.groovy:67)
	at com.kms.katalon.core.keyword.internal.KeywordExecutor.executeKeywordForPlatform(KeywordExecutor.groovy:74)
	at com.kms.katalon.core.webui.keyword.WebUiBuiltInKeywords.openBrowser(WebUiBuiltInKeywords.groovy:64)
	at com.kms.katalon.core.webui.keyword.WebUiBuiltInKeywords$openBrowser.call(Unknown Source)
	at Principal-Home.run(Principal-Home:20)
	at com.kms.katalon.core.main.ScriptEngine.run(ScriptEngine.java:194)
	at com.kms.katalon.core.main.ScriptEngine.runScriptAsRawText(ScriptEngine.java:119)
	at com.kms.katalon.core.main.TestCaseExecutor.runScript(TestCaseExecutor.java:448)
	at com.kms.katalon.core.main.TestCaseExecutor.doExecute(TestCaseExecutor.java:439)
	at com.kms.katalon.core.main.TestCaseExecutor.processExecutionPhase(TestCaseExecutor.java:418)
	at com.kms.katalon.core.main.TestCaseExecutor.accessMainPhase(TestCaseExecutor.java:410)
	at com.kms.katalon.core.main.TestCaseExecutor.execute(TestCaseExecutor.java:285)
	at com.kms.katalon.core.main.TestCaseMain.runTestCase(TestCaseMain.java:144)
	at com.kms.katalon.core.keyword.builtin.CallTestCaseKeyword$_callTestCase_closure1.doCall(CallTestCaseKeyword.groovy:59)
	... 20 more
Caused by: org.openqa.selenium.SessionNotCreatedException: session not created: This version of Microsoft Edge WebDriver only supports Microsoft Edge version 130
Current browser version is 132.0.2957.140 with binary path C:\Program Files (x86)\Microsoft\Edge\Application\msedge.exe
Build info: version: &amp;apos;3.141.59&amp;apos;, revision: &amp;apos;e82be7d358&amp;apos;, time: &amp;apos;2018-11-14T08:25:53&amp;apos;
System info: host: &amp;apos;DL0097&amp;apos;, ip: &amp;apos;10.136.10.15&amp;apos;, os.name: &amp;apos;Windows 10&amp;apos;, os.arch: &amp;apos;amd64&amp;apos;, os.version: &amp;apos;10.0&amp;apos;, java.version: &amp;apos;1.8.0_282&amp;apos;
Driver info: driver.version: CEdgeDriver
remote stacktrace: 	GetHandleVerifier [0x00BDA2F3+37491]
	Microsoft::Applications::Events::time_ticks_t::time_ticks_t [0x00A7CB76+734246]
	Microsoft::Applications::Events::ILogConfiguration::operator* [0x0085471A+3482]
	Microsoft::Applications::Events::GUID_t::GUID_t [0x0087DBFA+65914]
	Microsoft::Applications::Events::GUID_t::GUID_t [0x0087D194+63252]
	Microsoft::Applications::Events::GUID_t::GUID_t [0x0087A37B+51451]
	Microsoft::Applications::Events::GUID_t::GUID_t [0x008760C8+34376]
	Microsoft::Applications::Events::GUID_t::GUID_t [0x008A79F7+237431]
	Microsoft::Applications::Events::GUID_t::GUID_t [0x008A722C+235436]
	Microsoft::Applications::Events::GUID_t::GUID_t [0x0089E0C6+198214]
	Microsoft::Applications::Events::GUID_t::GUID_t [0x00880B2F+77999]
	Microsoft::Applications::Events::GUID_t::GUID_t [0x0087FB99+74009]
	Microsoft::Applications::Events::GUID_t::GUID_t [0x0088057D+76541]
	GetHandleVerifier [0x00C5203C+528316]
	Microsoft::Applications::Events::FromJSON [0x00DA5B8C+660764]
	Microsoft::Applications::Events::FromJSON [0x00DA5498+658984]
	Microsoft::Applications::Events::FromJSON [0x00D96354+597220]
	Microsoft::Applications::Events::FromJSON [0x00DA6307+662679]
	Microsoft::Applications::Events::time_ticks_t::time_ticks_t [0x00A92A0D+823997]
	Microsoft::Applications::Events::time_ticks_t::time_ticks_t [0x00A85C78+771368]
	Microsoft::Applications::Events::time_ticks_t::time_ticks_t [0x00A85E5A+771850]
	Microsoft::Applications::Events::time_ticks_t::time_ticks_t [0x00A6E885+676149]
	BaseThreadInitThunk [0x76987BA9+25]
	RtlInitializeExceptionChain [0x7768C0CB+107]
	RtlClearBits [0x7768C04F+191]

	at org.openqa.selenium.remote.W3CHandshakeResponse.lambda$errorHandler$0(W3CHandshakeResponse.java:62)
	at org.openqa.selenium.remote.HandshakeResponse.lambda$getResponseFunction$0(HandshakeResponse.java:30)
	at org.openqa.selenium.remote.ProtocolHandshake.lambda$createSession$0(ProtocolHandshake.java:126)
	at org.openqa.selenium.remote.ProtocolHandshake.createSession(ProtocolHandshake.java:128)
	at org.openqa.selenium.remote.ProtocolHandshake.createSession(ProtocolHandshake.java:74)
	at org.openqa.selenium.remote.HttpCommandExecutor.execute(HttpCommandExecutor.java:136)
	at org.openqa.selenium.remote.service.DriverCommandExecutor.execute(DriverCommandExecutor.java:83)
	at org.openqa.selenium.remote.RemoteWebDriver.execute(RemoteWebDriver.java:552)
	at com.kms.katalon.selenium.driver.CEdgeDriver.execute(CEdgeDriver.java:20)
	at org.openqa.selenium.remote.RemoteWebDriver.startSession(RemoteWebDriver.java:213)
	at org.openqa.selenium.remote.RemoteWebDriver.&amp;lt;init&amp;gt;(RemoteWebDriver.java:131)
	at org.openqa.selenium.edge.EdgeDriver.&amp;lt;init&amp;gt;(EdgeDriver.java:154)
	at com.kms.katalon.selenium.driver.CEdgeDriver.&amp;lt;init&amp;gt;(CEdgeDriver.java:14)
	at com.kms.katalon.core.webui.driver.DriverFactory.createNewEdgeChromiumDriver(DriverFactory.java:674)
	at com.kms.katalon.core.webui.driver.DriverFactory.startNewBrowser(DriverFactory.java:389)
	at com.kms.katalon.core.webui.driver.DriverFactory.openWebDriver(DriverFactory.java:263)
	at com.kms.katalon.core.webui.keyword.builtin.OpenBrowserKeyword$_openBrowser_closure1.doCall(OpenBrowserKeyword.groovy:74)
	at com.kms.katalon.core.webui.keyword.builtin.OpenBrowserKeyword$_openBrowser_closure1.call(OpenBrowserKeyword.groovy)
	at com.kms.katalon.core.webui.keyword.internal.WebUIKeywordMain.runKeyword(WebUIKeywordMain.groovy:20)
	... 35 more
)</message>
  <nestedLevel>1</nestedLevel>
  <escapedJava>false</escapedJava>
  <property name="failed.exception.class">org.openqa.selenium.SessionNotCreatedException</property>
  <property name="failed.exception.stacktrace">org.openqa.selenium.SessionNotCreatedException: session not created: This version of Microsoft Edge WebDriver only supports Microsoft Edge version 130
Current browser version is 132.0.2957.140 with binary path C:\Program Files (x86)\Microsoft\Edge\Application\msedge.exe
Build info: version: &apos;3.141.59&apos;, revision: &apos;e82be7d358&apos;, time: &apos;2018-11-14T08:25:53&apos;
System info: host: &apos;DL0097&apos;, ip: &apos;10.136.10.15&apos;, os.name: &apos;Windows 10&apos;, os.arch: &apos;amd64&apos;, os.version: &apos;10.0&apos;, java.version: &apos;1.8.0_282&apos;
Driver info: driver.version: CEdgeDriver
remote stacktrace: 	GetHandleVerifier [0x00BDA2F3+37491]
	Microsoft::Applications::Events::time_ticks_t::time_ticks_t [0x00A7CB76+734246]
	Microsoft::Applications::Events::ILogConfiguration::operator* [0x0085471A+3482]
	Microsoft::Applications::Events::GUID_t::GUID_t [0x0087DBFA+65914]
	Microsoft::Applications::Events::GUID_t::GUID_t [0x0087D194+63252]
	Microsoft::Applications::Events::GUID_t::GUID_t [0x0087A37B+51451]
	Microsoft::Applications::Events::GUID_t::GUID_t [0x008760C8+34376]
	Microsoft::Applications::Events::GUID_t::GUID_t [0x008A79F7+237431]
	Microsoft::Applications::Events::GUID_t::GUID_t [0x008A722C+235436]
	Microsoft::Applications::Events::GUID_t::GUID_t [0x0089E0C6+198214]
	Microsoft::Applications::Events::GUID_t::GUID_t [0x00880B2F+77999]
	Microsoft::Applications::Events::GUID_t::GUID_t [0x0087FB99+74009]
	Microsoft::Applications::Events::GUID_t::GUID_t [0x0088057D+76541]
	GetHandleVerifier [0x00C5203C+528316]
	Microsoft::Applications::Events::FromJSON [0x00DA5B8C+660764]
	Microsoft::Applications::Events::FromJSON [0x00DA5498+658984]
	Microsoft::Applications::Events::FromJSON [0x00D96354+597220]
	Microsoft::Applications::Events::FromJSON [0x00DA6307+662679]
	Microsoft::Applications::Events::time_ticks_t::time_ticks_t [0x00A92A0D+823997]
	Microsoft::Applications::Events::time_ticks_t::time_ticks_t [0x00A85C78+771368]
	Microsoft::Applications::Events::time_ticks_t::time_ticks_t [0x00A85E5A+771850]
	Microsoft::Applications::Events::time_ticks_t::time_ticks_t [0x00A6E885+676149]
	BaseThreadInitThunk [0x76987BA9+25]
	RtlInitializeExceptionChain [0x7768C0CB+107]
	RtlClearBits [0x7768C04F+191]

	at org.openqa.selenium.remote.W3CHandshakeResponse.lambda$errorHandler$0(W3CHandshakeResponse.java:62)
	at org.openqa.selenium.remote.HandshakeResponse.lambda$getResponseFunction$0(HandshakeResponse.java:30)
	at org.openqa.selenium.remote.ProtocolHandshake.lambda$createSession$0(ProtocolHandshake.java:126)
	at org.openqa.selenium.remote.ProtocolHandshake.createSession(ProtocolHandshake.java:128)
	at org.openqa.selenium.remote.ProtocolHandshake.createSession(ProtocolHandshake.java:74)
	at org.openqa.selenium.remote.HttpCommandExecutor.execute(HttpCommandExecutor.java:136)
	at org.openqa.selenium.remote.service.DriverCommandExecutor.execute(DriverCommandExecutor.java:83)
	at org.openqa.selenium.remote.RemoteWebDriver.execute(RemoteWebDriver.java:552)
	at com.kms.katalon.selenium.driver.CEdgeDriver.execute(CEdgeDriver.java:20)
	at org.openqa.selenium.remote.RemoteWebDriver.startSession(RemoteWebDriver.java:213)
	at org.openqa.selenium.remote.RemoteWebDriver.&lt;init&gt;(RemoteWebDriver.java:131)
	at org.openqa.selenium.edge.EdgeDriver.&lt;init&gt;(EdgeDriver.java:154)
	at com.kms.katalon.selenium.driver.CEdgeDriver.&lt;init&gt;(CEdgeDriver.java:14)
	at com.kms.katalon.core.webui.driver.DriverFactory.createNewEdgeChromiumDriver(DriverFactory.java:674)
	at com.kms.katalon.core.webui.driver.DriverFactory.startNewBrowser(DriverFactory.java:389)
	at com.kms.katalon.core.webui.driver.DriverFactory.openWebDriver(DriverFactory.java:263)
	at com.kms.katalon.core.webui.keyword.builtin.OpenBrowserKeyword$_openBrowser_closure1.doCall(OpenBrowserKeyword.groovy:74)
	at com.kms.katalon.core.webui.keyword.builtin.OpenBrowserKeyword$_openBrowser_closure1.call(OpenBrowserKeyword.groovy)
	at com.kms.katalon.core.webui.keyword.internal.WebUIKeywordMain.runKeyword(WebUIKeywordMain.groovy:20)
	at com.kms.katalon.core.webui.keyword.builtin.OpenBrowserKeyword.openBrowser(OpenBrowserKeyword.groovy:81)
	at com.kms.katalon.core.webui.keyword.builtin.OpenBrowserKeyword.execute(OpenBrowserKeyword.groovy:67)
	at com.kms.katalon.core.keyword.internal.KeywordExecutor.executeKeywordForPlatform(KeywordExecutor.groovy:74)
	at com.kms.katalon.core.webui.keyword.WebUiBuiltInKeywords.openBrowser(WebUiBuiltInKeywords.groovy:64)
	at com.kms.katalon.core.webui.keyword.WebUiBuiltInKeywords$openBrowser.call(Unknown Source)
	at Principal-Home.run(Principal-Home:20)
	at com.kms.katalon.core.main.ScriptEngine.run(ScriptEngine.java:194)
	at com.kms.katalon.core.main.ScriptEngine.runScriptAsRawText(ScriptEngine.java:119)
	at com.kms.katalon.core.main.TestCaseExecutor.runScript(TestCaseExecutor.java:448)
	at com.kms.katalon.core.main.TestCaseExecutor.doExecute(TestCaseExecutor.java:439)
	at com.kms.katalon.core.main.TestCaseExecutor.processExecutionPhase(TestCaseExecutor.java:418)
	at com.kms.katalon.core.main.TestCaseExecutor.accessMainPhase(TestCaseExecutor.java:410)
	at com.kms.katalon.core.main.TestCaseExecutor.execute(TestCaseExecutor.java:285)
	at com.kms.katalon.core.main.TestCaseMain.runTestCase(TestCaseMain.java:144)
	at com.kms.katalon.core.keyword.builtin.CallTestCaseKeyword$_callTestCase_closure1.doCall(CallTestCaseKeyword.groovy:59)
	at com.kms.katalon.core.keyword.builtin.CallTestCaseKeyword$_callTestCase_closure1.call(CallTestCaseKeyword.groovy)
	at com.kms.katalon.core.keyword.internal.KeywordMain.runKeyword(KeywordMain.groovy:75)
	at com.kms.katalon.core.keyword.builtin.CallTestCaseKeyword.callTestCase(CallTestCaseKeyword.groovy:81)
	at com.kms.katalon.core.keyword.builtin.CallTestCaseKeyword.execute(CallTestCaseKeyword.groovy:44)
	at com.kms.katalon.core.keyword.internal.KeywordExecutor.executeKeywordForPlatform(KeywordExecutor.groovy:74)
	at com.kms.katalon.core.keyword.BuiltinKeywords.callTestCase(BuiltinKeywords.groovy:310)
	at 2. Dirección callao.run(2. Dirección callao:20)
	at com.kms.katalon.core.main.ScriptEngine.run(ScriptEngine.java:194)
	at com.kms.katalon.core.main.ScriptEngine.runScriptAsRawText(ScriptEngine.java:119)
	at com.kms.katalon.core.main.TestCaseExecutor.runScript(TestCaseExecutor.java:448)
	at com.kms.katalon.core.main.TestCaseExecutor.doExecute(TestCaseExecutor.java:439)
	at com.kms.katalon.core.main.TestCaseExecutor.processExecutionPhase(TestCaseExecutor.java:418)
	at com.kms.katalon.core.main.TestCaseExecutor.accessMainPhase(TestCaseExecutor.java:410)
	at com.kms.katalon.core.main.TestCaseExecutor.execute(TestCaseExecutor.java:285)
	at com.kms.katalon.core.common.CommonExecutor.accessTestCaseMainPhase(CommonExecutor.java:65)
	at com.kms.katalon.core.main.TestSuiteExecutor.accessTestSuiteMainPhase(TestSuiteExecutor.java:148)
	at com.kms.katalon.core.main.TestSuiteExecutor.execute(TestSuiteExecutor.java:106)
	at com.kms.katalon.core.main.TestCaseMain.startTestSuite(TestCaseMain.java:187)
	at com.kms.katalon.core.main.TestCaseMain$startTestSuite$0.call(Unknown Source)
	at TempTestSuite1738842962897.run(TempTestSuite1738842962897.groovy:35)
</property>
  <property name="failed.exception.message">session not created: This version of Microsoft Edge WebDriver only supports Microsoft Edge version 130
Current browser version is 132.0.2957.140 with binary path C:\Program Files (x86)\Microsoft\Edge\Application\msedge.exe
Build info: version: &apos;3.141.59&apos;, revision: &apos;e82be7d358&apos;, time: &apos;2018-11-14T08:25:53&apos;
System info: host: &apos;DL0097&apos;, ip: &apos;10.136.10.15&apos;, os.name: &apos;Windows 10&apos;, os.arch: &apos;amd64&apos;, os.version: &apos;10.0&apos;, java.version: &apos;1.8.0_282&apos;
Driver info: driver.version: CEdgeDriver
remote stacktrace: 	GetHandleVerifier [0x00BDA2F3+37491]
	Microsoft::Applications::Events::time_ticks_t::time_ticks_t [0x00A7CB76+734246]
	Microsoft::Applications::Events::ILogConfiguration::operator* [0x0085471A+3482]
	Microsoft::Applications::Events::GUID_t::GUID_t [0x0087DBFA+65914]
	Microsoft::Applications::Events::GUID_t::GUID_t [0x0087D194+63252]
	Microsoft::Applications::Events::GUID_t::GUID_t [0x0087A37B+51451]
	Microsoft::Applications::Events::GUID_t::GUID_t [0x008760C8+34376]
	Microsoft::Applications::Events::GUID_t::GUID_t [0x008A79F7+237431]
	Microsoft::Applications::Events::GUID_t::GUID_t [0x008A722C+235436]
	Microsoft::Applications::Events::GUID_t::GUID_t [0x0089E0C6+198214]
	Microsoft::Applications::Events::GUID_t::GUID_t [0x00880B2F+77999]
	Microsoft::Applications::Events::GUID_t::GUID_t [0x0087FB99+74009]
	Microsoft::Applications::Events::GUID_t::GUID_t [0x0088057D+76541]
	GetHandleVerifier [0x00C5203C+528316]
	Microsoft::Applications::Events::FromJSON [0x00DA5B8C+660764]
	Microsoft::Applications::Events::FromJSON [0x00DA5498+658984]
	Microsoft::Applications::Events::FromJSON [0x00D96354+597220]
	Microsoft::Applications::Events::FromJSON [0x00DA6307+662679]
	Microsoft::Applications::Events::time_ticks_t::time_ticks_t [0x00A92A0D+823997]
	Microsoft::Applications::Events::time_ticks_t::time_ticks_t [0x00A85C78+771368]
	Microsoft::Applications::Events::time_ticks_t::time_ticks_t [0x00A85E5A+771850]
	Microsoft::Applications::Events::time_ticks_t::time_ticks_t [0x00A6E885+676149]
	BaseThreadInitThunk [0x76987BA9+25]
	RtlInitializeExceptionChain [0x7768C0CB+107]
	RtlClearBits [0x7768C04F+191]
</property>
</record>
<record>
  <date>2025-02-06T06:56:16</date>
  <millis>1738842976752</millis>
  <sequence>193</sequence>
  <level>END</level>
  <class>com.kms.katalon.core.logging.XmlKeywordLogger</class>
  <method>endKeyword</method>
  <thread>1</thread>
  <message>End action : callTestCase(findTestCase(&amp;quot;Registro_Envíos/1.Inicio/1.Principal/Principal-Home&amp;quot;), [:], STOP_ON_FAILURE)</message>
  <nestedLevel>1</nestedLevel>
  <escapedJava>false</escapedJava>
</record>
<record>
  <date>2025-02-06T06:56:16</date>
  <millis>1738842976752</millis>
  <sequence>197</sequence>
  <level>FAILED</level>
  <class>com.kms.katalon.core.logging.XmlKeywordLogger</class>
  <method>logMessage</method>
  <thread>1</thread>
  <message>Test Cases/Registro_Envíos/3. Positivas/1. Paquetes/Origen Lima/2.Girley/Geo sin seleccionar/2. Dirección callao FAILED.
Reason:
com.kms.katalon.core.exception.StepFailedException: Call Test Case &amp;apos;Test Cases/Registro_Envíos/1.Inicio/1.Principal/Principal-Home&amp;apos; failed
	at com.kms.katalon.core.keyword.builtin.CallTestCaseKeyword$_callTestCase_closure1.doCall(CallTestCaseKeyword.groovy:63)
	at com.kms.katalon.core.keyword.builtin.CallTestCaseKeyword$_callTestCase_closure1.call(CallTestCaseKeyword.groovy)
	at com.kms.katalon.core.keyword.internal.KeywordMain.runKeyword(KeywordMain.groovy:75)
	at com.kms.katalon.core.keyword.builtin.CallTestCaseKeyword.callTestCase(CallTestCaseKeyword.groovy:81)
	at com.kms.katalon.core.keyword.builtin.CallTestCaseKeyword.execute(CallTestCaseKeyword.groovy:44)
	at com.kms.katalon.core.keyword.internal.KeywordExecutor.executeKeywordForPlatform(KeywordExecutor.groovy:74)
	at com.kms.katalon.core.keyword.BuiltinKeywords.callTestCase(BuiltinKeywords.groovy:310)
	at 2. Dirección callao.run(2. Dirección callao:20)
	at com.kms.katalon.core.main.ScriptEngine.run(ScriptEngine.java:194)
	at com.kms.katalon.core.main.ScriptEngine.runScriptAsRawText(ScriptEngine.java:119)
	at com.kms.katalon.core.main.TestCaseExecutor.runScript(TestCaseExecutor.java:448)
	at com.kms.katalon.core.main.TestCaseExecutor.doExecute(TestCaseExecutor.java:439)
	at com.kms.katalon.core.main.TestCaseExecutor.processExecutionPhase(TestCaseExecutor.java:418)
	at com.kms.katalon.core.main.TestCaseExecutor.accessMainPhase(TestCaseExecutor.java:410)
	at com.kms.katalon.core.main.TestCaseExecutor.execute(TestCaseExecutor.java:285)
	at com.kms.katalon.core.common.CommonExecutor.accessTestCaseMainPhase(CommonExecutor.java:65)
	at com.kms.katalon.core.main.TestSuiteExecutor.accessTestSuiteMainPhase(TestSuiteExecutor.java:148)
	at com.kms.katalon.core.main.TestSuiteExecutor.execute(TestSuiteExecutor.java:106)
	at com.kms.katalon.core.main.TestCaseMain.startTestSuite(TestCaseMain.java:187)
	at com.kms.katalon.core.main.TestCaseMain$startTestSuite$0.call(Unknown Source)
	at TempTestSuite1738842962897.run(TempTestSuite1738842962897.groovy:35)
Caused by: com.kms.katalon.core.exception.StepFailedException: Unable to open browser with url: &amp;apos;&amp;apos;
	at com.kms.katalon.core.webui.keyword.internal.WebUIKeywordMain.stepFailed(WebUIKeywordMain.groovy:64)
	at com.kms.katalon.core.webui.keyword.internal.WebUIKeywordMain.runKeyword(WebUIKeywordMain.groovy:26)
	at com.kms.katalon.core.webui.keyword.builtin.OpenBrowserKeyword.openBrowser(OpenBrowserKeyword.groovy:81)
	at com.kms.katalon.core.webui.keyword.builtin.OpenBrowserKeyword.execute(OpenBrowserKeyword.groovy:67)
	at com.kms.katalon.core.keyword.internal.KeywordExecutor.executeKeywordForPlatform(KeywordExecutor.groovy:74)
	at com.kms.katalon.core.webui.keyword.WebUiBuiltInKeywords.openBrowser(WebUiBuiltInKeywords.groovy:64)
	at com.kms.katalon.core.webui.keyword.WebUiBuiltInKeywords$openBrowser.call(Unknown Source)
	at Principal-Home.run(Principal-Home:20)
	at com.kms.katalon.core.main.ScriptEngine.run(ScriptEngine.java:194)
	at com.kms.katalon.core.main.ScriptEngine.runScriptAsRawText(ScriptEngine.java:119)
	at com.kms.katalon.core.main.TestCaseExecutor.runScript(TestCaseExecutor.java:448)
	at com.kms.katalon.core.main.TestCaseExecutor.doExecute(TestCaseExecutor.java:439)
	at com.kms.katalon.core.main.TestCaseExecutor.processExecutionPhase(TestCaseExecutor.java:418)
	at com.kms.katalon.core.main.TestCaseExecutor.accessMainPhase(TestCaseExecutor.java:410)
	at com.kms.katalon.core.main.TestCaseExecutor.execute(TestCaseExecutor.java:285)
	at com.kms.katalon.core.main.TestCaseMain.runTestCase(TestCaseMain.java:144)
	at com.kms.katalon.core.keyword.builtin.CallTestCaseKeyword$_callTestCase_closure1.doCall(CallTestCaseKeyword.groovy:59)
	... 20 more
Caused by: org.openqa.selenium.SessionNotCreatedException: session not created: This version of Microsoft Edge WebDriver only supports Microsoft Edge version 130
Current browser version is 132.0.2957.140 with binary path C:\Program Files (x86)\Microsoft\Edge\Application\msedge.exe
Build info: version: &amp;apos;3.141.59&amp;apos;, revision: &amp;apos;e82be7d358&amp;apos;, time: &amp;apos;2018-11-14T08:25:53&amp;apos;
System info: host: &amp;apos;DL0097&amp;apos;, ip: &amp;apos;10.136.10.15&amp;apos;, os.name: &amp;apos;Windows 10&amp;apos;, os.arch: &amp;apos;amd64&amp;apos;, os.version: &amp;apos;10.0&amp;apos;, java.version: &amp;apos;1.8.0_282&amp;apos;
Driver info: driver.version: CEdgeDriver
remote stacktrace: 	GetHandleVerifier [0x00BDA2F3+37491]
	Microsoft::Applications::Events::time_ticks_t::time_ticks_t [0x00A7CB76+734246]
	Microsoft::Applications::Events::ILogConfiguration::operator* [0x0085471A+3482]
	Microsoft::Applications::Events::GUID_t::GUID_t [0x0087DBFA+65914]
	Microsoft::Applications::Events::GUID_t::GUID_t [0x0087D194+63252]
	Microsoft::Applications::Events::GUID_t::GUID_t [0x0087A37B+51451]
	Microsoft::Applications::Events::GUID_t::GUID_t [0x008760C8+34376]
	Microsoft::Applications::Events::GUID_t::GUID_t [0x008A79F7+237431]
	Microsoft::Applications::Events::GUID_t::GUID_t [0x008A722C+235436]
	Microsoft::Applications::Events::GUID_t::GUID_t [0x0089E0C6+198214]
	Microsoft::Applications::Events::GUID_t::GUID_t [0x00880B2F+77999]
	Microsoft::Applications::Events::GUID_t::GUID_t [0x0087FB99+74009]
	Microsoft::Applications::Events::GUID_t::GUID_t [0x0088057D+76541]
	GetHandleVerifier [0x00C5203C+528316]
	Microsoft::Applications::Events::FromJSON [0x00DA5B8C+660764]
	Microsoft::Applications::Events::FromJSON [0x00DA5498+658984]
	Microsoft::Applications::Events::FromJSON [0x00D96354+597220]
	Microsoft::Applications::Events::FromJSON [0x00DA6307+662679]
	Microsoft::Applications::Events::time_ticks_t::time_ticks_t [0x00A92A0D+823997]
	Microsoft::Applications::Events::time_ticks_t::time_ticks_t [0x00A85C78+771368]
	Microsoft::Applications::Events::time_ticks_t::time_ticks_t [0x00A85E5A+771850]
	Microsoft::Applications::Events::time_ticks_t::time_ticks_t [0x00A6E885+676149]
	BaseThreadInitThunk [0x76987BA9+25]
	RtlInitializeExceptionChain [0x7768C0CB+107]
	RtlClearBits [0x7768C04F+191]

	at org.openqa.selenium.remote.W3CHandshakeResponse.lambda$errorHandler$0(W3CHandshakeResponse.java:62)
	at org.openqa.selenium.remote.HandshakeResponse.lambda$getResponseFunction$0(HandshakeResponse.java:30)
	at org.openqa.selenium.remote.ProtocolHandshake.lambda$createSession$0(ProtocolHandshake.java:126)
	at org.openqa.selenium.remote.ProtocolHandshake.createSession(ProtocolHandshake.java:128)
	at org.openqa.selenium.remote.ProtocolHandshake.createSession(ProtocolHandshake.java:74)
	at org.openqa.selenium.remote.HttpCommandExecutor.execute(HttpCommandExecutor.java:136)
	at org.openqa.selenium.remote.service.DriverCommandExecutor.execute(DriverCommandExecutor.java:83)
	at org.openqa.selenium.remote.RemoteWebDriver.execute(RemoteWebDriver.java:552)
	at com.kms.katalon.selenium.driver.CEdgeDriver.execute(CEdgeDriver.java:20)
	at org.openqa.selenium.remote.RemoteWebDriver.startSession(RemoteWebDriver.java:213)
	at org.openqa.selenium.remote.RemoteWebDriver.&amp;lt;init&amp;gt;(RemoteWebDriver.java:131)
	at org.openqa.selenium.edge.EdgeDriver.&amp;lt;init&amp;gt;(EdgeDriver.java:154)
	at com.kms.katalon.selenium.driver.CEdgeDriver.&amp;lt;init&amp;gt;(CEdgeDriver.java:14)
	at com.kms.katalon.core.webui.driver.DriverFactory.createNewEdgeChromiumDriver(DriverFactory.java:674)
	at com.kms.katalon.core.webui.driver.DriverFactory.startNewBrowser(DriverFactory.java:389)
	at com.kms.katalon.core.webui.driver.DriverFactory.openWebDriver(DriverFactory.java:263)
	at com.kms.katalon.core.webui.keyword.builtin.OpenBrowserKeyword$_openBrowser_closure1.doCall(OpenBrowserKeyword.groovy:74)
	at com.kms.katalon.core.webui.keyword.builtin.OpenBrowserKeyword$_openBrowser_closure1.call(OpenBrowserKeyword.groovy)
	at com.kms.katalon.core.webui.keyword.internal.WebUIKeywordMain.runKeyword(WebUIKeywordMain.groovy:20)
	... 35 more
</message>
  <exception>
    <message>com.kms.katalon.core.exception.StepFailedException: Call Test Case 'Test Cases/Registro_Envíos/1.Inicio/1.Principal/Principal-Home' failed</message>
    <frame>
      <class>com.kms.katalon.core.keyword.builtin.CallTestCaseKeyword$_callTestCase_closure1</class>
      <method>doCall</method>
      <line>63</line>
    </frame>
    <frame>
      <class>com.kms.katalon.core.keyword.builtin.CallTestCaseKeyword$_callTestCase_closure1</class>
      <method>call</method>
    </frame>
    <frame>
      <class>com.kms.katalon.core.keyword.internal.KeywordMain</class>
      <method>runKeyword</method>
      <line>75</line>
    </frame>
    <frame>
      <class>com.kms.katalon.core.keyword.builtin.CallTestCaseKeyword</class>
      <method>callTestCase</method>
      <line>81</line>
    </frame>
    <frame>
      <class>com.kms.katalon.core.keyword.builtin.CallTestCaseKeyword</class>
      <method>execute</method>
      <line>44</line>
    </frame>
    <frame>
      <class>com.kms.katalon.core.keyword.internal.KeywordExecutor</class>
      <method>executeKeywordForPlatform</method>
      <line>74</line>
    </frame>
    <frame>
      <class>com.kms.katalon.core.keyword.BuiltinKeywords</class>
      <method>callTestCase</method>
      <line>310</line>
    </frame>
    <frame>
      <class>2. Dirección callao</class>
      <method>run</method>
      <line>20</line>
    </frame>
    <frame>
      <class>com.kms.katalon.core.main.ScriptEngine</class>
      <method>run</method>
      <line>194</line>
    </frame>
    <frame>
      <class>com.kms.katalon.core.main.ScriptEngine</class>
      <method>runScriptAsRawText</method>
      <line>119</line>
    </frame>
    <frame>
      <class>com.kms.katalon.core.main.TestCaseExecutor</class>
      <method>runScript</method>
      <line>448</line>
    </frame>
    <frame>
      <class>com.kms.katalon.core.main.TestCaseExecutor</class>
      <method>doExecute</method>
      <line>439</line>
    </frame>
    <frame>
      <class>com.kms.katalon.core.main.TestCaseExecutor</class>
      <method>processExecutionPhase</method>
      <line>418</line>
    </frame>
    <frame>
      <class>com.kms.katalon.core.main.TestCaseExecutor</class>
      <method>accessMainPhase</method>
      <line>410</line>
    </frame>
    <frame>
      <class>com.kms.katalon.core.main.TestCaseExecutor</class>
      <method>execute</method>
      <line>285</line>
    </frame>
    <frame>
      <class>com.kms.katalon.core.common.CommonExecutor</class>
      <method>accessTestCaseMainPhase</method>
      <line>65</line>
    </frame>
    <frame>
      <class>com.kms.katalon.core.main.TestSuiteExecutor</class>
      <method>accessTestSuiteMainPhase</method>
      <line>148</line>
    </frame>
    <frame>
      <class>com.kms.katalon.core.main.TestSuiteExecutor</class>
      <method>execute</method>
      <line>106</line>
    </frame>
    <frame>
      <class>com.kms.katalon.core.main.TestCaseMain</class>
      <method>startTestSuite</method>
      <line>187</line>
    </frame>
    <frame>
      <class>com.kms.katalon.core.main.TestCaseMain$startTestSuite$0</class>
      <method>call</method>
    </frame>
    <frame>
      <class>TempTestSuite1738842962897</class>
      <method>run</method>
      <line>35</line>
    </frame>
  </exception>
  <nestedLevel>0</nestedLevel>
  <escapedJava>false</escapedJava>
  <property name="failed.exception.stacktrace">org.openqa.selenium.SessionNotCreatedException: session not created: This version of Microsoft Edge WebDriver only supports Microsoft Edge version 130
Current browser version is 132.0.2957.140 with binary path C:\Program Files (x86)\Microsoft\Edge\Application\msedge.exe
Build info: version: &apos;3.141.59&apos;, revision: &apos;e82be7d358&apos;, time: &apos;2018-11-14T08:25:53&apos;
System info: host: &apos;DL0097&apos;, ip: &apos;10.136.10.15&apos;, os.name: &apos;Windows 10&apos;, os.arch: &apos;amd64&apos;, os.version: &apos;10.0&apos;, java.version: &apos;1.8.0_282&apos;
Driver info: driver.version: CEdgeDriver
remote stacktrace: 	GetHandleVerifier [0x00BDA2F3+37491]
	Microsoft::Applications::Events::time_ticks_t::time_ticks_t [0x00A7CB76+734246]
	Microsoft::Applications::Events::ILogConfiguration::operator* [0x0085471A+3482]
	Microsoft::Applications::Events::GUID_t::GUID_t [0x0087DBFA+65914]
	Microsoft::Applications::Events::GUID_t::GUID_t [0x0087D194+63252]
	Microsoft::Applications::Events::GUID_t::GUID_t [0x0087A37B+51451]
	Microsoft::Applications::Events::GUID_t::GUID_t [0x008760C8+34376]
	Microsoft::Applications::Events::GUID_t::GUID_t [0x008A79F7+237431]
	Microsoft::Applications::Events::GUID_t::GUID_t [0x008A722C+235436]
	Microsoft::Applications::Events::GUID_t::GUID_t [0x0089E0C6+198214]
	Microsoft::Applications::Events::GUID_t::GUID_t [0x00880B2F+77999]
	Microsoft::Applications::Events::GUID_t::GUID_t [0x0087FB99+74009]
	Microsoft::Applications::Events::GUID_t::GUID_t [0x0088057D+76541]
	GetHandleVerifier [0x00C5203C+528316]
	Microsoft::Applications::Events::FromJSON [0x00DA5B8C+660764]
	Microsoft::Applications::Events::FromJSON [0x00DA5498+658984]
	Microsoft::Applications::Events::FromJSON [0x00D96354+597220]
	Microsoft::Applications::Events::FromJSON [0x00DA6307+662679]
	Microsoft::Applications::Events::time_ticks_t::time_ticks_t [0x00A92A0D+823997]
	Microsoft::Applications::Events::time_ticks_t::time_ticks_t [0x00A85C78+771368]
	Microsoft::Applications::Events::time_ticks_t::time_ticks_t [0x00A85E5A+771850]
	Microsoft::Applications::Events::time_ticks_t::time_ticks_t [0x00A6E885+676149]
	BaseThreadInitThunk [0x76987BA9+25]
	RtlInitializeExceptionChain [0x7768C0CB+107]
	RtlClearBits [0x7768C04F+191]

	at org.openqa.selenium.remote.W3CHandshakeResponse.lambda$errorHandler$0(W3CHandshakeResponse.java:62)
	at org.openqa.selenium.remote.HandshakeResponse.lambda$getResponseFunction$0(HandshakeResponse.java:30)
	at org.openqa.selenium.remote.ProtocolHandshake.lambda$createSession$0(ProtocolHandshake.java:126)
	at org.openqa.selenium.remote.ProtocolHandshake.createSession(ProtocolHandshake.java:128)
	at org.openqa.selenium.remote.ProtocolHandshake.createSession(ProtocolHandshake.java:74)
	at org.openqa.selenium.remote.HttpCommandExecutor.execute(HttpCommandExecutor.java:136)
	at org.openqa.selenium.remote.service.DriverCommandExecutor.execute(DriverCommandExecutor.java:83)
	at org.openqa.selenium.remote.RemoteWebDriver.execute(RemoteWebDriver.java:552)
	at com.kms.katalon.selenium.driver.CEdgeDriver.execute(CEdgeDriver.java:20)
	at org.openqa.selenium.remote.RemoteWebDriver.startSession(RemoteWebDriver.java:213)
	at org.openqa.selenium.remote.RemoteWebDriver.&lt;init&gt;(RemoteWebDriver.java:131)
	at org.openqa.selenium.edge.EdgeDriver.&lt;init&gt;(EdgeDriver.java:154)
	at com.kms.katalon.selenium.driver.CEdgeDriver.&lt;init&gt;(CEdgeDriver.java:14)
	at com.kms.katalon.core.webui.driver.DriverFactory.createNewEdgeChromiumDriver(DriverFactory.java:674)
	at com.kms.katalon.core.webui.driver.DriverFactory.startNewBrowser(DriverFactory.java:389)
	at com.kms.katalon.core.webui.driver.DriverFactory.openWebDriver(DriverFactory.java:263)
	at com.kms.katalon.core.webui.keyword.builtin.OpenBrowserKeyword$_openBrowser_closure1.doCall(OpenBrowserKeyword.groovy:74)
	at com.kms.katalon.core.webui.keyword.builtin.OpenBrowserKeyword$_openBrowser_closure1.call(OpenBrowserKeyword.groovy)
	at com.kms.katalon.core.webui.keyword.internal.WebUIKeywordMain.runKeyword(WebUIKeywordMain.groovy:20)
	at com.kms.katalon.core.webui.keyword.builtin.OpenBrowserKeyword.openBrowser(OpenBrowserKeyword.groovy:81)
	at com.kms.katalon.core.webui.keyword.builtin.OpenBrowserKeyword.execute(OpenBrowserKeyword.groovy:67)
	at com.kms.katalon.core.keyword.internal.KeywordExecutor.executeKeywordForPlatform(KeywordExecutor.groovy:74)
	at com.kms.katalon.core.webui.keyword.WebUiBuiltInKeywords.openBrowser(WebUiBuiltInKeywords.groovy:64)
	at com.kms.katalon.core.webui.keyword.WebUiBuiltInKeywords$openBrowser.call(Unknown Source)
	at Principal-Home.run(Principal-Home:20)
	at com.kms.katalon.core.main.ScriptEngine.run(ScriptEngine.java:194)
	at com.kms.katalon.core.main.ScriptEngine.runScriptAsRawText(ScriptEngine.java:119)
	at com.kms.katalon.core.main.TestCaseExecutor.runScript(TestCaseExecutor.java:448)
	at com.kms.katalon.core.main.TestCaseExecutor.doExecute(TestCaseExecutor.java:439)
	at com.kms.katalon.core.main.TestCaseExecutor.processExecutionPhase(TestCaseExecutor.java:418)
	at com.kms.katalon.core.main.TestCaseExecutor.accessMainPhase(TestCaseExecutor.java:410)
	at com.kms.katalon.core.main.TestCaseExecutor.execute(TestCaseExecutor.java:285)
	at com.kms.katalon.core.main.TestCaseMain.runTestCase(TestCaseMain.java:144)
	at com.kms.katalon.core.keyword.builtin.CallTestCaseKeyword$_callTestCase_closure1.doCall(CallTestCaseKeyword.groovy:59)
	at com.kms.katalon.core.keyword.builtin.CallTestCaseKeyword$_callTestCase_closure1.call(CallTestCaseKeyword.groovy)
	at com.kms.katalon.core.keyword.internal.KeywordMain.runKeyword(KeywordMain.groovy:75)
	at com.kms.katalon.core.keyword.builtin.CallTestCaseKeyword.callTestCase(CallTestCaseKeyword.groovy:81)
	at com.kms.katalon.core.keyword.builtin.CallTestCaseKeyword.execute(CallTestCaseKeyword.groovy:44)
	at com.kms.katalon.core.keyword.internal.KeywordExecutor.executeKeywordForPlatform(KeywordExecutor.groovy:74)
	at com.kms.katalon.core.keyword.BuiltinKeywords.callTestCase(BuiltinKeywords.groovy:310)
	at 2. Dirección callao.run(2. Dirección callao:20)
	at com.kms.katalon.core.main.ScriptEngine.run(ScriptEngine.java:194)
	at com.kms.katalon.core.main.ScriptEngine.runScriptAsRawText(ScriptEngine.java:119)
	at com.kms.katalon.core.main.TestCaseExecutor.runScript(TestCaseExecutor.java:448)
	at com.kms.katalon.core.main.TestCaseExecutor.doExecute(TestCaseExecutor.java:439)
	at com.kms.katalon.core.main.TestCaseExecutor.processExecutionPhase(TestCaseExecutor.java:418)
	at com.kms.katalon.core.main.TestCaseExecutor.accessMainPhase(TestCaseExecutor.java:410)
	at com.kms.katalon.core.main.TestCaseExecutor.execute(TestCaseExecutor.java:285)
	at com.kms.katalon.core.common.CommonExecutor.accessTestCaseMainPhase(CommonExecutor.java:65)
	at com.kms.katalon.core.main.TestSuiteExecutor.accessTestSuiteMainPhase(TestSuiteExecutor.java:148)
	at com.kms.katalon.core.main.TestSuiteExecutor.execute(TestSuiteExecutor.java:106)
	at com.kms.katalon.core.main.TestCaseMain.startTestSuite(TestCaseMain.java:187)
	at com.kms.katalon.core.main.TestCaseMain$startTestSuite$0.call(Unknown Source)
	at TempTestSuite1738842962897.run(TempTestSuite1738842962897.groovy:35)
</property>
  <property name="failed.exception.class">org.openqa.selenium.SessionNotCreatedException</property>
  <property name="failed.exception.message">session not created: This version of Microsoft Edge WebDriver only supports Microsoft Edge version 130
Current browser version is 132.0.2957.140 with binary path C:\Program Files (x86)\Microsoft\Edge\Application\msedge.exe
Build info: version: &apos;3.141.59&apos;, revision: &apos;e82be7d358&apos;, time: &apos;2018-11-14T08:25:53&apos;
System info: host: &apos;DL0097&apos;, ip: &apos;10.136.10.15&apos;, os.name: &apos;Windows 10&apos;, os.arch: &apos;amd64&apos;, os.version: &apos;10.0&apos;, java.version: &apos;1.8.0_282&apos;
Driver info: driver.version: CEdgeDriver
remote stacktrace: 	GetHandleVerifier [0x00BDA2F3+37491]
	Microsoft::Applications::Events::time_ticks_t::time_ticks_t [0x00A7CB76+734246]
	Microsoft::Applications::Events::ILogConfiguration::operator* [0x0085471A+3482]
	Microsoft::Applications::Events::GUID_t::GUID_t [0x0087DBFA+65914]
	Microsoft::Applications::Events::GUID_t::GUID_t [0x0087D194+63252]
	Microsoft::Applications::Events::GUID_t::GUID_t [0x0087A37B+51451]
	Microsoft::Applications::Events::GUID_t::GUID_t [0x008760C8+34376]
	Microsoft::Applications::Events::GUID_t::GUID_t [0x008A79F7+237431]
	Microsoft::Applications::Events::GUID_t::GUID_t [0x008A722C+235436]
	Microsoft::Applications::Events::GUID_t::GUID_t [0x0089E0C6+198214]
	Microsoft::Applications::Events::GUID_t::GUID_t [0x00880B2F+77999]
	Microsoft::Applications::Events::GUID_t::GUID_t [0x0087FB99+74009]
	Microsoft::Applications::Events::GUID_t::GUID_t [0x0088057D+76541]
	GetHandleVerifier [0x00C5203C+528316]
	Microsoft::Applications::Events::FromJSON [0x00DA5B8C+660764]
	Microsoft::Applications::Events::FromJSON [0x00DA5498+658984]
	Microsoft::Applications::Events::FromJSON [0x00D96354+597220]
	Microsoft::Applications::Events::FromJSON [0x00DA6307+662679]
	Microsoft::Applications::Events::time_ticks_t::time_ticks_t [0x00A92A0D+823997]
	Microsoft::Applications::Events::time_ticks_t::time_ticks_t [0x00A85C78+771368]
	Microsoft::Applications::Events::time_ticks_t::time_ticks_t [0x00A85E5A+771850]
	Microsoft::Applications::Events::time_ticks_t::time_ticks_t [0x00A6E885+676149]
	BaseThreadInitThunk [0x76987BA9+25]
	RtlInitializeExceptionChain [0x7768C0CB+107]
	RtlClearBits [0x7768C04F+191]
</property>
</record>
<record>
  <date>2025-02-06T06:56:16</date>
  <millis>1738842976755</millis>
  <sequence>199</sequence>
  <level>END</level>
  <class>com.kms.katalon.core.logging.XmlKeywordLogger</class>
  <method>endTest</method>
  <thread>1</thread>
  <message>End Test Case : Test Cases/Registro_Envíos/3. Positivas/1. Paquetes/Origen Lima/2.Girley/Geo sin seleccionar/2. Dirección callao</message>
  <nestedLevel>0</nestedLevel>
  <escapedJava>false</escapedJava>
  <property name="executionBindingVariables">[]</property>
  <property name="applitools">false</property>
  <property name="keywordsUsage">{
  &quot;web_ui&quot;: true,
  &quot;web_service&quot;: false,
  &quot;cucumber&quot;: false,
  &quot;builtin&quot;: true,
  &quot;mobile&quot;: false,
  &quot;windows&quot;: false,
  &quot;testng&quot;: false
}</property>
</record>
<record>
  <date>2025-02-06T06:56:16</date>
  <millis>1738842976758</millis>
  <sequence>200</sequence>
  <level>START</level>
  <class>com.kms.katalon.core.logging.XmlKeywordLogger</class>
  <method>startTest</method>
  <thread>1</thread>
  <message>Start Test Case : Test Cases/Registro_Envíos/3. Positivas/1. Paquetes/Origen Lima/2.Girley/Geo sin seleccionar/1.Destin_Lima</message>
  <nestedLevel>1</nestedLevel>
  <escapedJava>false</escapedJava>
  <property name="name">Test Cases/Registro_Envíos/3. Positivas/1. Paquetes/Origen Lima/2.Girley/Geo sin seleccionar/1.Destin_Lima</property>
  <property name="description"></property>
  <property name="iteration"></property>
  <property name="id">Test Cases/Registro_Envíos/3. Positivas/1. Paquetes/Origen Lima/2.Girley/Geo sin seleccionar/1.Destin_Lima</property>
  <property name="source">F:\Git\RegistroEnvios\Test Cases\Registro_Envíos\3. Positivas\1. Paquetes\Origen Lima\2.Girley\Geo sin seleccionar\1.Destin_Lima.tc</property>
  <property name="tag"></property>
  <property name="isOptional">false</property>
</record>
<record>
  <date>2025-02-06T06:56:16</date>
  <millis>1738842976906</millis>
  <sequence>202</sequence>
  <level>START</level>
  <class>com.kms.katalon.core.logging.XmlKeywordLogger</class>
  <method>startKeyword</method>
  <thread>1</thread>
  <message>Start action : callTestCase(findTestCase(&amp;quot;Registro_Envíos/1.Inicio/1.Principal/Principal-Home&amp;quot;), [:], STOP_ON_FAILURE)</message>
  <nestedLevel>1</nestedLevel>
  <escapedJava>false</escapedJava>
  <property name="startLine">20</property>
  <property name="stepIndex">1</property>
</record>
<record>
  <date>2025-02-06T06:56:16</date>
  <millis>1738842976962</millis>
  <sequence>205</sequence>
  <level>START</level>
  <class>com.kms.katalon.core.logging.XmlKeywordLogger</class>
  <method>startTest</method>
  <thread>1</thread>
  <message>Start Test Case : Test Cases/Registro_Envíos/1.Inicio/1.Principal/Principal-Home</message>
  <nestedLevel>2</nestedLevel>
  <escapedJava>false</escapedJava>
  <property name="name">Test Cases/Registro_Envíos/1.Inicio/1.Principal/Principal-Home</property>
  <property name="description"></property>
  <property name="iteration"></property>
  <property name="id">Test Cases/Registro_Envíos/1.Inicio/1.Principal/Principal-Home</property>
  <property name="source">F:\Git\RegistroEnvios\Test Cases\Registro_Envíos\1.Inicio\1.Principal\Principal-Home.tc</property>
  <property name="tag"></property>
  <property name="isOptional">false</property>
</record>
<record>
  <date>2025-02-06T06:56:16</date>
  <millis>1738842976962</millis>
  <sequence>207</sequence>
  <level>START</level>
  <class>com.kms.katalon.core.logging.XmlKeywordLogger</class>
  <method>startKeyword</method>
  <thread>1</thread>
  <message>Start action : openBrowser(&amp;quot;&amp;quot;)</message>
  <nestedLevel>1</nestedLevel>
  <escapedJava>false</escapedJava>
  <property name="startLine">20</property>
  <property name="stepIndex">1</property>
</record>
<record>
  <date>2025-02-06T06:56:16</date>
  <millis>1738842976970</millis>
  <sequence>209</sequence>
  <level>INFO</level>
  <class>com.kms.katalon.core.logging.XmlKeywordLogger</class>
  <method>logMessage</method>
  <thread>1</thread>
  <message>Starting &amp;apos;Edge Chromium&amp;apos; driver</message>
  <nestedLevel>2</nestedLevel>
  <escapedJava>false</escapedJava>
</record>
<record>
  <date>2025-02-06T06:56:16</date>
  <millis>1738842976971</millis>
  <sequence>211</sequence>
  <level>INFO</level>
  <class>com.kms.katalon.core.logging.XmlKeywordLogger</class>
  <method>logMessage</method>
  <thread>1</thread>
  <message>Action delay is set to 0 milliseconds</message>
  <nestedLevel>2</nestedLevel>
  <escapedJava>false</escapedJava>
</record>
<record>
  <date>2025-02-06T06:56:17</date>
  <millis>1738842977631</millis>
  <sequence>215</sequence>
  <level>FAILED</level>
  <class>com.kms.katalon.core.logging.XmlKeywordLogger</class>
  <method>logMessage</method>
  <thread>1</thread>
  <message>Unable to open browser with url: &amp;apos;&amp;apos; (Root cause: com.kms.katalon.core.exception.StepFailedException: Unable to open browser with url: &amp;apos;&amp;apos;
	at com.kms.katalon.core.webui.keyword.internal.WebUIKeywordMain.stepFailed(WebUIKeywordMain.groovy:64)
	at com.kms.katalon.core.webui.keyword.internal.WebUIKeywordMain.runKeyword(WebUIKeywordMain.groovy:26)
	at com.kms.katalon.core.webui.keyword.builtin.OpenBrowserKeyword.openBrowser(OpenBrowserKeyword.groovy:81)
	at com.kms.katalon.core.webui.keyword.builtin.OpenBrowserKeyword.execute(OpenBrowserKeyword.groovy:67)
	at com.kms.katalon.core.keyword.internal.KeywordExecutor.executeKeywordForPlatform(KeywordExecutor.groovy:74)
	at com.kms.katalon.core.webui.keyword.WebUiBuiltInKeywords.openBrowser(WebUiBuiltInKeywords.groovy:64)
	at com.kms.katalon.core.webui.keyword.WebUiBuiltInKeywords$openBrowser.call(Unknown Source)
	at Principal-Home.run(Principal-Home:20)
	at com.kms.katalon.core.main.ScriptEngine.run(ScriptEngine.java:194)
	at com.kms.katalon.core.main.ScriptEngine.runScriptAsRawText(ScriptEngine.java:119)
	at com.kms.katalon.core.main.TestCaseExecutor.runScript(TestCaseExecutor.java:448)
	at com.kms.katalon.core.main.TestCaseExecutor.doExecute(TestCaseExecutor.java:439)
	at com.kms.katalon.core.main.TestCaseExecutor.processExecutionPhase(TestCaseExecutor.java:418)
	at com.kms.katalon.core.main.TestCaseExecutor.accessMainPhase(TestCaseExecutor.java:410)
	at com.kms.katalon.core.main.TestCaseExecutor.execute(TestCaseExecutor.java:285)
	at com.kms.katalon.core.main.TestCaseMain.runTestCase(TestCaseMain.java:144)
	at com.kms.katalon.core.keyword.builtin.CallTestCaseKeyword$_callTestCase_closure1.doCall(CallTestCaseKeyword.groovy:59)
	at com.kms.katalon.core.keyword.builtin.CallTestCaseKeyword$_callTestCase_closure1.call(CallTestCaseKeyword.groovy)
	at com.kms.katalon.core.keyword.internal.KeywordMain.runKeyword(KeywordMain.groovy:75)
	at com.kms.katalon.core.keyword.builtin.CallTestCaseKeyword.callTestCase(CallTestCaseKeyword.groovy:81)
	at com.kms.katalon.core.keyword.builtin.CallTestCaseKeyword.execute(CallTestCaseKeyword.groovy:44)
	at com.kms.katalon.core.keyword.internal.KeywordExecutor.executeKeywordForPlatform(KeywordExecutor.groovy:74)
	at com.kms.katalon.core.keyword.BuiltinKeywords.callTestCase(BuiltinKeywords.groovy:310)
	at 1.Destin_Lima.run(1.Destin_Lima:20)
	at com.kms.katalon.core.main.ScriptEngine.run(ScriptEngine.java:194)
	at com.kms.katalon.core.main.ScriptEngine.runScriptAsRawText(ScriptEngine.java:119)
	at com.kms.katalon.core.main.TestCaseExecutor.runScript(TestCaseExecutor.java:448)
	at com.kms.katalon.core.main.TestCaseExecutor.doExecute(TestCaseExecutor.java:439)
	at com.kms.katalon.core.main.TestCaseExecutor.processExecutionPhase(TestCaseExecutor.java:418)
	at com.kms.katalon.core.main.TestCaseExecutor.accessMainPhase(TestCaseExecutor.java:410)
	at com.kms.katalon.core.main.TestCaseExecutor.execute(TestCaseExecutor.java:285)
	at com.kms.katalon.core.common.CommonExecutor.accessTestCaseMainPhase(CommonExecutor.java:65)
	at com.kms.katalon.core.main.TestSuiteExecutor.accessTestSuiteMainPhase(TestSuiteExecutor.java:148)
	at com.kms.katalon.core.main.TestSuiteExecutor.execute(TestSuiteExecutor.java:106)
	at com.kms.katalon.core.main.TestCaseMain.startTestSuite(TestCaseMain.java:187)
	at com.kms.katalon.core.main.TestCaseMain$startTestSuite$0.call(Unknown Source)
	at TempTestSuite1738842962897.run(TempTestSuite1738842962897.groovy:35)
Caused by: org.openqa.selenium.SessionNotCreatedException: session not created: This version of Microsoft Edge WebDriver only supports Microsoft Edge version 130
Current browser version is 132.0.2957.140 with binary path C:\Program Files (x86)\Microsoft\Edge\Application\msedge.exe
Build info: version: &amp;apos;3.141.59&amp;apos;, revision: &amp;apos;e82be7d358&amp;apos;, time: &amp;apos;2018-11-14T08:25:53&amp;apos;
System info: host: &amp;apos;DL0097&amp;apos;, ip: &amp;apos;10.136.10.15&amp;apos;, os.name: &amp;apos;Windows 10&amp;apos;, os.arch: &amp;apos;amd64&amp;apos;, os.version: &amp;apos;10.0&amp;apos;, java.version: &amp;apos;1.8.0_282&amp;apos;
Driver info: driver.version: CEdgeDriver
remote stacktrace: 	GetHandleVerifier [0x00BDA2F3+37491]
	Microsoft::Applications::Events::time_ticks_t::time_ticks_t [0x00A7CB76+734246]
	Microsoft::Applications::Events::ILogConfiguration::operator* [0x0085471A+3482]
	Microsoft::Applications::Events::GUID_t::GUID_t [0x0087DBFA+65914]
	Microsoft::Applications::Events::GUID_t::GUID_t [0x0087D194+63252]
	Microsoft::Applications::Events::GUID_t::GUID_t [0x0087A37B+51451]
	Microsoft::Applications::Events::GUID_t::GUID_t [0x008760C8+34376]
	Microsoft::Applications::Events::GUID_t::GUID_t [0x008A79F7+237431]
	Microsoft::Applications::Events::GUID_t::GUID_t [0x008A722C+235436]
	Microsoft::Applications::Events::GUID_t::GUID_t [0x0089E0C6+198214]
	Microsoft::Applications::Events::GUID_t::GUID_t [0x00880B2F+77999]
	Microsoft::Applications::Events::GUID_t::GUID_t [0x0087FB99+74009]
	Microsoft::Applications::Events::GUID_t::GUID_t [0x0088057D+76541]
	GetHandleVerifier [0x00C5203C+528316]
	Microsoft::Applications::Events::FromJSON [0x00DA5B8C+660764]
	Microsoft::Applications::Events::FromJSON [0x00DA5498+658984]
	Microsoft::Applications::Events::FromJSON [0x00D96354+597220]
	Microsoft::Applications::Events::FromJSON [0x00DA6307+662679]
	Microsoft::Applications::Events::time_ticks_t::time_ticks_t [0x00A92A0D+823997]
	Microsoft::Applications::Events::time_ticks_t::time_ticks_t [0x00A85C78+771368]
	Microsoft::Applications::Events::time_ticks_t::time_ticks_t [0x00A85E5A+771850]
	Microsoft::Applications::Events::time_ticks_t::time_ticks_t [0x00A6E885+676149]
	BaseThreadInitThunk [0x76987BA9+25]
	RtlInitializeExceptionChain [0x7768C0CB+107]
	RtlClearBits [0x7768C04F+191]

	at org.openqa.selenium.remote.W3CHandshakeResponse.lambda$errorHandler$0(W3CHandshakeResponse.java:62)
	at org.openqa.selenium.remote.HandshakeResponse.lambda$getResponseFunction$0(HandshakeResponse.java:30)
	at org.openqa.selenium.remote.ProtocolHandshake.lambda$createSession$0(ProtocolHandshake.java:126)
	at org.openqa.selenium.remote.ProtocolHandshake.createSession(ProtocolHandshake.java:128)
	at org.openqa.selenium.remote.ProtocolHandshake.createSession(ProtocolHandshake.java:74)
	at org.openqa.selenium.remote.HttpCommandExecutor.execute(HttpCommandExecutor.java:136)
	at org.openqa.selenium.remote.service.DriverCommandExecutor.execute(DriverCommandExecutor.java:83)
	at org.openqa.selenium.remote.RemoteWebDriver.execute(RemoteWebDriver.java:552)
	at com.kms.katalon.selenium.driver.CEdgeDriver.execute(CEdgeDriver.java:20)
	at org.openqa.selenium.remote.RemoteWebDriver.startSession(RemoteWebDriver.java:213)
	at org.openqa.selenium.remote.RemoteWebDriver.&amp;lt;init&amp;gt;(RemoteWebDriver.java:131)
	at org.openqa.selenium.edge.EdgeDriver.&amp;lt;init&amp;gt;(EdgeDriver.java:154)
	at com.kms.katalon.selenium.driver.CEdgeDriver.&amp;lt;init&amp;gt;(CEdgeDriver.java:14)
	at com.kms.katalon.core.webui.driver.DriverFactory.createNewEdgeChromiumDriver(DriverFactory.java:674)
	at com.kms.katalon.core.webui.driver.DriverFactory.startNewBrowser(DriverFactory.java:389)
	at com.kms.katalon.core.webui.driver.DriverFactory.openWebDriver(DriverFactory.java:263)
	at com.kms.katalon.core.webui.keyword.builtin.OpenBrowserKeyword$_openBrowser_closure1.doCall(OpenBrowserKeyword.groovy:74)
	at com.kms.katalon.core.webui.keyword.builtin.OpenBrowserKeyword$_openBrowser_closure1.call(OpenBrowserKeyword.groovy)
	at com.kms.katalon.core.webui.keyword.internal.WebUIKeywordMain.runKeyword(WebUIKeywordMain.groovy:20)
	at com.kms.katalon.core.webui.keyword.builtin.OpenBrowserKeyword.openBrowser(OpenBrowserKeyword.groovy:81)
	at com.kms.katalon.core.webui.keyword.builtin.OpenBrowserKeyword.execute(OpenBrowserKeyword.groovy:67)
	at com.kms.katalon.core.keyword.internal.KeywordExecutor.executeKeywordForPlatform(KeywordExecutor.groovy:74)
	at com.kms.katalon.core.webui.keyword.WebUiBuiltInKeywords.openBrowser(WebUiBuiltInKeywords.groovy:64)
	at com.kms.katalon.core.webui.keyword.WebUiBuiltInKeywords$openBrowser.call(Unknown Source)
	at Script1726224982168.run(Script1726224982168.groovy:20)
	at com.kms.katalon.core.main.ScriptEngine.run(ScriptEngine.java:194)
	at com.kms.katalon.core.main.ScriptEngine.runScriptAsRawText(ScriptEngine.java:119)
	at com.kms.katalon.core.main.TestCaseExecutor.runScript(TestCaseExecutor.java:448)
	at com.kms.katalon.core.main.TestCaseExecutor.doExecute(TestCaseExecutor.java:439)
	at com.kms.katalon.core.main.TestCaseExecutor.processExecutionPhase(TestCaseExecutor.java:418)
	at com.kms.katalon.core.main.TestCaseExecutor.accessMainPhase(TestCaseExecutor.java:410)
	at com.kms.katalon.core.main.TestCaseExecutor.execute(TestCaseExecutor.java:285)
	at com.kms.katalon.core.main.TestCaseMain.runTestCase(TestCaseMain.java:144)
	at com.kms.katalon.core.keyword.builtin.CallTestCaseKeyword$_callTestCase_closure1.doCall(CallTestCaseKeyword.groovy:59)
	at com.kms.katalon.core.keyword.builtin.CallTestCaseKeyword$_callTestCase_closure1.call(CallTestCaseKeyword.groovy)
	at com.kms.katalon.core.keyword.internal.KeywordMain.runKeyword(KeywordMain.groovy:75)
	at com.kms.katalon.core.keyword.builtin.CallTestCaseKeyword.callTestCase(CallTestCaseKeyword.groovy:81)
	at com.kms.katalon.core.keyword.builtin.CallTestCaseKeyword.execute(CallTestCaseKeyword.groovy:44)
	at com.kms.katalon.core.keyword.internal.KeywordExecutor.executeKeywordForPlatform(KeywordExecutor.groovy:74)
	at com.kms.katalon.core.keyword.BuiltinKeywords.callTestCase(BuiltinKeywords.groovy:310)
	at Script1726232808134.run(Script1726232808134.groovy:20)
	... 13 more
)</message>
  <nestedLevel>2</nestedLevel>
  <escapedJava>false</escapedJava>
  <property name="failed.exception.class">org.openqa.selenium.SessionNotCreatedException</property>
  <property name="failed.exception.stacktrace">org.openqa.selenium.SessionNotCreatedException: session not created: This version of Microsoft Edge WebDriver only supports Microsoft Edge version 130
Current browser version is 132.0.2957.140 with binary path C:\Program Files (x86)\Microsoft\Edge\Application\msedge.exe
Build info: version: &apos;3.141.59&apos;, revision: &apos;e82be7d358&apos;, time: &apos;2018-11-14T08:25:53&apos;
System info: host: &apos;DL0097&apos;, ip: &apos;10.136.10.15&apos;, os.name: &apos;Windows 10&apos;, os.arch: &apos;amd64&apos;, os.version: &apos;10.0&apos;, java.version: &apos;1.8.0_282&apos;
Driver info: driver.version: CEdgeDriver
remote stacktrace: 	GetHandleVerifier [0x00BDA2F3+37491]
	Microsoft::Applications::Events::time_ticks_t::time_ticks_t [0x00A7CB76+734246]
	Microsoft::Applications::Events::ILogConfiguration::operator* [0x0085471A+3482]
	Microsoft::Applications::Events::GUID_t::GUID_t [0x0087DBFA+65914]
	Microsoft::Applications::Events::GUID_t::GUID_t [0x0087D194+63252]
	Microsoft::Applications::Events::GUID_t::GUID_t [0x0087A37B+51451]
	Microsoft::Applications::Events::GUID_t::GUID_t [0x008760C8+34376]
	Microsoft::Applications::Events::GUID_t::GUID_t [0x008A79F7+237431]
	Microsoft::Applications::Events::GUID_t::GUID_t [0x008A722C+235436]
	Microsoft::Applications::Events::GUID_t::GUID_t [0x0089E0C6+198214]
	Microsoft::Applications::Events::GUID_t::GUID_t [0x00880B2F+77999]
	Microsoft::Applications::Events::GUID_t::GUID_t [0x0087FB99+74009]
	Microsoft::Applications::Events::GUID_t::GUID_t [0x0088057D+76541]
	GetHandleVerifier [0x00C5203C+528316]
	Microsoft::Applications::Events::FromJSON [0x00DA5B8C+660764]
	Microsoft::Applications::Events::FromJSON [0x00DA5498+658984]
	Microsoft::Applications::Events::FromJSON [0x00D96354+597220]
	Microsoft::Applications::Events::FromJSON [0x00DA6307+662679]
	Microsoft::Applications::Events::time_ticks_t::time_ticks_t [0x00A92A0D+823997]
	Microsoft::Applications::Events::time_ticks_t::time_ticks_t [0x00A85C78+771368]
	Microsoft::Applications::Events::time_ticks_t::time_ticks_t [0x00A85E5A+771850]
	Microsoft::Applications::Events::time_ticks_t::time_ticks_t [0x00A6E885+676149]
	BaseThreadInitThunk [0x76987BA9+25]
	RtlInitializeExceptionChain [0x7768C0CB+107]
	RtlClearBits [0x7768C04F+191]

	at org.openqa.selenium.remote.W3CHandshakeResponse.lambda$errorHandler$0(W3CHandshakeResponse.java:62)
	at org.openqa.selenium.remote.HandshakeResponse.lambda$getResponseFunction$0(HandshakeResponse.java:30)
	at org.openqa.selenium.remote.ProtocolHandshake.lambda$createSession$0(ProtocolHandshake.java:126)
	at org.openqa.selenium.remote.ProtocolHandshake.createSession(ProtocolHandshake.java:128)
	at org.openqa.selenium.remote.ProtocolHandshake.createSession(ProtocolHandshake.java:74)
	at org.openqa.selenium.remote.HttpCommandExecutor.execute(HttpCommandExecutor.java:136)
	at org.openqa.selenium.remote.service.DriverCommandExecutor.execute(DriverCommandExecutor.java:83)
	at org.openqa.selenium.remote.RemoteWebDriver.execute(RemoteWebDriver.java:552)
	at com.kms.katalon.selenium.driver.CEdgeDriver.execute(CEdgeDriver.java:20)
	at org.openqa.selenium.remote.RemoteWebDriver.startSession(RemoteWebDriver.java:213)
	at org.openqa.selenium.remote.RemoteWebDriver.&lt;init&gt;(RemoteWebDriver.java:131)
	at org.openqa.selenium.edge.EdgeDriver.&lt;init&gt;(EdgeDriver.java:154)
	at com.kms.katalon.selenium.driver.CEdgeDriver.&lt;init&gt;(CEdgeDriver.java:14)
	at com.kms.katalon.core.webui.driver.DriverFactory.createNewEdgeChromiumDriver(DriverFactory.java:674)
	at com.kms.katalon.core.webui.driver.DriverFactory.startNewBrowser(DriverFactory.java:389)
	at com.kms.katalon.core.webui.driver.DriverFactory.openWebDriver(DriverFactory.java:263)
	at com.kms.katalon.core.webui.keyword.builtin.OpenBrowserKeyword$_openBrowser_closure1.doCall(OpenBrowserKeyword.groovy:74)
	at com.kms.katalon.core.webui.keyword.builtin.OpenBrowserKeyword$_openBrowser_closure1.call(OpenBrowserKeyword.groovy)
	at com.kms.katalon.core.webui.keyword.internal.WebUIKeywordMain.runKeyword(WebUIKeywordMain.groovy:20)
	at com.kms.katalon.core.webui.keyword.builtin.OpenBrowserKeyword.openBrowser(OpenBrowserKeyword.groovy:81)
	at com.kms.katalon.core.webui.keyword.builtin.OpenBrowserKeyword.execute(OpenBrowserKeyword.groovy:67)
	at com.kms.katalon.core.keyword.internal.KeywordExecutor.executeKeywordForPlatform(KeywordExecutor.groovy:74)
	at com.kms.katalon.core.webui.keyword.WebUiBuiltInKeywords.openBrowser(WebUiBuiltInKeywords.groovy:64)
	at com.kms.katalon.core.webui.keyword.WebUiBuiltInKeywords$openBrowser.call(Unknown Source)
	at Principal-Home.run(Principal-Home:20)
	at com.kms.katalon.core.main.ScriptEngine.run(ScriptEngine.java:194)
	at com.kms.katalon.core.main.ScriptEngine.runScriptAsRawText(ScriptEngine.java:119)
	at com.kms.katalon.core.main.TestCaseExecutor.runScript(TestCaseExecutor.java:448)
	at com.kms.katalon.core.main.TestCaseExecutor.doExecute(TestCaseExecutor.java:439)
	at com.kms.katalon.core.main.TestCaseExecutor.processExecutionPhase(TestCaseExecutor.java:418)
	at com.kms.katalon.core.main.TestCaseExecutor.accessMainPhase(TestCaseExecutor.java:410)
	at com.kms.katalon.core.main.TestCaseExecutor.execute(TestCaseExecutor.java:285)
	at com.kms.katalon.core.main.TestCaseMain.runTestCase(TestCaseMain.java:144)
	at com.kms.katalon.core.keyword.builtin.CallTestCaseKeyword$_callTestCase_closure1.doCall(CallTestCaseKeyword.groovy:59)
	at com.kms.katalon.core.keyword.builtin.CallTestCaseKeyword$_callTestCase_closure1.call(CallTestCaseKeyword.groovy)
	at com.kms.katalon.core.keyword.internal.KeywordMain.runKeyword(KeywordMain.groovy:75)
	at com.kms.katalon.core.keyword.builtin.CallTestCaseKeyword.callTestCase(CallTestCaseKeyword.groovy:81)
	at com.kms.katalon.core.keyword.builtin.CallTestCaseKeyword.execute(CallTestCaseKeyword.groovy:44)
	at com.kms.katalon.core.keyword.internal.KeywordExecutor.executeKeywordForPlatform(KeywordExecutor.groovy:74)
	at com.kms.katalon.core.keyword.BuiltinKeywords.callTestCase(BuiltinKeywords.groovy:310)
	at 1.Destin_Lima.run(1.Destin_Lima:20)
	at com.kms.katalon.core.main.ScriptEngine.run(ScriptEngine.java:194)
	at com.kms.katalon.core.main.ScriptEngine.runScriptAsRawText(ScriptEngine.java:119)
	at com.kms.katalon.core.main.TestCaseExecutor.runScript(TestCaseExecutor.java:448)
	at com.kms.katalon.core.main.TestCaseExecutor.doExecute(TestCaseExecutor.java:439)
	at com.kms.katalon.core.main.TestCaseExecutor.processExecutionPhase(TestCaseExecutor.java:418)
	at com.kms.katalon.core.main.TestCaseExecutor.accessMainPhase(TestCaseExecutor.java:410)
	at com.kms.katalon.core.main.TestCaseExecutor.execute(TestCaseExecutor.java:285)
	at com.kms.katalon.core.common.CommonExecutor.accessTestCaseMainPhase(CommonExecutor.java:65)
	at com.kms.katalon.core.main.TestSuiteExecutor.accessTestSuiteMainPhase(TestSuiteExecutor.java:148)
	at com.kms.katalon.core.main.TestSuiteExecutor.execute(TestSuiteExecutor.java:106)
	at com.kms.katalon.core.main.TestCaseMain.startTestSuite(TestCaseMain.java:187)
	at com.kms.katalon.core.main.TestCaseMain$startTestSuite$0.call(Unknown Source)
	at TempTestSuite1738842962897.run(TempTestSuite1738842962897.groovy:35)
</property>
  <property name="failed.exception.message">session not created: This version of Microsoft Edge WebDriver only supports Microsoft Edge version 130
Current browser version is 132.0.2957.140 with binary path C:\Program Files (x86)\Microsoft\Edge\Application\msedge.exe
Build info: version: &apos;3.141.59&apos;, revision: &apos;e82be7d358&apos;, time: &apos;2018-11-14T08:25:53&apos;
System info: host: &apos;DL0097&apos;, ip: &apos;10.136.10.15&apos;, os.name: &apos;Windows 10&apos;, os.arch: &apos;amd64&apos;, os.version: &apos;10.0&apos;, java.version: &apos;1.8.0_282&apos;
Driver info: driver.version: CEdgeDriver
remote stacktrace: 	GetHandleVerifier [0x00BDA2F3+37491]
	Microsoft::Applications::Events::time_ticks_t::time_ticks_t [0x00A7CB76+734246]
	Microsoft::Applications::Events::ILogConfiguration::operator* [0x0085471A+3482]
	Microsoft::Applications::Events::GUID_t::GUID_t [0x0087DBFA+65914]
	Microsoft::Applications::Events::GUID_t::GUID_t [0x0087D194+63252]
	Microsoft::Applications::Events::GUID_t::GUID_t [0x0087A37B+51451]
	Microsoft::Applications::Events::GUID_t::GUID_t [0x008760C8+34376]
	Microsoft::Applications::Events::GUID_t::GUID_t [0x008A79F7+237431]
	Microsoft::Applications::Events::GUID_t::GUID_t [0x008A722C+235436]
	Microsoft::Applications::Events::GUID_t::GUID_t [0x0089E0C6+198214]
	Microsoft::Applications::Events::GUID_t::GUID_t [0x00880B2F+77999]
	Microsoft::Applications::Events::GUID_t::GUID_t [0x0087FB99+74009]
	Microsoft::Applications::Events::GUID_t::GUID_t [0x0088057D+76541]
	GetHandleVerifier [0x00C5203C+528316]
	Microsoft::Applications::Events::FromJSON [0x00DA5B8C+660764]
	Microsoft::Applications::Events::FromJSON [0x00DA5498+658984]
	Microsoft::Applications::Events::FromJSON [0x00D96354+597220]
	Microsoft::Applications::Events::FromJSON [0x00DA6307+662679]
	Microsoft::Applications::Events::time_ticks_t::time_ticks_t [0x00A92A0D+823997]
	Microsoft::Applications::Events::time_ticks_t::time_ticks_t [0x00A85C78+771368]
	Microsoft::Applications::Events::time_ticks_t::time_ticks_t [0x00A85E5A+771850]
	Microsoft::Applications::Events::time_ticks_t::time_ticks_t [0x00A6E885+676149]
	BaseThreadInitThunk [0x76987BA9+25]
	RtlInitializeExceptionChain [0x7768C0CB+107]
	RtlClearBits [0x7768C04F+191]
</property>
</record>
<record>
  <date>2025-02-06T06:56:17</date>
  <millis>1738842977631</millis>
  <sequence>218</sequence>
  <level>END</level>
  <class>com.kms.katalon.core.logging.XmlKeywordLogger</class>
  <method>endKeyword</method>
  <thread>1</thread>
  <message>End action : openBrowser(&amp;quot;&amp;quot;)</message>
  <nestedLevel>1</nestedLevel>
  <escapedJava>false</escapedJava>
</record>
<record>
  <date>2025-02-06T06:56:17</date>
  <millis>1738842977631</millis>
  <sequence>221</sequence>
  <level>FAILED</level>
  <class>com.kms.katalon.core.logging.XmlKeywordLogger</class>
  <method>logMessage</method>
  <thread>1</thread>
  <message>Test Cases/Registro_Envíos/1.Inicio/1.Principal/Principal-Home FAILED.
Reason:
com.kms.katalon.core.exception.StepFailedException: Unable to open browser with url: &amp;apos;&amp;apos;
	at com.kms.katalon.core.webui.keyword.internal.WebUIKeywordMain.stepFailed(WebUIKeywordMain.groovy:64)
	at com.kms.katalon.core.webui.keyword.internal.WebUIKeywordMain.runKeyword(WebUIKeywordMain.groovy:26)
	at com.kms.katalon.core.webui.keyword.builtin.OpenBrowserKeyword.openBrowser(OpenBrowserKeyword.groovy:81)
	at com.kms.katalon.core.webui.keyword.builtin.OpenBrowserKeyword.execute(OpenBrowserKeyword.groovy:67)
	at com.kms.katalon.core.keyword.internal.KeywordExecutor.executeKeywordForPlatform(KeywordExecutor.groovy:74)
	at com.kms.katalon.core.webui.keyword.WebUiBuiltInKeywords.openBrowser(WebUiBuiltInKeywords.groovy:64)
	at com.kms.katalon.core.webui.keyword.WebUiBuiltInKeywords$openBrowser.call(Unknown Source)
	at Principal-Home.run(Principal-Home:20)
	at com.kms.katalon.core.main.ScriptEngine.run(ScriptEngine.java:194)
	at com.kms.katalon.core.main.ScriptEngine.runScriptAsRawText(ScriptEngine.java:119)
	at com.kms.katalon.core.main.TestCaseExecutor.runScript(TestCaseExecutor.java:448)
	at com.kms.katalon.core.main.TestCaseExecutor.doExecute(TestCaseExecutor.java:439)
	at com.kms.katalon.core.main.TestCaseExecutor.processExecutionPhase(TestCaseExecutor.java:418)
	at com.kms.katalon.core.main.TestCaseExecutor.accessMainPhase(TestCaseExecutor.java:410)
	at com.kms.katalon.core.main.TestCaseExecutor.execute(TestCaseExecutor.java:285)
	at com.kms.katalon.core.main.TestCaseMain.runTestCase(TestCaseMain.java:144)
	at com.kms.katalon.core.keyword.builtin.CallTestCaseKeyword$_callTestCase_closure1.doCall(CallTestCaseKeyword.groovy:59)
	at com.kms.katalon.core.keyword.builtin.CallTestCaseKeyword$_callTestCase_closure1.call(CallTestCaseKeyword.groovy)
	at com.kms.katalon.core.keyword.internal.KeywordMain.runKeyword(KeywordMain.groovy:75)
	at com.kms.katalon.core.keyword.builtin.CallTestCaseKeyword.callTestCase(CallTestCaseKeyword.groovy:81)
	at com.kms.katalon.core.keyword.builtin.CallTestCaseKeyword.execute(CallTestCaseKeyword.groovy:44)
	at com.kms.katalon.core.keyword.internal.KeywordExecutor.executeKeywordForPlatform(KeywordExecutor.groovy:74)
	at com.kms.katalon.core.keyword.BuiltinKeywords.callTestCase(BuiltinKeywords.groovy:310)
	at 1.Destin_Lima.run(1.Destin_Lima:20)
	at com.kms.katalon.core.main.ScriptEngine.run(ScriptEngine.java:194)
	at com.kms.katalon.core.main.ScriptEngine.runScriptAsRawText(ScriptEngine.java:119)
	at com.kms.katalon.core.main.TestCaseExecutor.runScript(TestCaseExecutor.java:448)
	at com.kms.katalon.core.main.TestCaseExecutor.doExecute(TestCaseExecutor.java:439)
	at com.kms.katalon.core.main.TestCaseExecutor.processExecutionPhase(TestCaseExecutor.java:418)
	at com.kms.katalon.core.main.TestCaseExecutor.accessMainPhase(TestCaseExecutor.java:410)
	at com.kms.katalon.core.main.TestCaseExecutor.execute(TestCaseExecutor.java:285)
	at com.kms.katalon.core.common.CommonExecutor.accessTestCaseMainPhase(CommonExecutor.java:65)
	at com.kms.katalon.core.main.TestSuiteExecutor.accessTestSuiteMainPhase(TestSuiteExecutor.java:148)
	at com.kms.katalon.core.main.TestSuiteExecutor.execute(TestSuiteExecutor.java:106)
	at com.kms.katalon.core.main.TestCaseMain.startTestSuite(TestCaseMain.java:187)
	at com.kms.katalon.core.main.TestCaseMain$startTestSuite$0.call(Unknown Source)
	at TempTestSuite1738842962897.run(TempTestSuite1738842962897.groovy:35)
Caused by: org.openqa.selenium.SessionNotCreatedException: session not created: This version of Microsoft Edge WebDriver only supports Microsoft Edge version 130
Current browser version is 132.0.2957.140 with binary path C:\Program Files (x86)\Microsoft\Edge\Application\msedge.exe
Build info: version: &amp;apos;3.141.59&amp;apos;, revision: &amp;apos;e82be7d358&amp;apos;, time: &amp;apos;2018-11-14T08:25:53&amp;apos;
System info: host: &amp;apos;DL0097&amp;apos;, ip: &amp;apos;10.136.10.15&amp;apos;, os.name: &amp;apos;Windows 10&amp;apos;, os.arch: &amp;apos;amd64&amp;apos;, os.version: &amp;apos;10.0&amp;apos;, java.version: &amp;apos;1.8.0_282&amp;apos;
Driver info: driver.version: CEdgeDriver
remote stacktrace: 	GetHandleVerifier [0x00BDA2F3+37491]
	Microsoft::Applications::Events::time_ticks_t::time_ticks_t [0x00A7CB76+734246]
	Microsoft::Applications::Events::ILogConfiguration::operator* [0x0085471A+3482]
	Microsoft::Applications::Events::GUID_t::GUID_t [0x0087DBFA+65914]
	Microsoft::Applications::Events::GUID_t::GUID_t [0x0087D194+63252]
	Microsoft::Applications::Events::GUID_t::GUID_t [0x0087A37B+51451]
	Microsoft::Applications::Events::GUID_t::GUID_t [0x008760C8+34376]
	Microsoft::Applications::Events::GUID_t::GUID_t [0x008A79F7+237431]
	Microsoft::Applications::Events::GUID_t::GUID_t [0x008A722C+235436]
	Microsoft::Applications::Events::GUID_t::GUID_t [0x0089E0C6+198214]
	Microsoft::Applications::Events::GUID_t::GUID_t [0x00880B2F+77999]
	Microsoft::Applications::Events::GUID_t::GUID_t [0x0087FB99+74009]
	Microsoft::Applications::Events::GUID_t::GUID_t [0x0088057D+76541]
	GetHandleVerifier [0x00C5203C+528316]
	Microsoft::Applications::Events::FromJSON [0x00DA5B8C+660764]
	Microsoft::Applications::Events::FromJSON [0x00DA5498+658984]
	Microsoft::Applications::Events::FromJSON [0x00D96354+597220]
	Microsoft::Applications::Events::FromJSON [0x00DA6307+662679]
	Microsoft::Applications::Events::time_ticks_t::time_ticks_t [0x00A92A0D+823997]
	Microsoft::Applications::Events::time_ticks_t::time_ticks_t [0x00A85C78+771368]
	Microsoft::Applications::Events::time_ticks_t::time_ticks_t [0x00A85E5A+771850]
	Microsoft::Applications::Events::time_ticks_t::time_ticks_t [0x00A6E885+676149]
	BaseThreadInitThunk [0x76987BA9+25]
	RtlInitializeExceptionChain [0x7768C0CB+107]
	RtlClearBits [0x7768C04F+191]

	at org.openqa.selenium.remote.W3CHandshakeResponse.lambda$errorHandler$0(W3CHandshakeResponse.java:62)
	at org.openqa.selenium.remote.HandshakeResponse.lambda$getResponseFunction$0(HandshakeResponse.java:30)
	at org.openqa.selenium.remote.ProtocolHandshake.lambda$createSession$0(ProtocolHandshake.java:126)
	at org.openqa.selenium.remote.ProtocolHandshake.createSession(ProtocolHandshake.java:128)
	at org.openqa.selenium.remote.ProtocolHandshake.createSession(ProtocolHandshake.java:74)
	at org.openqa.selenium.remote.HttpCommandExecutor.execute(HttpCommandExecutor.java:136)
	at org.openqa.selenium.remote.service.DriverCommandExecutor.execute(DriverCommandExecutor.java:83)
	at org.openqa.selenium.remote.RemoteWebDriver.execute(RemoteWebDriver.java:552)
	at com.kms.katalon.selenium.driver.CEdgeDriver.execute(CEdgeDriver.java:20)
	at org.openqa.selenium.remote.RemoteWebDriver.startSession(RemoteWebDriver.java:213)
	at org.openqa.selenium.remote.RemoteWebDriver.&amp;lt;init&amp;gt;(RemoteWebDriver.java:131)
	at org.openqa.selenium.edge.EdgeDriver.&amp;lt;init&amp;gt;(EdgeDriver.java:154)
	at com.kms.katalon.selenium.driver.CEdgeDriver.&amp;lt;init&amp;gt;(CEdgeDriver.java:14)
	at com.kms.katalon.core.webui.driver.DriverFactory.createNewEdgeChromiumDriver(DriverFactory.java:674)
	at com.kms.katalon.core.webui.driver.DriverFactory.startNewBrowser(DriverFactory.java:389)
	at com.kms.katalon.core.webui.driver.DriverFactory.openWebDriver(DriverFactory.java:263)
	at com.kms.katalon.core.webui.keyword.builtin.OpenBrowserKeyword$_openBrowser_closure1.doCall(OpenBrowserKeyword.groovy:74)
	at com.kms.katalon.core.webui.keyword.builtin.OpenBrowserKeyword$_openBrowser_closure1.call(OpenBrowserKeyword.groovy)
	at com.kms.katalon.core.webui.keyword.internal.WebUIKeywordMain.runKeyword(WebUIKeywordMain.groovy:20)
	... 35 more
</message>
  <exception>
    <message>com.kms.katalon.core.exception.StepFailedException: Unable to open browser with url: ''</message>
    <frame>
      <class>com.kms.katalon.core.webui.keyword.internal.WebUIKeywordMain</class>
      <method>stepFailed</method>
      <line>64</line>
    </frame>
    <frame>
      <class>com.kms.katalon.core.webui.keyword.internal.WebUIKeywordMain</class>
      <method>runKeyword</method>
      <line>26</line>
    </frame>
    <frame>
      <class>com.kms.katalon.core.webui.keyword.builtin.OpenBrowserKeyword</class>
      <method>openBrowser</method>
      <line>81</line>
    </frame>
    <frame>
      <class>com.kms.katalon.core.webui.keyword.builtin.OpenBrowserKeyword</class>
      <method>execute</method>
      <line>67</line>
    </frame>
    <frame>
      <class>com.kms.katalon.core.keyword.internal.KeywordExecutor</class>
      <method>executeKeywordForPlatform</method>
      <line>74</line>
    </frame>
    <frame>
      <class>com.kms.katalon.core.webui.keyword.WebUiBuiltInKeywords</class>
      <method>openBrowser</method>
      <line>64</line>
    </frame>
    <frame>
      <class>com.kms.katalon.core.webui.keyword.WebUiBuiltInKeywords$openBrowser</class>
      <method>call</method>
    </frame>
    <frame>
      <class>Principal-Home</class>
      <method>run</method>
      <line>20</line>
    </frame>
    <frame>
      <class>com.kms.katalon.core.main.ScriptEngine</class>
      <method>run</method>
      <line>194</line>
    </frame>
    <frame>
      <class>com.kms.katalon.core.main.ScriptEngine</class>
      <method>runScriptAsRawText</method>
      <line>119</line>
    </frame>
    <frame>
      <class>com.kms.katalon.core.main.TestCaseExecutor</class>
      <method>runScript</method>
      <line>448</line>
    </frame>
    <frame>
      <class>com.kms.katalon.core.main.TestCaseExecutor</class>
      <method>doExecute</method>
      <line>439</line>
    </frame>
    <frame>
      <class>com.kms.katalon.core.main.TestCaseExecutor</class>
      <method>processExecutionPhase</method>
      <line>418</line>
    </frame>
    <frame>
      <class>com.kms.katalon.core.main.TestCaseExecutor</class>
      <method>accessMainPhase</method>
      <line>410</line>
    </frame>
    <frame>
      <class>com.kms.katalon.core.main.TestCaseExecutor</class>
      <method>execute</method>
      <line>285</line>
    </frame>
    <frame>
      <class>com.kms.katalon.core.main.TestCaseMain</class>
      <method>runTestCase</method>
      <line>144</line>
    </frame>
    <frame>
      <class>com.kms.katalon.core.keyword.builtin.CallTestCaseKeyword$_callTestCase_closure1</class>
      <method>doCall</method>
      <line>59</line>
    </frame>
    <frame>
      <class>com.kms.katalon.core.keyword.builtin.CallTestCaseKeyword$_callTestCase_closure1</class>
      <method>call</method>
    </frame>
    <frame>
      <class>com.kms.katalon.core.keyword.internal.KeywordMain</class>
      <method>runKeyword</method>
      <line>75</line>
    </frame>
    <frame>
      <class>com.kms.katalon.core.keyword.builtin.CallTestCaseKeyword</class>
      <method>callTestCase</method>
      <line>81</line>
    </frame>
    <frame>
      <class>com.kms.katalon.core.keyword.builtin.CallTestCaseKeyword</class>
      <method>execute</method>
      <line>44</line>
    </frame>
    <frame>
      <class>com.kms.katalon.core.keyword.internal.KeywordExecutor</class>
      <method>executeKeywordForPlatform</method>
      <line>74</line>
    </frame>
    <frame>
      <class>com.kms.katalon.core.keyword.BuiltinKeywords</class>
      <method>callTestCase</method>
      <line>310</line>
    </frame>
    <frame>
      <class>1.Destin_Lima</class>
      <method>run</method>
      <line>20</line>
    </frame>
    <frame>
      <class>com.kms.katalon.core.main.ScriptEngine</class>
      <method>run</method>
      <line>194</line>
    </frame>
    <frame>
      <class>com.kms.katalon.core.main.ScriptEngine</class>
      <method>runScriptAsRawText</method>
      <line>119</line>
    </frame>
    <frame>
      <class>com.kms.katalon.core.main.TestCaseExecutor</class>
      <method>runScript</method>
      <line>448</line>
    </frame>
    <frame>
      <class>com.kms.katalon.core.main.TestCaseExecutor</class>
      <method>doExecute</method>
      <line>439</line>
    </frame>
    <frame>
      <class>com.kms.katalon.core.main.TestCaseExecutor</class>
      <method>processExecutionPhase</method>
      <line>418</line>
    </frame>
    <frame>
      <class>com.kms.katalon.core.main.TestCaseExecutor</class>
      <method>accessMainPhase</method>
      <line>410</line>
    </frame>
    <frame>
      <class>com.kms.katalon.core.main.TestCaseExecutor</class>
      <method>execute</method>
      <line>285</line>
    </frame>
    <frame>
      <class>com.kms.katalon.core.common.CommonExecutor</class>
      <method>accessTestCaseMainPhase</method>
      <line>65</line>
    </frame>
    <frame>
      <class>com.kms.katalon.core.main.TestSuiteExecutor</class>
      <method>accessTestSuiteMainPhase</method>
      <line>148</line>
    </frame>
    <frame>
      <class>com.kms.katalon.core.main.TestSuiteExecutor</class>
      <method>execute</method>
      <line>106</line>
    </frame>
    <frame>
      <class>com.kms.katalon.core.main.TestCaseMain</class>
      <method>startTestSuite</method>
      <line>187</line>
    </frame>
    <frame>
      <class>com.kms.katalon.core.main.TestCaseMain$startTestSuite$0</class>
      <method>call</method>
    </frame>
    <frame>
      <class>TempTestSuite1738842962897</class>
      <method>run</method>
      <line>35</line>
    </frame>
  </exception>
  <nestedLevel>0</nestedLevel>
  <escapedJava>false</escapedJava>
  <property name="failed.exception.stacktrace">org.openqa.selenium.SessionNotCreatedException: session not created: This version of Microsoft Edge WebDriver only supports Microsoft Edge version 130
Current browser version is 132.0.2957.140 with binary path C:\Program Files (x86)\Microsoft\Edge\Application\msedge.exe
Build info: version: &apos;3.141.59&apos;, revision: &apos;e82be7d358&apos;, time: &apos;2018-11-14T08:25:53&apos;
System info: host: &apos;DL0097&apos;, ip: &apos;10.136.10.15&apos;, os.name: &apos;Windows 10&apos;, os.arch: &apos;amd64&apos;, os.version: &apos;10.0&apos;, java.version: &apos;1.8.0_282&apos;
Driver info: driver.version: CEdgeDriver
remote stacktrace: 	GetHandleVerifier [0x00BDA2F3+37491]
	Microsoft::Applications::Events::time_ticks_t::time_ticks_t [0x00A7CB76+734246]
	Microsoft::Applications::Events::ILogConfiguration::operator* [0x0085471A+3482]
	Microsoft::Applications::Events::GUID_t::GUID_t [0x0087DBFA+65914]
	Microsoft::Applications::Events::GUID_t::GUID_t [0x0087D194+63252]
	Microsoft::Applications::Events::GUID_t::GUID_t [0x0087A37B+51451]
	Microsoft::Applications::Events::GUID_t::GUID_t [0x008760C8+34376]
	Microsoft::Applications::Events::GUID_t::GUID_t [0x008A79F7+237431]
	Microsoft::Applications::Events::GUID_t::GUID_t [0x008A722C+235436]
	Microsoft::Applications::Events::GUID_t::GUID_t [0x0089E0C6+198214]
	Microsoft::Applications::Events::GUID_t::GUID_t [0x00880B2F+77999]
	Microsoft::Applications::Events::GUID_t::GUID_t [0x0087FB99+74009]
	Microsoft::Applications::Events::GUID_t::GUID_t [0x0088057D+76541]
	GetHandleVerifier [0x00C5203C+528316]
	Microsoft::Applications::Events::FromJSON [0x00DA5B8C+660764]
	Microsoft::Applications::Events::FromJSON [0x00DA5498+658984]
	Microsoft::Applications::Events::FromJSON [0x00D96354+597220]
	Microsoft::Applications::Events::FromJSON [0x00DA6307+662679]
	Microsoft::Applications::Events::time_ticks_t::time_ticks_t [0x00A92A0D+823997]
	Microsoft::Applications::Events::time_ticks_t::time_ticks_t [0x00A85C78+771368]
	Microsoft::Applications::Events::time_ticks_t::time_ticks_t [0x00A85E5A+771850]
	Microsoft::Applications::Events::time_ticks_t::time_ticks_t [0x00A6E885+676149]
	BaseThreadInitThunk [0x76987BA9+25]
	RtlInitializeExceptionChain [0x7768C0CB+107]
	RtlClearBits [0x7768C04F+191]

	at org.openqa.selenium.remote.W3CHandshakeResponse.lambda$errorHandler$0(W3CHandshakeResponse.java:62)
	at org.openqa.selenium.remote.HandshakeResponse.lambda$getResponseFunction$0(HandshakeResponse.java:30)
	at org.openqa.selenium.remote.ProtocolHandshake.lambda$createSession$0(ProtocolHandshake.java:126)
	at org.openqa.selenium.remote.ProtocolHandshake.createSession(ProtocolHandshake.java:128)
	at org.openqa.selenium.remote.ProtocolHandshake.createSession(ProtocolHandshake.java:74)
	at org.openqa.selenium.remote.HttpCommandExecutor.execute(HttpCommandExecutor.java:136)
	at org.openqa.selenium.remote.service.DriverCommandExecutor.execute(DriverCommandExecutor.java:83)
	at org.openqa.selenium.remote.RemoteWebDriver.execute(RemoteWebDriver.java:552)
	at com.kms.katalon.selenium.driver.CEdgeDriver.execute(CEdgeDriver.java:20)
	at org.openqa.selenium.remote.RemoteWebDriver.startSession(RemoteWebDriver.java:213)
	at org.openqa.selenium.remote.RemoteWebDriver.&lt;init&gt;(RemoteWebDriver.java:131)
	at org.openqa.selenium.edge.EdgeDriver.&lt;init&gt;(EdgeDriver.java:154)
	at com.kms.katalon.selenium.driver.CEdgeDriver.&lt;init&gt;(CEdgeDriver.java:14)
	at com.kms.katalon.core.webui.driver.DriverFactory.createNewEdgeChromiumDriver(DriverFactory.java:674)
	at com.kms.katalon.core.webui.driver.DriverFactory.startNewBrowser(DriverFactory.java:389)
	at com.kms.katalon.core.webui.driver.DriverFactory.openWebDriver(DriverFactory.java:263)
	at com.kms.katalon.core.webui.keyword.builtin.OpenBrowserKeyword$_openBrowser_closure1.doCall(OpenBrowserKeyword.groovy:74)
	at com.kms.katalon.core.webui.keyword.builtin.OpenBrowserKeyword$_openBrowser_closure1.call(OpenBrowserKeyword.groovy)
	at com.kms.katalon.core.webui.keyword.internal.WebUIKeywordMain.runKeyword(WebUIKeywordMain.groovy:20)
	at com.kms.katalon.core.webui.keyword.builtin.OpenBrowserKeyword.openBrowser(OpenBrowserKeyword.groovy:81)
	at com.kms.katalon.core.webui.keyword.builtin.OpenBrowserKeyword.execute(OpenBrowserKeyword.groovy:67)
	at com.kms.katalon.core.keyword.internal.KeywordExecutor.executeKeywordForPlatform(KeywordExecutor.groovy:74)
	at com.kms.katalon.core.webui.keyword.WebUiBuiltInKeywords.openBrowser(WebUiBuiltInKeywords.groovy:64)
	at com.kms.katalon.core.webui.keyword.WebUiBuiltInKeywords$openBrowser.call(Unknown Source)
	at Principal-Home.run(Principal-Home:20)
	at com.kms.katalon.core.main.ScriptEngine.run(ScriptEngine.java:194)
	at com.kms.katalon.core.main.ScriptEngine.runScriptAsRawText(ScriptEngine.java:119)
	at com.kms.katalon.core.main.TestCaseExecutor.runScript(TestCaseExecutor.java:448)
	at com.kms.katalon.core.main.TestCaseExecutor.doExecute(TestCaseExecutor.java:439)
	at com.kms.katalon.core.main.TestCaseExecutor.processExecutionPhase(TestCaseExecutor.java:418)
	at com.kms.katalon.core.main.TestCaseExecutor.accessMainPhase(TestCaseExecutor.java:410)
	at com.kms.katalon.core.main.TestCaseExecutor.execute(TestCaseExecutor.java:285)
	at com.kms.katalon.core.main.TestCaseMain.runTestCase(TestCaseMain.java:144)
	at com.kms.katalon.core.keyword.builtin.CallTestCaseKeyword$_callTestCase_closure1.doCall(CallTestCaseKeyword.groovy:59)
	at com.kms.katalon.core.keyword.builtin.CallTestCaseKeyword$_callTestCase_closure1.call(CallTestCaseKeyword.groovy)
	at com.kms.katalon.core.keyword.internal.KeywordMain.runKeyword(KeywordMain.groovy:75)
	at com.kms.katalon.core.keyword.builtin.CallTestCaseKeyword.callTestCase(CallTestCaseKeyword.groovy:81)
	at com.kms.katalon.core.keyword.builtin.CallTestCaseKeyword.execute(CallTestCaseKeyword.groovy:44)
	at com.kms.katalon.core.keyword.internal.KeywordExecutor.executeKeywordForPlatform(KeywordExecutor.groovy:74)
	at com.kms.katalon.core.keyword.BuiltinKeywords.callTestCase(BuiltinKeywords.groovy:310)
	at 1.Destin_Lima.run(1.Destin_Lima:20)
	at com.kms.katalon.core.main.ScriptEngine.run(ScriptEngine.java:194)
	at com.kms.katalon.core.main.ScriptEngine.runScriptAsRawText(ScriptEngine.java:119)
	at com.kms.katalon.core.main.TestCaseExecutor.runScript(TestCaseExecutor.java:448)
	at com.kms.katalon.core.main.TestCaseExecutor.doExecute(TestCaseExecutor.java:439)
	at com.kms.katalon.core.main.TestCaseExecutor.processExecutionPhase(TestCaseExecutor.java:418)
	at com.kms.katalon.core.main.TestCaseExecutor.accessMainPhase(TestCaseExecutor.java:410)
	at com.kms.katalon.core.main.TestCaseExecutor.execute(TestCaseExecutor.java:285)
	at com.kms.katalon.core.common.CommonExecutor.accessTestCaseMainPhase(CommonExecutor.java:65)
	at com.kms.katalon.core.main.TestSuiteExecutor.accessTestSuiteMainPhase(TestSuiteExecutor.java:148)
	at com.kms.katalon.core.main.TestSuiteExecutor.execute(TestSuiteExecutor.java:106)
	at com.kms.katalon.core.main.TestCaseMain.startTestSuite(TestCaseMain.java:187)
	at com.kms.katalon.core.main.TestCaseMain$startTestSuite$0.call(Unknown Source)
	at TempTestSuite1738842962897.run(TempTestSuite1738842962897.groovy:35)
</property>
  <property name="failed.exception.class">org.openqa.selenium.SessionNotCreatedException</property>
  <property name="failed.exception.message">session not created: This version of Microsoft Edge WebDriver only supports Microsoft Edge version 130
Current browser version is 132.0.2957.140 with binary path C:\Program Files (x86)\Microsoft\Edge\Application\msedge.exe
Build info: version: &apos;3.141.59&apos;, revision: &apos;e82be7d358&apos;, time: &apos;2018-11-14T08:25:53&apos;
System info: host: &apos;DL0097&apos;, ip: &apos;10.136.10.15&apos;, os.name: &apos;Windows 10&apos;, os.arch: &apos;amd64&apos;, os.version: &apos;10.0&apos;, java.version: &apos;1.8.0_282&apos;
Driver info: driver.version: CEdgeDriver
remote stacktrace: 	GetHandleVerifier [0x00BDA2F3+37491]
	Microsoft::Applications::Events::time_ticks_t::time_ticks_t [0x00A7CB76+734246]
	Microsoft::Applications::Events::ILogConfiguration::operator* [0x0085471A+3482]
	Microsoft::Applications::Events::GUID_t::GUID_t [0x0087DBFA+65914]
	Microsoft::Applications::Events::GUID_t::GUID_t [0x0087D194+63252]
	Microsoft::Applications::Events::GUID_t::GUID_t [0x0087A37B+51451]
	Microsoft::Applications::Events::GUID_t::GUID_t [0x008760C8+34376]
	Microsoft::Applications::Events::GUID_t::GUID_t [0x008A79F7+237431]
	Microsoft::Applications::Events::GUID_t::GUID_t [0x008A722C+235436]
	Microsoft::Applications::Events::GUID_t::GUID_t [0x0089E0C6+198214]
	Microsoft::Applications::Events::GUID_t::GUID_t [0x00880B2F+77999]
	Microsoft::Applications::Events::GUID_t::GUID_t [0x0087FB99+74009]
	Microsoft::Applications::Events::GUID_t::GUID_t [0x0088057D+76541]
	GetHandleVerifier [0x00C5203C+528316]
	Microsoft::Applications::Events::FromJSON [0x00DA5B8C+660764]
	Microsoft::Applications::Events::FromJSON [0x00DA5498+658984]
	Microsoft::Applications::Events::FromJSON [0x00D96354+597220]
	Microsoft::Applications::Events::FromJSON [0x00DA6307+662679]
	Microsoft::Applications::Events::time_ticks_t::time_ticks_t [0x00A92A0D+823997]
	Microsoft::Applications::Events::time_ticks_t::time_ticks_t [0x00A85C78+771368]
	Microsoft::Applications::Events::time_ticks_t::time_ticks_t [0x00A85E5A+771850]
	Microsoft::Applications::Events::time_ticks_t::time_ticks_t [0x00A6E885+676149]
	BaseThreadInitThunk [0x76987BA9+25]
	RtlInitializeExceptionChain [0x7768C0CB+107]
	RtlClearBits [0x7768C04F+191]
</property>
</record>
<record>
  <date>2025-02-06T06:56:17</date>
  <millis>1738842977639</millis>
  <sequence>223</sequence>
  <level>END</level>
  <class>com.kms.katalon.core.logging.XmlKeywordLogger</class>
  <method>endTest</method>
  <thread>1</thread>
  <message>End Test Case : Test Cases/Registro_Envíos/1.Inicio/1.Principal/Principal-Home</message>
  <nestedLevel>1</nestedLevel>
  <escapedJava>false</escapedJava>
</record>
<record>
  <date>2025-02-06T06:56:17</date>
  <millis>1738842977639</millis>
  <sequence>228</sequence>
  <level>FAILED</level>
  <class>com.kms.katalon.core.logging.XmlKeywordLogger</class>
  <method>logMessage</method>
  <thread>1</thread>
  <message>Unable to call Test Case &amp;apos;Test Cases/Registro_Envíos/1.Inicio/1.Principal/Principal-Home&amp;apos; (Root cause: com.kms.katalon.core.exception.StepFailedException: Call Test Case &amp;apos;Test Cases/Registro_Envíos/1.Inicio/1.Principal/Principal-Home&amp;apos; failed
	at com.kms.katalon.core.keyword.builtin.CallTestCaseKeyword$_callTestCase_closure1.doCall(CallTestCaseKeyword.groovy:63)
	at com.kms.katalon.core.keyword.builtin.CallTestCaseKeyword$_callTestCase_closure1.call(CallTestCaseKeyword.groovy)
	at com.kms.katalon.core.keyword.internal.KeywordMain.runKeyword(KeywordMain.groovy:75)
	at com.kms.katalon.core.keyword.builtin.CallTestCaseKeyword.callTestCase(CallTestCaseKeyword.groovy:81)
	at com.kms.katalon.core.keyword.builtin.CallTestCaseKeyword.execute(CallTestCaseKeyword.groovy:44)
	at com.kms.katalon.core.keyword.internal.KeywordExecutor.executeKeywordForPlatform(KeywordExecutor.groovy:74)
	at com.kms.katalon.core.keyword.BuiltinKeywords.callTestCase(BuiltinKeywords.groovy:310)
	at 1.Destin_Lima.run(1.Destin_Lima:20)
	at com.kms.katalon.core.main.ScriptEngine.run(ScriptEngine.java:194)
	at com.kms.katalon.core.main.ScriptEngine.runScriptAsRawText(ScriptEngine.java:119)
	at com.kms.katalon.core.main.TestCaseExecutor.runScript(TestCaseExecutor.java:448)
	at com.kms.katalon.core.main.TestCaseExecutor.doExecute(TestCaseExecutor.java:439)
	at com.kms.katalon.core.main.TestCaseExecutor.processExecutionPhase(TestCaseExecutor.java:418)
	at com.kms.katalon.core.main.TestCaseExecutor.accessMainPhase(TestCaseExecutor.java:410)
	at com.kms.katalon.core.main.TestCaseExecutor.execute(TestCaseExecutor.java:285)
	at com.kms.katalon.core.common.CommonExecutor.accessTestCaseMainPhase(CommonExecutor.java:65)
	at com.kms.katalon.core.main.TestSuiteExecutor.accessTestSuiteMainPhase(TestSuiteExecutor.java:148)
	at com.kms.katalon.core.main.TestSuiteExecutor.execute(TestSuiteExecutor.java:106)
	at com.kms.katalon.core.main.TestCaseMain.startTestSuite(TestCaseMain.java:187)
	at com.kms.katalon.core.main.TestCaseMain$startTestSuite$0.call(Unknown Source)
	at TempTestSuite1738842962897.run(TempTestSuite1738842962897.groovy:35)
Caused by: com.kms.katalon.core.exception.StepFailedException: Unable to open browser with url: &amp;apos;&amp;apos;
	at com.kms.katalon.core.webui.keyword.internal.WebUIKeywordMain.stepFailed(WebUIKeywordMain.groovy:64)
	at com.kms.katalon.core.webui.keyword.internal.WebUIKeywordMain.runKeyword(WebUIKeywordMain.groovy:26)
	at com.kms.katalon.core.webui.keyword.builtin.OpenBrowserKeyword.openBrowser(OpenBrowserKeyword.groovy:81)
	at com.kms.katalon.core.webui.keyword.builtin.OpenBrowserKeyword.execute(OpenBrowserKeyword.groovy:67)
	at com.kms.katalon.core.keyword.internal.KeywordExecutor.executeKeywordForPlatform(KeywordExecutor.groovy:74)
	at com.kms.katalon.core.webui.keyword.WebUiBuiltInKeywords.openBrowser(WebUiBuiltInKeywords.groovy:64)
	at com.kms.katalon.core.webui.keyword.WebUiBuiltInKeywords$openBrowser.call(Unknown Source)
	at Principal-Home.run(Principal-Home:20)
	at com.kms.katalon.core.main.ScriptEngine.run(ScriptEngine.java:194)
	at com.kms.katalon.core.main.ScriptEngine.runScriptAsRawText(ScriptEngine.java:119)
	at com.kms.katalon.core.main.TestCaseExecutor.runScript(TestCaseExecutor.java:448)
	at com.kms.katalon.core.main.TestCaseExecutor.doExecute(TestCaseExecutor.java:439)
	at com.kms.katalon.core.main.TestCaseExecutor.processExecutionPhase(TestCaseExecutor.java:418)
	at com.kms.katalon.core.main.TestCaseExecutor.accessMainPhase(TestCaseExecutor.java:410)
	at com.kms.katalon.core.main.TestCaseExecutor.execute(TestCaseExecutor.java:285)
	at com.kms.katalon.core.main.TestCaseMain.runTestCase(TestCaseMain.java:144)
	at com.kms.katalon.core.keyword.builtin.CallTestCaseKeyword$_callTestCase_closure1.doCall(CallTestCaseKeyword.groovy:59)
	... 20 more
Caused by: org.openqa.selenium.SessionNotCreatedException: session not created: This version of Microsoft Edge WebDriver only supports Microsoft Edge version 130
Current browser version is 132.0.2957.140 with binary path C:\Program Files (x86)\Microsoft\Edge\Application\msedge.exe
Build info: version: &amp;apos;3.141.59&amp;apos;, revision: &amp;apos;e82be7d358&amp;apos;, time: &amp;apos;2018-11-14T08:25:53&amp;apos;
System info: host: &amp;apos;DL0097&amp;apos;, ip: &amp;apos;10.136.10.15&amp;apos;, os.name: &amp;apos;Windows 10&amp;apos;, os.arch: &amp;apos;amd64&amp;apos;, os.version: &amp;apos;10.0&amp;apos;, java.version: &amp;apos;1.8.0_282&amp;apos;
Driver info: driver.version: CEdgeDriver
remote stacktrace: 	GetHandleVerifier [0x00BDA2F3+37491]
	Microsoft::Applications::Events::time_ticks_t::time_ticks_t [0x00A7CB76+734246]
	Microsoft::Applications::Events::ILogConfiguration::operator* [0x0085471A+3482]
	Microsoft::Applications::Events::GUID_t::GUID_t [0x0087DBFA+65914]
	Microsoft::Applications::Events::GUID_t::GUID_t [0x0087D194+63252]
	Microsoft::Applications::Events::GUID_t::GUID_t [0x0087A37B+51451]
	Microsoft::Applications::Events::GUID_t::GUID_t [0x008760C8+34376]
	Microsoft::Applications::Events::GUID_t::GUID_t [0x008A79F7+237431]
	Microsoft::Applications::Events::GUID_t::GUID_t [0x008A722C+235436]
	Microsoft::Applications::Events::GUID_t::GUID_t [0x0089E0C6+198214]
	Microsoft::Applications::Events::GUID_t::GUID_t [0x00880B2F+77999]
	Microsoft::Applications::Events::GUID_t::GUID_t [0x0087FB99+74009]
	Microsoft::Applications::Events::GUID_t::GUID_t [0x0088057D+76541]
	GetHandleVerifier [0x00C5203C+528316]
	Microsoft::Applications::Events::FromJSON [0x00DA5B8C+660764]
	Microsoft::Applications::Events::FromJSON [0x00DA5498+658984]
	Microsoft::Applications::Events::FromJSON [0x00D96354+597220]
	Microsoft::Applications::Events::FromJSON [0x00DA6307+662679]
	Microsoft::Applications::Events::time_ticks_t::time_ticks_t [0x00A92A0D+823997]
	Microsoft::Applications::Events::time_ticks_t::time_ticks_t [0x00A85C78+771368]
	Microsoft::Applications::Events::time_ticks_t::time_ticks_t [0x00A85E5A+771850]
	Microsoft::Applications::Events::time_ticks_t::time_ticks_t [0x00A6E885+676149]
	BaseThreadInitThunk [0x76987BA9+25]
	RtlInitializeExceptionChain [0x7768C0CB+107]
	RtlClearBits [0x7768C04F+191]

	at org.openqa.selenium.remote.W3CHandshakeResponse.lambda$errorHandler$0(W3CHandshakeResponse.java:62)
	at org.openqa.selenium.remote.HandshakeResponse.lambda$getResponseFunction$0(HandshakeResponse.java:30)
	at org.openqa.selenium.remote.ProtocolHandshake.lambda$createSession$0(ProtocolHandshake.java:126)
	at org.openqa.selenium.remote.ProtocolHandshake.createSession(ProtocolHandshake.java:128)
	at org.openqa.selenium.remote.ProtocolHandshake.createSession(ProtocolHandshake.java:74)
	at org.openqa.selenium.remote.HttpCommandExecutor.execute(HttpCommandExecutor.java:136)
	at org.openqa.selenium.remote.service.DriverCommandExecutor.execute(DriverCommandExecutor.java:83)
	at org.openqa.selenium.remote.RemoteWebDriver.execute(RemoteWebDriver.java:552)
	at com.kms.katalon.selenium.driver.CEdgeDriver.execute(CEdgeDriver.java:20)
	at org.openqa.selenium.remote.RemoteWebDriver.startSession(RemoteWebDriver.java:213)
	at org.openqa.selenium.remote.RemoteWebDriver.&amp;lt;init&amp;gt;(RemoteWebDriver.java:131)
	at org.openqa.selenium.edge.EdgeDriver.&amp;lt;init&amp;gt;(EdgeDriver.java:154)
	at com.kms.katalon.selenium.driver.CEdgeDriver.&amp;lt;init&amp;gt;(CEdgeDriver.java:14)
	at com.kms.katalon.core.webui.driver.DriverFactory.createNewEdgeChromiumDriver(DriverFactory.java:674)
	at com.kms.katalon.core.webui.driver.DriverFactory.startNewBrowser(DriverFactory.java:389)
	at com.kms.katalon.core.webui.driver.DriverFactory.openWebDriver(DriverFactory.java:263)
	at com.kms.katalon.core.webui.keyword.builtin.OpenBrowserKeyword$_openBrowser_closure1.doCall(OpenBrowserKeyword.groovy:74)
	at com.kms.katalon.core.webui.keyword.builtin.OpenBrowserKeyword$_openBrowser_closure1.call(OpenBrowserKeyword.groovy)
	at com.kms.katalon.core.webui.keyword.internal.WebUIKeywordMain.runKeyword(WebUIKeywordMain.groovy:20)
	... 35 more
)</message>
  <nestedLevel>1</nestedLevel>
  <escapedJava>false</escapedJava>
  <property name="failed.exception.class">org.openqa.selenium.SessionNotCreatedException</property>
  <property name="failed.exception.stacktrace">org.openqa.selenium.SessionNotCreatedException: session not created: This version of Microsoft Edge WebDriver only supports Microsoft Edge version 130
Current browser version is 132.0.2957.140 with binary path C:\Program Files (x86)\Microsoft\Edge\Application\msedge.exe
Build info: version: &apos;3.141.59&apos;, revision: &apos;e82be7d358&apos;, time: &apos;2018-11-14T08:25:53&apos;
System info: host: &apos;DL0097&apos;, ip: &apos;10.136.10.15&apos;, os.name: &apos;Windows 10&apos;, os.arch: &apos;amd64&apos;, os.version: &apos;10.0&apos;, java.version: &apos;1.8.0_282&apos;
Driver info: driver.version: CEdgeDriver
remote stacktrace: 	GetHandleVerifier [0x00BDA2F3+37491]
	Microsoft::Applications::Events::time_ticks_t::time_ticks_t [0x00A7CB76+734246]
	Microsoft::Applications::Events::ILogConfiguration::operator* [0x0085471A+3482]
	Microsoft::Applications::Events::GUID_t::GUID_t [0x0087DBFA+65914]
	Microsoft::Applications::Events::GUID_t::GUID_t [0x0087D194+63252]
	Microsoft::Applications::Events::GUID_t::GUID_t [0x0087A37B+51451]
	Microsoft::Applications::Events::GUID_t::GUID_t [0x008760C8+34376]
	Microsoft::Applications::Events::GUID_t::GUID_t [0x008A79F7+237431]
	Microsoft::Applications::Events::GUID_t::GUID_t [0x008A722C+235436]
	Microsoft::Applications::Events::GUID_t::GUID_t [0x0089E0C6+198214]
	Microsoft::Applications::Events::GUID_t::GUID_t [0x00880B2F+77999]
	Microsoft::Applications::Events::GUID_t::GUID_t [0x0087FB99+74009]
	Microsoft::Applications::Events::GUID_t::GUID_t [0x0088057D+76541]
	GetHandleVerifier [0x00C5203C+528316]
	Microsoft::Applications::Events::FromJSON [0x00DA5B8C+660764]
	Microsoft::Applications::Events::FromJSON [0x00DA5498+658984]
	Microsoft::Applications::Events::FromJSON [0x00D96354+597220]
	Microsoft::Applications::Events::FromJSON [0x00DA6307+662679]
	Microsoft::Applications::Events::time_ticks_t::time_ticks_t [0x00A92A0D+823997]
	Microsoft::Applications::Events::time_ticks_t::time_ticks_t [0x00A85C78+771368]
	Microsoft::Applications::Events::time_ticks_t::time_ticks_t [0x00A85E5A+771850]
	Microsoft::Applications::Events::time_ticks_t::time_ticks_t [0x00A6E885+676149]
	BaseThreadInitThunk [0x76987BA9+25]
	RtlInitializeExceptionChain [0x7768C0CB+107]
	RtlClearBits [0x7768C04F+191]

	at org.openqa.selenium.remote.W3CHandshakeResponse.lambda$errorHandler$0(W3CHandshakeResponse.java:62)
	at org.openqa.selenium.remote.HandshakeResponse.lambda$getResponseFunction$0(HandshakeResponse.java:30)
	at org.openqa.selenium.remote.ProtocolHandshake.lambda$createSession$0(ProtocolHandshake.java:126)
	at org.openqa.selenium.remote.ProtocolHandshake.createSession(ProtocolHandshake.java:128)
	at org.openqa.selenium.remote.ProtocolHandshake.createSession(ProtocolHandshake.java:74)
	at org.openqa.selenium.remote.HttpCommandExecutor.execute(HttpCommandExecutor.java:136)
	at org.openqa.selenium.remote.service.DriverCommandExecutor.execute(DriverCommandExecutor.java:83)
	at org.openqa.selenium.remote.RemoteWebDriver.execute(RemoteWebDriver.java:552)
	at com.kms.katalon.selenium.driver.CEdgeDriver.execute(CEdgeDriver.java:20)
	at org.openqa.selenium.remote.RemoteWebDriver.startSession(RemoteWebDriver.java:213)
	at org.openqa.selenium.remote.RemoteWebDriver.&lt;init&gt;(RemoteWebDriver.java:131)
	at org.openqa.selenium.edge.EdgeDriver.&lt;init&gt;(EdgeDriver.java:154)
	at com.kms.katalon.selenium.driver.CEdgeDriver.&lt;init&gt;(CEdgeDriver.java:14)
	at com.kms.katalon.core.webui.driver.DriverFactory.createNewEdgeChromiumDriver(DriverFactory.java:674)
	at com.kms.katalon.core.webui.driver.DriverFactory.startNewBrowser(DriverFactory.java:389)
	at com.kms.katalon.core.webui.driver.DriverFactory.openWebDriver(DriverFactory.java:263)
	at com.kms.katalon.core.webui.keyword.builtin.OpenBrowserKeyword$_openBrowser_closure1.doCall(OpenBrowserKeyword.groovy:74)
	at com.kms.katalon.core.webui.keyword.builtin.OpenBrowserKeyword$_openBrowser_closure1.call(OpenBrowserKeyword.groovy)
	at com.kms.katalon.core.webui.keyword.internal.WebUIKeywordMain.runKeyword(WebUIKeywordMain.groovy:20)
	at com.kms.katalon.core.webui.keyword.builtin.OpenBrowserKeyword.openBrowser(OpenBrowserKeyword.groovy:81)
	at com.kms.katalon.core.webui.keyword.builtin.OpenBrowserKeyword.execute(OpenBrowserKeyword.groovy:67)
	at com.kms.katalon.core.keyword.internal.KeywordExecutor.executeKeywordForPlatform(KeywordExecutor.groovy:74)
	at com.kms.katalon.core.webui.keyword.WebUiBuiltInKeywords.openBrowser(WebUiBuiltInKeywords.groovy:64)
	at com.kms.katalon.core.webui.keyword.WebUiBuiltInKeywords$openBrowser.call(Unknown Source)
	at Principal-Home.run(Principal-Home:20)
	at com.kms.katalon.core.main.ScriptEngine.run(ScriptEngine.java:194)
	at com.kms.katalon.core.main.ScriptEngine.runScriptAsRawText(ScriptEngine.java:119)
	at com.kms.katalon.core.main.TestCaseExecutor.runScript(TestCaseExecutor.java:448)
	at com.kms.katalon.core.main.TestCaseExecutor.doExecute(TestCaseExecutor.java:439)
	at com.kms.katalon.core.main.TestCaseExecutor.processExecutionPhase(TestCaseExecutor.java:418)
	at com.kms.katalon.core.main.TestCaseExecutor.accessMainPhase(TestCaseExecutor.java:410)
	at com.kms.katalon.core.main.TestCaseExecutor.execute(TestCaseExecutor.java:285)
	at com.kms.katalon.core.main.TestCaseMain.runTestCase(TestCaseMain.java:144)
	at com.kms.katalon.core.keyword.builtin.CallTestCaseKeyword$_callTestCase_closure1.doCall(CallTestCaseKeyword.groovy:59)
	at com.kms.katalon.core.keyword.builtin.CallTestCaseKeyword$_callTestCase_closure1.call(CallTestCaseKeyword.groovy)
	at com.kms.katalon.core.keyword.internal.KeywordMain.runKeyword(KeywordMain.groovy:75)
	at com.kms.katalon.core.keyword.builtin.CallTestCaseKeyword.callTestCase(CallTestCaseKeyword.groovy:81)
	at com.kms.katalon.core.keyword.builtin.CallTestCaseKeyword.execute(CallTestCaseKeyword.groovy:44)
	at com.kms.katalon.core.keyword.internal.KeywordExecutor.executeKeywordForPlatform(KeywordExecutor.groovy:74)
	at com.kms.katalon.core.keyword.BuiltinKeywords.callTestCase(BuiltinKeywords.groovy:310)
	at 1.Destin_Lima.run(1.Destin_Lima:20)
	at com.kms.katalon.core.main.ScriptEngine.run(ScriptEngine.java:194)
	at com.kms.katalon.core.main.ScriptEngine.runScriptAsRawText(ScriptEngine.java:119)
	at com.kms.katalon.core.main.TestCaseExecutor.runScript(TestCaseExecutor.java:448)
	at com.kms.katalon.core.main.TestCaseExecutor.doExecute(TestCaseExecutor.java:439)
	at com.kms.katalon.core.main.TestCaseExecutor.processExecutionPhase(TestCaseExecutor.java:418)
	at com.kms.katalon.core.main.TestCaseExecutor.accessMainPhase(TestCaseExecutor.java:410)
	at com.kms.katalon.core.main.TestCaseExecutor.execute(TestCaseExecutor.java:285)
	at com.kms.katalon.core.common.CommonExecutor.accessTestCaseMainPhase(CommonExecutor.java:65)
	at com.kms.katalon.core.main.TestSuiteExecutor.accessTestSuiteMainPhase(TestSuiteExecutor.java:148)
	at com.kms.katalon.core.main.TestSuiteExecutor.execute(TestSuiteExecutor.java:106)
	at com.kms.katalon.core.main.TestCaseMain.startTestSuite(TestCaseMain.java:187)
	at com.kms.katalon.core.main.TestCaseMain$startTestSuite$0.call(Unknown Source)
	at TempTestSuite1738842962897.run(TempTestSuite1738842962897.groovy:35)
</property>
  <property name="failed.exception.message">session not created: This version of Microsoft Edge WebDriver only supports Microsoft Edge version 130
Current browser version is 132.0.2957.140 with binary path C:\Program Files (x86)\Microsoft\Edge\Application\msedge.exe
Build info: version: &apos;3.141.59&apos;, revision: &apos;e82be7d358&apos;, time: &apos;2018-11-14T08:25:53&apos;
System info: host: &apos;DL0097&apos;, ip: &apos;10.136.10.15&apos;, os.name: &apos;Windows 10&apos;, os.arch: &apos;amd64&apos;, os.version: &apos;10.0&apos;, java.version: &apos;1.8.0_282&apos;
Driver info: driver.version: CEdgeDriver
remote stacktrace: 	GetHandleVerifier [0x00BDA2F3+37491]
	Microsoft::Applications::Events::time_ticks_t::time_ticks_t [0x00A7CB76+734246]
	Microsoft::Applications::Events::ILogConfiguration::operator* [0x0085471A+3482]
	Microsoft::Applications::Events::GUID_t::GUID_t [0x0087DBFA+65914]
	Microsoft::Applications::Events::GUID_t::GUID_t [0x0087D194+63252]
	Microsoft::Applications::Events::GUID_t::GUID_t [0x0087A37B+51451]
	Microsoft::Applications::Events::GUID_t::GUID_t [0x008760C8+34376]
	Microsoft::Applications::Events::GUID_t::GUID_t [0x008A79F7+237431]
	Microsoft::Applications::Events::GUID_t::GUID_t [0x008A722C+235436]
	Microsoft::Applications::Events::GUID_t::GUID_t [0x0089E0C6+198214]
	Microsoft::Applications::Events::GUID_t::GUID_t [0x00880B2F+77999]
	Microsoft::Applications::Events::GUID_t::GUID_t [0x0087FB99+74009]
	Microsoft::Applications::Events::GUID_t::GUID_t [0x0088057D+76541]
	GetHandleVerifier [0x00C5203C+528316]
	Microsoft::Applications::Events::FromJSON [0x00DA5B8C+660764]
	Microsoft::Applications::Events::FromJSON [0x00DA5498+658984]
	Microsoft::Applications::Events::FromJSON [0x00D96354+597220]
	Microsoft::Applications::Events::FromJSON [0x00DA6307+662679]
	Microsoft::Applications::Events::time_ticks_t::time_ticks_t [0x00A92A0D+823997]
	Microsoft::Applications::Events::time_ticks_t::time_ticks_t [0x00A85C78+771368]
	Microsoft::Applications::Events::time_ticks_t::time_ticks_t [0x00A85E5A+771850]
	Microsoft::Applications::Events::time_ticks_t::time_ticks_t [0x00A6E885+676149]
	BaseThreadInitThunk [0x76987BA9+25]
	RtlInitializeExceptionChain [0x7768C0CB+107]
	RtlClearBits [0x7768C04F+191]
</property>
</record>
<record>
  <date>2025-02-06T06:56:17</date>
  <millis>1738842977639</millis>
  <sequence>232</sequence>
  <level>END</level>
  <class>com.kms.katalon.core.logging.XmlKeywordLogger</class>
  <method>endKeyword</method>
  <thread>1</thread>
  <message>End action : callTestCase(findTestCase(&amp;quot;Registro_Envíos/1.Inicio/1.Principal/Principal-Home&amp;quot;), [:], STOP_ON_FAILURE)</message>
  <nestedLevel>1</nestedLevel>
  <escapedJava>false</escapedJava>
</record>
<record>
  <date>2025-02-06T06:56:17</date>
  <millis>1738842977639</millis>
  <sequence>236</sequence>
  <level>FAILED</level>
  <class>com.kms.katalon.core.logging.XmlKeywordLogger</class>
  <method>logMessage</method>
  <thread>1</thread>
  <message>Test Cases/Registro_Envíos/3. Positivas/1. Paquetes/Origen Lima/2.Girley/Geo sin seleccionar/1.Destin_Lima FAILED.
Reason:
com.kms.katalon.core.exception.StepFailedException: Call Test Case &amp;apos;Test Cases/Registro_Envíos/1.Inicio/1.Principal/Principal-Home&amp;apos; failed
	at com.kms.katalon.core.keyword.builtin.CallTestCaseKeyword$_callTestCase_closure1.doCall(CallTestCaseKeyword.groovy:63)
	at com.kms.katalon.core.keyword.builtin.CallTestCaseKeyword$_callTestCase_closure1.call(CallTestCaseKeyword.groovy)
	at com.kms.katalon.core.keyword.internal.KeywordMain.runKeyword(KeywordMain.groovy:75)
	at com.kms.katalon.core.keyword.builtin.CallTestCaseKeyword.callTestCase(CallTestCaseKeyword.groovy:81)
	at com.kms.katalon.core.keyword.builtin.CallTestCaseKeyword.execute(CallTestCaseKeyword.groovy:44)
	at com.kms.katalon.core.keyword.internal.KeywordExecutor.executeKeywordForPlatform(KeywordExecutor.groovy:74)
	at com.kms.katalon.core.keyword.BuiltinKeywords.callTestCase(BuiltinKeywords.groovy:310)
	at 1.Destin_Lima.run(1.Destin_Lima:20)
	at com.kms.katalon.core.main.ScriptEngine.run(ScriptEngine.java:194)
	at com.kms.katalon.core.main.ScriptEngine.runScriptAsRawText(ScriptEngine.java:119)
	at com.kms.katalon.core.main.TestCaseExecutor.runScript(TestCaseExecutor.java:448)
	at com.kms.katalon.core.main.TestCaseExecutor.doExecute(TestCaseExecutor.java:439)
	at com.kms.katalon.core.main.TestCaseExecutor.processExecutionPhase(TestCaseExecutor.java:418)
	at com.kms.katalon.core.main.TestCaseExecutor.accessMainPhase(TestCaseExecutor.java:410)
	at com.kms.katalon.core.main.TestCaseExecutor.execute(TestCaseExecutor.java:285)
	at com.kms.katalon.core.common.CommonExecutor.accessTestCaseMainPhase(CommonExecutor.java:65)
	at com.kms.katalon.core.main.TestSuiteExecutor.accessTestSuiteMainPhase(TestSuiteExecutor.java:148)
	at com.kms.katalon.core.main.TestSuiteExecutor.execute(TestSuiteExecutor.java:106)
	at com.kms.katalon.core.main.TestCaseMain.startTestSuite(TestCaseMain.java:187)
	at com.kms.katalon.core.main.TestCaseMain$startTestSuite$0.call(Unknown Source)
	at TempTestSuite1738842962897.run(TempTestSuite1738842962897.groovy:35)
Caused by: com.kms.katalon.core.exception.StepFailedException: Unable to open browser with url: &amp;apos;&amp;apos;
	at com.kms.katalon.core.webui.keyword.internal.WebUIKeywordMain.stepFailed(WebUIKeywordMain.groovy:64)
	at com.kms.katalon.core.webui.keyword.internal.WebUIKeywordMain.runKeyword(WebUIKeywordMain.groovy:26)
	at com.kms.katalon.core.webui.keyword.builtin.OpenBrowserKeyword.openBrowser(OpenBrowserKeyword.groovy:81)
	at com.kms.katalon.core.webui.keyword.builtin.OpenBrowserKeyword.execute(OpenBrowserKeyword.groovy:67)
	at com.kms.katalon.core.keyword.internal.KeywordExecutor.executeKeywordForPlatform(KeywordExecutor.groovy:74)
	at com.kms.katalon.core.webui.keyword.WebUiBuiltInKeywords.openBrowser(WebUiBuiltInKeywords.groovy:64)
	at com.kms.katalon.core.webui.keyword.WebUiBuiltInKeywords$openBrowser.call(Unknown Source)
	at Principal-Home.run(Principal-Home:20)
	at com.kms.katalon.core.main.ScriptEngine.run(ScriptEngine.java:194)
	at com.kms.katalon.core.main.ScriptEngine.runScriptAsRawText(ScriptEngine.java:119)
	at com.kms.katalon.core.main.TestCaseExecutor.runScript(TestCaseExecutor.java:448)
	at com.kms.katalon.core.main.TestCaseExecutor.doExecute(TestCaseExecutor.java:439)
	at com.kms.katalon.core.main.TestCaseExecutor.processExecutionPhase(TestCaseExecutor.java:418)
	at com.kms.katalon.core.main.TestCaseExecutor.accessMainPhase(TestCaseExecutor.java:410)
	at com.kms.katalon.core.main.TestCaseExecutor.execute(TestCaseExecutor.java:285)
	at com.kms.katalon.core.main.TestCaseMain.runTestCase(TestCaseMain.java:144)
	at com.kms.katalon.core.keyword.builtin.CallTestCaseKeyword$_callTestCase_closure1.doCall(CallTestCaseKeyword.groovy:59)
	... 20 more
Caused by: org.openqa.selenium.SessionNotCreatedException: session not created: This version of Microsoft Edge WebDriver only supports Microsoft Edge version 130
Current browser version is 132.0.2957.140 with binary path C:\Program Files (x86)\Microsoft\Edge\Application\msedge.exe
Build info: version: &amp;apos;3.141.59&amp;apos;, revision: &amp;apos;e82be7d358&amp;apos;, time: &amp;apos;2018-11-14T08:25:53&amp;apos;
System info: host: &amp;apos;DL0097&amp;apos;, ip: &amp;apos;10.136.10.15&amp;apos;, os.name: &amp;apos;Windows 10&amp;apos;, os.arch: &amp;apos;amd64&amp;apos;, os.version: &amp;apos;10.0&amp;apos;, java.version: &amp;apos;1.8.0_282&amp;apos;
Driver info: driver.version: CEdgeDriver
remote stacktrace: 	GetHandleVerifier [0x00BDA2F3+37491]
	Microsoft::Applications::Events::time_ticks_t::time_ticks_t [0x00A7CB76+734246]
	Microsoft::Applications::Events::ILogConfiguration::operator* [0x0085471A+3482]
	Microsoft::Applications::Events::GUID_t::GUID_t [0x0087DBFA+65914]
	Microsoft::Applications::Events::GUID_t::GUID_t [0x0087D194+63252]
	Microsoft::Applications::Events::GUID_t::GUID_t [0x0087A37B+51451]
	Microsoft::Applications::Events::GUID_t::GUID_t [0x008760C8+34376]
	Microsoft::Applications::Events::GUID_t::GUID_t [0x008A79F7+237431]
	Microsoft::Applications::Events::GUID_t::GUID_t [0x008A722C+235436]
	Microsoft::Applications::Events::GUID_t::GUID_t [0x0089E0C6+198214]
	Microsoft::Applications::Events::GUID_t::GUID_t [0x00880B2F+77999]
	Microsoft::Applications::Events::GUID_t::GUID_t [0x0087FB99+74009]
	Microsoft::Applications::Events::GUID_t::GUID_t [0x0088057D+76541]
	GetHandleVerifier [0x00C5203C+528316]
	Microsoft::Applications::Events::FromJSON [0x00DA5B8C+660764]
	Microsoft::Applications::Events::FromJSON [0x00DA5498+658984]
	Microsoft::Applications::Events::FromJSON [0x00D96354+597220]
	Microsoft::Applications::Events::FromJSON [0x00DA6307+662679]
	Microsoft::Applications::Events::time_ticks_t::time_ticks_t [0x00A92A0D+823997]
	Microsoft::Applications::Events::time_ticks_t::time_ticks_t [0x00A85C78+771368]
	Microsoft::Applications::Events::time_ticks_t::time_ticks_t [0x00A85E5A+771850]
	Microsoft::Applications::Events::time_ticks_t::time_ticks_t [0x00A6E885+676149]
	BaseThreadInitThunk [0x76987BA9+25]
	RtlInitializeExceptionChain [0x7768C0CB+107]
	RtlClearBits [0x7768C04F+191]

	at org.openqa.selenium.remote.W3CHandshakeResponse.lambda$errorHandler$0(W3CHandshakeResponse.java:62)
	at org.openqa.selenium.remote.HandshakeResponse.lambda$getResponseFunction$0(HandshakeResponse.java:30)
	at org.openqa.selenium.remote.ProtocolHandshake.lambda$createSession$0(ProtocolHandshake.java:126)
	at org.openqa.selenium.remote.ProtocolHandshake.createSession(ProtocolHandshake.java:128)
	at org.openqa.selenium.remote.ProtocolHandshake.createSession(ProtocolHandshake.java:74)
	at org.openqa.selenium.remote.HttpCommandExecutor.execute(HttpCommandExecutor.java:136)
	at org.openqa.selenium.remote.service.DriverCommandExecutor.execute(DriverCommandExecutor.java:83)
	at org.openqa.selenium.remote.RemoteWebDriver.execute(RemoteWebDriver.java:552)
	at com.kms.katalon.selenium.driver.CEdgeDriver.execute(CEdgeDriver.java:20)
	at org.openqa.selenium.remote.RemoteWebDriver.startSession(RemoteWebDriver.java:213)
	at org.openqa.selenium.remote.RemoteWebDriver.&amp;lt;init&amp;gt;(RemoteWebDriver.java:131)
	at org.openqa.selenium.edge.EdgeDriver.&amp;lt;init&amp;gt;(EdgeDriver.java:154)
	at com.kms.katalon.selenium.driver.CEdgeDriver.&amp;lt;init&amp;gt;(CEdgeDriver.java:14)
	at com.kms.katalon.core.webui.driver.DriverFactory.createNewEdgeChromiumDriver(DriverFactory.java:674)
	at com.kms.katalon.core.webui.driver.DriverFactory.startNewBrowser(DriverFactory.java:389)
	at com.kms.katalon.core.webui.driver.DriverFactory.openWebDriver(DriverFactory.java:263)
	at com.kms.katalon.core.webui.keyword.builtin.OpenBrowserKeyword$_openBrowser_closure1.doCall(OpenBrowserKeyword.groovy:74)
	at com.kms.katalon.core.webui.keyword.builtin.OpenBrowserKeyword$_openBrowser_closure1.call(OpenBrowserKeyword.groovy)
	at com.kms.katalon.core.webui.keyword.internal.WebUIKeywordMain.runKeyword(WebUIKeywordMain.groovy:20)
	... 35 more
</message>
  <exception>
    <message>com.kms.katalon.core.exception.StepFailedException: Call Test Case 'Test Cases/Registro_Envíos/1.Inicio/1.Principal/Principal-Home' failed</message>
    <frame>
      <class>com.kms.katalon.core.keyword.builtin.CallTestCaseKeyword$_callTestCase_closure1</class>
      <method>doCall</method>
      <line>63</line>
    </frame>
    <frame>
      <class>com.kms.katalon.core.keyword.builtin.CallTestCaseKeyword$_callTestCase_closure1</class>
      <method>call</method>
    </frame>
    <frame>
      <class>com.kms.katalon.core.keyword.internal.KeywordMain</class>
      <method>runKeyword</method>
      <line>75</line>
    </frame>
    <frame>
      <class>com.kms.katalon.core.keyword.builtin.CallTestCaseKeyword</class>
      <method>callTestCase</method>
      <line>81</line>
    </frame>
    <frame>
      <class>com.kms.katalon.core.keyword.builtin.CallTestCaseKeyword</class>
      <method>execute</method>
      <line>44</line>
    </frame>
    <frame>
      <class>com.kms.katalon.core.keyword.internal.KeywordExecutor</class>
      <method>executeKeywordForPlatform</method>
      <line>74</line>
    </frame>
    <frame>
      <class>com.kms.katalon.core.keyword.BuiltinKeywords</class>
      <method>callTestCase</method>
      <line>310</line>
    </frame>
    <frame>
      <class>1.Destin_Lima</class>
      <method>run</method>
      <line>20</line>
    </frame>
    <frame>
      <class>com.kms.katalon.core.main.ScriptEngine</class>
      <method>run</method>
      <line>194</line>
    </frame>
    <frame>
      <class>com.kms.katalon.core.main.ScriptEngine</class>
      <method>runScriptAsRawText</method>
      <line>119</line>
    </frame>
    <frame>
      <class>com.kms.katalon.core.main.TestCaseExecutor</class>
      <method>runScript</method>
      <line>448</line>
    </frame>
    <frame>
      <class>com.kms.katalon.core.main.TestCaseExecutor</class>
      <method>doExecute</method>
      <line>439</line>
    </frame>
    <frame>
      <class>com.kms.katalon.core.main.TestCaseExecutor</class>
      <method>processExecutionPhase</method>
      <line>418</line>
    </frame>
    <frame>
      <class>com.kms.katalon.core.main.TestCaseExecutor</class>
      <method>accessMainPhase</method>
      <line>410</line>
    </frame>
    <frame>
      <class>com.kms.katalon.core.main.TestCaseExecutor</class>
      <method>execute</method>
      <line>285</line>
    </frame>
    <frame>
      <class>com.kms.katalon.core.common.CommonExecutor</class>
      <method>accessTestCaseMainPhase</method>
      <line>65</line>
    </frame>
    <frame>
      <class>com.kms.katalon.core.main.TestSuiteExecutor</class>
      <method>accessTestSuiteMainPhase</method>
      <line>148</line>
    </frame>
    <frame>
      <class>com.kms.katalon.core.main.TestSuiteExecutor</class>
      <method>execute</method>
      <line>106</line>
    </frame>
    <frame>
      <class>com.kms.katalon.core.main.TestCaseMain</class>
      <method>startTestSuite</method>
      <line>187</line>
    </frame>
    <frame>
      <class>com.kms.katalon.core.main.TestCaseMain$startTestSuite$0</class>
      <method>call</method>
    </frame>
    <frame>
      <class>TempTestSuite1738842962897</class>
      <method>run</method>
      <line>35</line>
    </frame>
  </exception>
  <nestedLevel>0</nestedLevel>
  <escapedJava>false</escapedJava>
  <property name="failed.exception.stacktrace">org.openqa.selenium.SessionNotCreatedException: session not created: This version of Microsoft Edge WebDriver only supports Microsoft Edge version 130
Current browser version is 132.0.2957.140 with binary path C:\Program Files (x86)\Microsoft\Edge\Application\msedge.exe
Build info: version: &apos;3.141.59&apos;, revision: &apos;e82be7d358&apos;, time: &apos;2018-11-14T08:25:53&apos;
System info: host: &apos;DL0097&apos;, ip: &apos;10.136.10.15&apos;, os.name: &apos;Windows 10&apos;, os.arch: &apos;amd64&apos;, os.version: &apos;10.0&apos;, java.version: &apos;1.8.0_282&apos;
Driver info: driver.version: CEdgeDriver
remote stacktrace: 	GetHandleVerifier [0x00BDA2F3+37491]
	Microsoft::Applications::Events::time_ticks_t::time_ticks_t [0x00A7CB76+734246]
	Microsoft::Applications::Events::ILogConfiguration::operator* [0x0085471A+3482]
	Microsoft::Applications::Events::GUID_t::GUID_t [0x0087DBFA+65914]
	Microsoft::Applications::Events::GUID_t::GUID_t [0x0087D194+63252]
	Microsoft::Applications::Events::GUID_t::GUID_t [0x0087A37B+51451]
	Microsoft::Applications::Events::GUID_t::GUID_t [0x008760C8+34376]
	Microsoft::Applications::Events::GUID_t::GUID_t [0x008A79F7+237431]
	Microsoft::Applications::Events::GUID_t::GUID_t [0x008A722C+235436]
	Microsoft::Applications::Events::GUID_t::GUID_t [0x0089E0C6+198214]
	Microsoft::Applications::Events::GUID_t::GUID_t [0x00880B2F+77999]
	Microsoft::Applications::Events::GUID_t::GUID_t [0x0087FB99+74009]
	Microsoft::Applications::Events::GUID_t::GUID_t [0x0088057D+76541]
	GetHandleVerifier [0x00C5203C+528316]
	Microsoft::Applications::Events::FromJSON [0x00DA5B8C+660764]
	Microsoft::Applications::Events::FromJSON [0x00DA5498+658984]
	Microsoft::Applications::Events::FromJSON [0x00D96354+597220]
	Microsoft::Applications::Events::FromJSON [0x00DA6307+662679]
	Microsoft::Applications::Events::time_ticks_t::time_ticks_t [0x00A92A0D+823997]
	Microsoft::Applications::Events::time_ticks_t::time_ticks_t [0x00A85C78+771368]
	Microsoft::Applications::Events::time_ticks_t::time_ticks_t [0x00A85E5A+771850]
	Microsoft::Applications::Events::time_ticks_t::time_ticks_t [0x00A6E885+676149]
	BaseThreadInitThunk [0x76987BA9+25]
	RtlInitializeExceptionChain [0x7768C0CB+107]
	RtlClearBits [0x7768C04F+191]

	at org.openqa.selenium.remote.W3CHandshakeResponse.lambda$errorHandler$0(W3CHandshakeResponse.java:62)
	at org.openqa.selenium.remote.HandshakeResponse.lambda$getResponseFunction$0(HandshakeResponse.java:30)
	at org.openqa.selenium.remote.ProtocolHandshake.lambda$createSession$0(ProtocolHandshake.java:126)
	at org.openqa.selenium.remote.ProtocolHandshake.createSession(ProtocolHandshake.java:128)
	at org.openqa.selenium.remote.ProtocolHandshake.createSession(ProtocolHandshake.java:74)
	at org.openqa.selenium.remote.HttpCommandExecutor.execute(HttpCommandExecutor.java:136)
	at org.openqa.selenium.remote.service.DriverCommandExecutor.execute(DriverCommandExecutor.java:83)
	at org.openqa.selenium.remote.RemoteWebDriver.execute(RemoteWebDriver.java:552)
	at com.kms.katalon.selenium.driver.CEdgeDriver.execute(CEdgeDriver.java:20)
	at org.openqa.selenium.remote.RemoteWebDriver.startSession(RemoteWebDriver.java:213)
	at org.openqa.selenium.remote.RemoteWebDriver.&lt;init&gt;(RemoteWebDriver.java:131)
	at org.openqa.selenium.edge.EdgeDriver.&lt;init&gt;(EdgeDriver.java:154)
	at com.kms.katalon.selenium.driver.CEdgeDriver.&lt;init&gt;(CEdgeDriver.java:14)
	at com.kms.katalon.core.webui.driver.DriverFactory.createNewEdgeChromiumDriver(DriverFactory.java:674)
	at com.kms.katalon.core.webui.driver.DriverFactory.startNewBrowser(DriverFactory.java:389)
	at com.kms.katalon.core.webui.driver.DriverFactory.openWebDriver(DriverFactory.java:263)
	at com.kms.katalon.core.webui.keyword.builtin.OpenBrowserKeyword$_openBrowser_closure1.doCall(OpenBrowserKeyword.groovy:74)
	at com.kms.katalon.core.webui.keyword.builtin.OpenBrowserKeyword$_openBrowser_closure1.call(OpenBrowserKeyword.groovy)
	at com.kms.katalon.core.webui.keyword.internal.WebUIKeywordMain.runKeyword(WebUIKeywordMain.groovy:20)
	at com.kms.katalon.core.webui.keyword.builtin.OpenBrowserKeyword.openBrowser(OpenBrowserKeyword.groovy:81)
	at com.kms.katalon.core.webui.keyword.builtin.OpenBrowserKeyword.execute(OpenBrowserKeyword.groovy:67)
	at com.kms.katalon.core.keyword.internal.KeywordExecutor.executeKeywordForPlatform(KeywordExecutor.groovy:74)
	at com.kms.katalon.core.webui.keyword.WebUiBuiltInKeywords.openBrowser(WebUiBuiltInKeywords.groovy:64)
	at com.kms.katalon.core.webui.keyword.WebUiBuiltInKeywords$openBrowser.call(Unknown Source)
	at Principal-Home.run(Principal-Home:20)
	at com.kms.katalon.core.main.ScriptEngine.run(ScriptEngine.java:194)
	at com.kms.katalon.core.main.ScriptEngine.runScriptAsRawText(ScriptEngine.java:119)
	at com.kms.katalon.core.main.TestCaseExecutor.runScript(TestCaseExecutor.java:448)
	at com.kms.katalon.core.main.TestCaseExecutor.doExecute(TestCaseExecutor.java:439)
	at com.kms.katalon.core.main.TestCaseExecutor.processExecutionPhase(TestCaseExecutor.java:418)
	at com.kms.katalon.core.main.TestCaseExecutor.accessMainPhase(TestCaseExecutor.java:410)
	at com.kms.katalon.core.main.TestCaseExecutor.execute(TestCaseExecutor.java:285)
	at com.kms.katalon.core.main.TestCaseMain.runTestCase(TestCaseMain.java:144)
	at com.kms.katalon.core.keyword.builtin.CallTestCaseKeyword$_callTestCase_closure1.doCall(CallTestCaseKeyword.groovy:59)
	at com.kms.katalon.core.keyword.builtin.CallTestCaseKeyword$_callTestCase_closure1.call(CallTestCaseKeyword.groovy)
	at com.kms.katalon.core.keyword.internal.KeywordMain.runKeyword(KeywordMain.groovy:75)
	at com.kms.katalon.core.keyword.builtin.CallTestCaseKeyword.callTestCase(CallTestCaseKeyword.groovy:81)
	at com.kms.katalon.core.keyword.builtin.CallTestCaseKeyword.execute(CallTestCaseKeyword.groovy:44)
	at com.kms.katalon.core.keyword.internal.KeywordExecutor.executeKeywordForPlatform(KeywordExecutor.groovy:74)
	at com.kms.katalon.core.keyword.BuiltinKeywords.callTestCase(BuiltinKeywords.groovy:310)
	at 1.Destin_Lima.run(1.Destin_Lima:20)
	at com.kms.katalon.core.main.ScriptEngine.run(ScriptEngine.java:194)
	at com.kms.katalon.core.main.ScriptEngine.runScriptAsRawText(ScriptEngine.java:119)
	at com.kms.katalon.core.main.TestCaseExecutor.runScript(TestCaseExecutor.java:448)
	at com.kms.katalon.core.main.TestCaseExecutor.doExecute(TestCaseExecutor.java:439)
	at com.kms.katalon.core.main.TestCaseExecutor.processExecutionPhase(TestCaseExecutor.java:418)
	at com.kms.katalon.core.main.TestCaseExecutor.accessMainPhase(TestCaseExecutor.java:410)
	at com.kms.katalon.core.main.TestCaseExecutor.execute(TestCaseExecutor.java:285)
	at com.kms.katalon.core.common.CommonExecutor.accessTestCaseMainPhase(CommonExecutor.java:65)
	at com.kms.katalon.core.main.TestSuiteExecutor.accessTestSuiteMainPhase(TestSuiteExecutor.java:148)
	at com.kms.katalon.core.main.TestSuiteExecutor.execute(TestSuiteExecutor.java:106)
	at com.kms.katalon.core.main.TestCaseMain.startTestSuite(TestCaseMain.java:187)
	at com.kms.katalon.core.main.TestCaseMain$startTestSuite$0.call(Unknown Source)
	at TempTestSuite1738842962897.run(TempTestSuite1738842962897.groovy:35)
</property>
  <property name="failed.exception.class">org.openqa.selenium.SessionNotCreatedException</property>
  <property name="failed.exception.message">session not created: This version of Microsoft Edge WebDriver only supports Microsoft Edge version 130
Current browser version is 132.0.2957.140 with binary path C:\Program Files (x86)\Microsoft\Edge\Application\msedge.exe
Build info: version: &apos;3.141.59&apos;, revision: &apos;e82be7d358&apos;, time: &apos;2018-11-14T08:25:53&apos;
System info: host: &apos;DL0097&apos;, ip: &apos;10.136.10.15&apos;, os.name: &apos;Windows 10&apos;, os.arch: &apos;amd64&apos;, os.version: &apos;10.0&apos;, java.version: &apos;1.8.0_282&apos;
Driver info: driver.version: CEdgeDriver
remote stacktrace: 	GetHandleVerifier [0x00BDA2F3+37491]
	Microsoft::Applications::Events::time_ticks_t::time_ticks_t [0x00A7CB76+734246]
	Microsoft::Applications::Events::ILogConfiguration::operator* [0x0085471A+3482]
	Microsoft::Applications::Events::GUID_t::GUID_t [0x0087DBFA+65914]
	Microsoft::Applications::Events::GUID_t::GUID_t [0x0087D194+63252]
	Microsoft::Applications::Events::GUID_t::GUID_t [0x0087A37B+51451]
	Microsoft::Applications::Events::GUID_t::GUID_t [0x008760C8+34376]
	Microsoft::Applications::Events::GUID_t::GUID_t [0x008A79F7+237431]
	Microsoft::Applications::Events::GUID_t::GUID_t [0x008A722C+235436]
	Microsoft::Applications::Events::GUID_t::GUID_t [0x0089E0C6+198214]
	Microsoft::Applications::Events::GUID_t::GUID_t [0x00880B2F+77999]
	Microsoft::Applications::Events::GUID_t::GUID_t [0x0087FB99+74009]
	Microsoft::Applications::Events::GUID_t::GUID_t [0x0088057D+76541]
	GetHandleVerifier [0x00C5203C+528316]
	Microsoft::Applications::Events::FromJSON [0x00DA5B8C+660764]
	Microsoft::Applications::Events::FromJSON [0x00DA5498+658984]
	Microsoft::Applications::Events::FromJSON [0x00D96354+597220]
	Microsoft::Applications::Events::FromJSON [0x00DA6307+662679]
	Microsoft::Applications::Events::time_ticks_t::time_ticks_t [0x00A92A0D+823997]
	Microsoft::Applications::Events::time_ticks_t::time_ticks_t [0x00A85C78+771368]
	Microsoft::Applications::Events::time_ticks_t::time_ticks_t [0x00A85E5A+771850]
	Microsoft::Applications::Events::time_ticks_t::time_ticks_t [0x00A6E885+676149]
	BaseThreadInitThunk [0x76987BA9+25]
	RtlInitializeExceptionChain [0x7768C0CB+107]
	RtlClearBits [0x7768C04F+191]
</property>
</record>
<record>
  <date>2025-02-06T06:56:17</date>
  <millis>1738842977647</millis>
  <sequence>238</sequence>
  <level>END</level>
  <class>com.kms.katalon.core.logging.XmlKeywordLogger</class>
  <method>endTest</method>
  <thread>1</thread>
  <message>End Test Case : Test Cases/Registro_Envíos/3. Positivas/1. Paquetes/Origen Lima/2.Girley/Geo sin seleccionar/1.Destin_Lima</message>
  <nestedLevel>0</nestedLevel>
  <escapedJava>false</escapedJava>
  <property name="executionBindingVariables">[]</property>
  <property name="applitools">false</property>
  <property name="keywordsUsage">{
  &quot;web_ui&quot;: true,
  &quot;web_service&quot;: false,
  &quot;cucumber&quot;: false,
  &quot;builtin&quot;: true,
  &quot;mobile&quot;: false,
  &quot;windows&quot;: false,
  &quot;testng&quot;: false
}</property>
</record>
<record>
  <date>2025-02-06T06:56:17</date>
  <millis>1738842977647</millis>
  <sequence>239</sequence>
  <level>START</level>
  <class>com.kms.katalon.core.logging.XmlKeywordLogger</class>
  <method>startTest</method>
  <thread>1</thread>
  <message>Start Test Case : Test Cases/Registro_Envíos/3. Positivas/1. Paquetes/Origen Lima/2.Girley/7. Limpiar y digitar dirección distinta a destino</message>
  <nestedLevel>1</nestedLevel>
  <escapedJava>false</escapedJava>
  <property name="name">Test Cases/Registro_Envíos/3. Positivas/1. Paquetes/Origen Lima/2.Girley/7. Limpiar y digitar dirección distinta a destino</property>
  <property name="description"></property>
  <property name="iteration"></property>
  <property name="id">Test Cases/Registro_Envíos/3. Positivas/1. Paquetes/Origen Lima/2.Girley/7. Limpiar y digitar dirección distinta a destino</property>
  <property name="source">F:\Git\RegistroEnvios\Test Cases\Registro_Envíos\3. Positivas\1. Paquetes\Origen Lima\2.Girley\7. Limpiar y digitar dirección distinta a destino.tc</property>
  <property name="tag"></property>
  <property name="isOptional">false</property>
</record>
<record>
  <date>2025-02-06T06:56:17</date>
  <millis>1738842977823</millis>
  <sequence>241</sequence>
  <level>START</level>
  <class>com.kms.katalon.core.logging.XmlKeywordLogger</class>
  <method>startKeyword</method>
  <thread>1</thread>
  <message>Start action : callTestCase(findTestCase(&amp;quot;Registro_Envíos/1.Inicio/1.Principal/Principal-Home&amp;quot;), [:], STOP_ON_FAILURE)</message>
  <nestedLevel>1</nestedLevel>
  <escapedJava>false</escapedJava>
  <property name="startLine">20</property>
  <property name="stepIndex">1</property>
</record>
<record>
  <date>2025-02-06T06:56:17</date>
  <millis>1738842977894</millis>
  <sequence>244</sequence>
  <level>START</level>
  <class>com.kms.katalon.core.logging.XmlKeywordLogger</class>
  <method>startTest</method>
  <thread>1</thread>
  <message>Start Test Case : Test Cases/Registro_Envíos/1.Inicio/1.Principal/Principal-Home</message>
  <nestedLevel>2</nestedLevel>
  <escapedJava>false</escapedJava>
  <property name="name">Test Cases/Registro_Envíos/1.Inicio/1.Principal/Principal-Home</property>
  <property name="description"></property>
  <property name="iteration"></property>
  <property name="id">Test Cases/Registro_Envíos/1.Inicio/1.Principal/Principal-Home</property>
  <property name="source">F:\Git\RegistroEnvios\Test Cases\Registro_Envíos\1.Inicio\1.Principal\Principal-Home.tc</property>
  <property name="tag"></property>
  <property name="isOptional">false</property>
</record>
<record>
  <date>2025-02-06T06:56:17</date>
  <millis>1738842977894</millis>
  <sequence>246</sequence>
  <level>START</level>
  <class>com.kms.katalon.core.logging.XmlKeywordLogger</class>
  <method>startKeyword</method>
  <thread>1</thread>
  <message>Start action : openBrowser(&amp;quot;&amp;quot;)</message>
  <nestedLevel>1</nestedLevel>
  <escapedJava>false</escapedJava>
  <property name="startLine">20</property>
  <property name="stepIndex">1</property>
</record>
<record>
  <date>2025-02-06T06:56:17</date>
  <millis>1738842977901</millis>
  <sequence>248</sequence>
  <level>INFO</level>
  <class>com.kms.katalon.core.logging.XmlKeywordLogger</class>
  <method>logMessage</method>
  <thread>1</thread>
  <message>Starting &amp;apos;Edge Chromium&amp;apos; driver</message>
  <nestedLevel>2</nestedLevel>
  <escapedJava>false</escapedJava>
</record>
<record>
  <date>2025-02-06T06:56:17</date>
  <millis>1738842977901</millis>
  <sequence>250</sequence>
  <level>INFO</level>
  <class>com.kms.katalon.core.logging.XmlKeywordLogger</class>
  <method>logMessage</method>
  <thread>1</thread>
  <message>Action delay is set to 0 milliseconds</message>
  <nestedLevel>2</nestedLevel>
  <escapedJava>false</escapedJava>
</record>
